id,name,address,lat,lng,category,subCategory,district,popular,iconName,somaliCategory
wda_core_station_waheen_1,Core Station Waheen 1,"Central business transit avenue near Hargeisa Main Bridge, Downtown Waheen, Hargeisa",9.562,44.06964,Transport & Terminals,transit_station,Downtown Waheen,True,Navigation,Istaannada & Gaadiidka
wda_taaj_commercial_branch,TAAJ Commercial Branch,"Opposite Oriental Hotel in downtown trading core, Downtown Waheen, Hargeisa",9.56066,44.06652,Banks & Financial,bank,Downtown Waheen,True,Landmark,Bangiyada & Xawaaladaha
wda_zaad_financial_branch,ZAAD Financial Branch,"Opposite City Center Hotel in central banking lane, Downtown Waheen, Hargeisa",9.56433,44.06821,Banks & Financial,bank,Downtown Waheen,True,Landmark,Bangiyada & Xawaaladaha
wda_khayriya_square_core_station,Khayriya Square Core Station,"Near historic Khayriya Square public assembly grounds, Downtown Waheen, Hargeisa",9.55986,44.06967,Transport & Terminals,transit_station,Downtown Waheen,True,Navigation,Istaannada & Gaadiidka
wda_cadaani_marketplace_node,Cadaani Marketplace Node,"Center of Waheen traditional retail market area, Downtown Waheen, Hargeisa",9.56253,44.06494,Markets & Malls,mall,Downtown Waheen,True,ShoppingBag,Suuqyada & Xarumaha Ganacsiga
wda_somtel_commercial_center,Somtel Commercial Center,"Waheen Commercial Center primary service hub, Downtown Waheen, Hargeisa",9.56384,44.07093,Corporate & Utilities,corporate,Downtown Waheen,True,Building2,Shirkadaha & Isgaadhsiinta
wda_sompower_central_administration,Sompower Central Administration,"Ali Gobannimo Building electricity customer center, Downtown Waheen, Hargeisa",9.55835,44.067,Corporate & Utilities,utility,Downtown Waheen,True,Zap,Korontada & Biyaha
wda_ali_matan_mosque,Ali Matan Mosque,"Famous four-story congregational historical mosque downtown, Downtown Waheen, Hargeisa",9.56568,44.06606,Mosques (Masaajidda),place_of_worship,Downtown Waheen,True,Moon,Masaajidda
wda_jama_mosque_central,Jama Mosque Central,"Main central mosque near central marketplace avenues, Downtown Waheen, Hargeisa",9.56045,44.07229,Mosques (Masaajidda),place_of_worship,Downtown Waheen,True,Moon,Masaajidda
wda_dahabshiil_bank_hq_branch_1,Dahabshiil Bank HQ - Branch 1,"Dahabshiil International Bank Main Corporate Tower, Downtown Waheen, Hargeisa",9.56014,44.06344,Banks & Financial,bank,Downtown Waheen,True,Landmark,Bangiyada & Xawaaladaha
wda_premier_bank_hq_branch_1,Premier Bank HQ - Branch 1,"Premier Bank Corporate Headquarters, opposite Dahabshiil, Downtown Waheen, Hargeisa",9.56673,44.07025,Banks & Financial,bank,Downtown Waheen,True,Landmark,Bangiyada & Xawaaladaha
wda_salaam_somaliland_bank_hq_branch_1,Salaam Somaliland Bank HQ - Branch 1,"Salaam Bank Corporate Headquarters, Main Marketplace corridor, Downtown Waheen, Hargeisa",9.55667,44.0697,Banks & Financial,bank,Downtown Waheen,True,Landmark,Bangiyada & Xawaaladaha
wda_central_bank_of_somaliland,Central Bank of Somaliland,"National Central Bank Complex adjacent to Hargeisa Municipality, Downtown Waheen, Hargeisa",9.56498,44.06278,Banks & Financial,bank,Downtown Waheen,True,Landmark,Bangiyada & Xawaaladaha
wda_waheen_supermarket_branch_1,Waheen Supermarket - Branch 1,"Waheen Central Grocery Supermarket, Market Hub, Downtown Waheen, Hargeisa",9.56335,44.07425,Markets & Malls,mall,Downtown Waheen,True,ShoppingBag,Suuqyada & Xarumaha Ganacsiga
wda_city_center_mall,City Center Mall,"Multi-Story Commercial Shopping Center downtown, Downtown Waheen, Hargeisa",9.55655,44.06411,Markets & Malls,mall,Downtown Waheen,True,ShoppingBag,Suuqyada & Xarumaha Ganacsiga
wda_al_nuor_shopping_center,Al-Nuor Shopping Center,"Al-Nuor Retail Plaza building, opposite Khayriya Square, Downtown Waheen, Hargeisa",9.56897,44.06708,Markets & Malls,mall,Downtown Waheen,True,ShoppingBag,Suuqyada & Xarumaha Ganacsiga
wda_manhal_hospital_branch_2,Manhal Hospital - Branch 2,"Manhal Medical Plaza, Market Street near Ali Matan, Downtown Waheen, Hargeisa",9.55724,44.07373,Hospitals & Healthcare,hospital,Downtown Waheen,True,HeartPulse,Cusbitaallada & Rugaha Caafimaadka
wda_abaarso_tech_university_city_campus,Abaarso Tech University - City Campus,"Abaarso Tech Downtown Academic Center near Oriental Hotel, Downtown Waheen, Hargeisa",9.56168,44.06015,Schools & Universities,university,Downtown Waheen,True,GraduationCap,Jaamacadaha & Kuliyadaha
wda_downtown_central_bus_stop_loop,Downtown Central Bus Stop Loop,"Urban Core Intra-City Mini-Bus Terminal, Khayriya Junction, Downtown Waheen, Hargeisa",9.56772,44.07383,Transport & Terminals,transit_station,Downtown Waheen,True,Navigation,Istaannada & Gaadiidka
wda_hargeisa_municipality_headquarters,Hargeisa Municipality Headquarters,"Local Government Council Main Building, Downtown Waheen, Hargeisa",9.55354,44.0676,Government & Civic,government,Downtown Waheen,True,Landmark,Hay'adaha Dowladda
wda_oriental_hotel_historical_landmark,Oriental Hotel Historical Landmark,"Historical Center Landmark, Main Market Road, Downtown Hargeisa, Downtown Waheen, Hargeisa",9.56878,44.06226,Hotels & Hospitality,hotel,Downtown Waheen,True,Hotel,Huteellada & Maqaayadaha
wda_central_police_station_hq,Central Police Station HQ,"Main Police Command Center, Downtown Crossroad, Downtown Waheen, Hargeisa",9.56077,44.07724,Government & Civic,government,Downtown Waheen,True,Landmark,Hay'adaha Dowladda
wda_core_station_jigjiga_yar,Core Station Jigjiga Yar,"Main neighborhood connection hub near Dhaweeye building zone, Jigjiga Yar, Hargeisa",9.578,44.03706,Transport & Terminals,transit_station,Jigjiga Yar,True,Navigation,Istaannada & Gaadiidka
wda_deero_mall_complex,Deero Mall Complex,"Jigjiga Yar District Main Intersection and retail plaza, Jigjiga Yar, Hargeisa",9.57639,44.03321,Markets & Malls,mall,Jigjiga Yar,True,ShoppingBag,Suuqyada & Xarumaha Ganacsiga
wda_guryo_same_mall_center,Guryo-Same Mall Center,"Jigjiga Yar Corporate Commercial Strip and shopping zone, Jigjiga Yar, Hargeisa",9.58074,44.03524,Markets & Malls,mall,Jigjiga Yar,True,ShoppingBag,Suuqyada & Xarumaha Ganacsiga
wda_somtel_jigjiga_yar_office,Somtel Jigjiga Yar Office,"Main Jigjiga Yar Artery customer support center, Jigjiga Yar, Hargeisa",9.57553,44.03692,Corporate & Utilities,corporate,Jigjiga Yar,True,Building2,Shirkadaha & Isgaadhsiinta
wda_sompower_north_ridge_substation,Sompower North Ridge Substation,"Jigjiga Yar electrical grid operation sub-hub, Jigjiga Yar, Hargeisa",9.5786,44.03154,Corporate & Utilities,utility,Jigjiga Yar,True,Zap,Korontada & Biyaha
wda_masjid_al_rawda,Masjid Al-Rawda,"Jigjiga Yar Main Road prominent congregational mosque, Jigjiga Yar, Hargeisa",9.58006,44.03828,Mosques (Masaajidda),place_of_worship,Jigjiga Yar,True,Moon,Masaajidda
wda_jigjiga_yar_masjid,Jigjiga Yar Masjid,"Jigjiga Yar residential area central mosque building, Jigjiga Yar, Hargeisa",9.57395,44.0339,Mosques (Masaajidda),place_of_worship,Jigjiga Yar,True,Moon,Masaajidda
wda_gargaar_hospital_branch_2,Gargaar Hospital - Branch 2,"Gargaar Hospital Emergency Clinic near Deero Mall, Jigjiga Yar, Hargeisa",9.58204,44.03287,Hospitals & Healthcare,hospital,Jigjiga Yar,True,HeartPulse,Cusbitaallada & Rugaha Caafimaadka
wda_haldor_hospital,Haldor Hospital,"Haldor Specialist Medical Center, Jigjiga Yar Main Road, Jigjiga Yar, Hargeisa",9.57632,44.03968,Hospitals & Healthcare,hospital,Jigjiga Yar,True,HeartPulse,Cusbitaallada & Rugaha Caafimaadka
wda_frantz_fanon_university,Frantz Fanon University,"Frantz Fanon Medical University Campus, behind Deero Mall, Jigjiga Yar, Hargeisa",9.57599,44.03006,Schools & Universities,university,Jigjiga Yar,True,GraduationCap,Jaamacadaha & Kuliyadaha
wda_dahabshiil_bank_branch_2,Dahabshiil Bank - Branch 2,"Dahabshiil Commercial Branch near Guryo-Same Mall, Jigjiga Yar, Hargeisa",9.5831,44.03742,Banks & Financial,bank,Jigjiga Yar,True,Landmark,Bangiyada & Xawaaladaha
wda_salaam_somaliland_bank_branch_3,Salaam Somaliland Bank - Branch 3,"Salaam Bank Sub-Branch Office, retail storefront strip, Jigjiga Yar, Hargeisa",9.57228,44.03682,Banks & Financial,bank,Jigjiga Yar,True,Landmark,Bangiyada & Xawaaladaha
wda_waheen_supermarket_branch_2,Waheen Supermarket - Branch 2,"Waheen Express Grocery Branch, Maansoor Hotel Ridge road, Jigjiga Yar, Hargeisa",9.58118,44.02943,Markets & Malls,mall,Jigjiga Yar,True,ShoppingBag,Suuqyada & Xarumaha Ganacsiga
wda_jigjiga_yar_local_bus_loop_terminal,Jigjiga Yar Local Bus Loop Terminal,"Intra-city route turnaround point, adjacent to Deero Mall, Jigjiga Yar, Hargeisa",9.57944,44.04165,Transport & Terminals,transit_station,Jigjiga Yar,True,Navigation,Istaannada & Gaadiidka
wda_hass_petroleum_jigjiga_yar,Hass Petroleum Jigjiga Yar,"Jigjiga Yar District Main Fuel Hub and petrol stop, Jigjiga Yar, Hargeisa",9.57221,44.03088,Fuel Stations (Kaalmaha Shidaalka),fuel,Jigjiga Yar,True,Fuel,Kaalmaha Shidaalka
wda_national_fuel_station_2,National Fuel Station 2,"Jigjiga Yar Road 1 Patrol Station and pooling point, Jigjiga Yar, Hargeisa",9.58537,44.03403,Fuel Stations (Kaalmaha Shidaalka),fuel,Jigjiga Yar,True,Fuel,Kaalmaha Shidaalka
wda_admas_university_jigjiga_yar_annex,Admas University - Jigjiga Yar Annex,"Admas Postgraduate Center near Guryo-Same Mall, Jigjiga Yar, Hargeisa",9.57298,44.04104,Schools & Universities,university,Jigjiga Yar,True,GraduationCap,Jaamacadaha & Kuliyadaha
wda_blue_sky_academy,Blue Sky Academy,"Blue Sky Private Academy, western residential ridge zone, Jigjiga Yar, Hargeisa",9.57766,44.02674,Schools & Universities,school,Jigjiga Yar,True,GraduationCap,Dugsiyada & Waxbarashada
wda_jigjiga_yar_shopping_center,Jigjiga Yar Shopping Center,"Local community grocery and dry goods storefront cluster, Jigjiga Yar, Hargeisa",9.58401,44.04112,Markets & Malls,mall,Jigjiga Yar,True,ShoppingBag,Suuqyada & Xarumaha Ganacsiga
wda_maansoor_hotel_conference_grounds,Maansoor Hotel & Conference Grounds,"Grand premier hotel and conference resort on northern ridge, Jigjiga Yar, Hargeisa",9.56914,44.03458,Hotels & Hospitality,hotel,Jigjiga Yar,True,Hotel,Huteellada & Maqaayadaha
wda_somgas_hub_jigjiga_yar,SomGas Hub Jigjiga Yar,"Jigjiga Yar Main Line cooking gas and fuel station, Jigjiga Yar, Hargeisa",9.58509,44.029,Fuel Stations (Kaalmaha Shidaalka),fuel,Jigjiga Yar,True,Fuel,Kaalmaha Shidaalka
wda_xero_awr_core_station,Xero Awr Core Station,"Ahmed Dhagah Primary School Area primary collection hub, Ahmed Dhagax, Hargeisa",9.555,44.05247,Transport & Terminals,transit_station,Ahmed Dhagax,True,Navigation,Istaannada & Gaadiidka
wda_district_core_station_ahmed_dhagax,District Core Station Ahmed Dhagax,"Edna Adan Hospital Building tracking station axis, Ahmed Dhagax, Hargeisa",9.55311,44.04791,Transport & Terminals,transit_station,Ahmed Dhagax,True,Navigation,Istaannada & Gaadiidka
wda_isha_boorama_west_gate_node,Isha Boorama West Gate Node,"Gargaar Fuel Station Area outbound transport platform, Ahmed Dhagax, Hargeisa",9.55814,44.05028,Transport & Terminals,transit_station,Ahmed Dhagax,True,Navigation,Istaannada & Gaadiidka
wda_somtel_west_side_office,Somtel West Side Office,"Ahmed Dhagax District Service Branch operations, Ahmed Dhagax, Hargeisa",9.55221,44.05217,Corporate & Utilities,corporate,Ahmed Dhagax,True,Building2,Shirkadaha & Isgaadhsiinta
wda_sompower_west_sector_distribution,Sompower West Sector Distribution,"Xero Awr Regional Substation power network base, Ahmed Dhagax, Hargeisa",9.55567,44.04613,Corporate & Utilities,utility,Ahmed Dhagax,True,Zap,Korontada & Biyaha
wda_masjidka_xero_awr,Masjidka Xero Awr,"Ahmed Dhagax District, adjacent to the local primary school, Ahmed Dhagax, Hargeisa",9.55727,44.05362,Mosques (Masaajidda),place_of_worship,Ahmed Dhagax,True,Moon,Masaajidda
wda_masjid_sh_madar,Masjid Sh. Madar,"Historical mosque grounds located in southern Ahmed Dhagax, Ahmed Dhagax, Hargeisa",9.55056,44.04879,Mosques (Masaajidda),place_of_worship,Ahmed Dhagax,True,Moon,Masaajidda
wda_edna_adan_university_hospital,Edna Adan University Hospital,"Edna Adan Hospital Core Grounds, primary maternity center, Ahmed Dhagax, Hargeisa",9.5594,44.04768,Hospitals & Healthcare,hospital,Ahmed Dhagax,True,HeartPulse,Cusbitaallada & Rugaha Caafimaadka
wda_darul_shifa_hospital,Darul Shifa Hospital,"Darul Shifa Private Hospital near Xero Awr Road, Ahmed Dhagax, Hargeisa",9.55318,44.05506,Hospitals & Healthcare,hospital,Ahmed Dhagax,True,HeartPulse,Cusbitaallada & Rugaha Caafimaadka
wda_eelo_university_hargeisa,Eelo University Hargeisa,"Eelo Engineering and Technical Campus, Isha Boorama road, Ahmed Dhagax, Hargeisa",9.55283,44.04468,Schools & Universities,university,Ahmed Dhagax,True,GraduationCap,Jaamacadaha & Kuliyadaha
wda_ahmed_dhagah_primary_school,Ahmed Dhagah Primary School,"Ahmed Dhagah Core Public Primary School Facility, Ahmed Dhagax, Hargeisa",9.56047,44.05259,Schools & Universities,school,Ahmed Dhagax,True,GraduationCap,Dugsiyada & Waxbarashada
wda_boorama_regional_bus_terminal,Boorama Regional Bus Terminal,"Main Long-Distance Western Transport Terminal, Isha Boorama, Ahmed Dhagax, Hargeisa",9.5489,44.05194,Transport & Terminals,transit_station,Ahmed Dhagax,True,Navigation,Istaannada & Gaadiidka
wda_shiine_fuel_station,Shiine Fuel Station,"Xero Awr / Hero Awr Road Petrol Station landmark, Ahmed Dhagax, Hargeisa",9.55839,44.04407,Fuel Stations (Kaalmaha Shidaalka),fuel,Ahmed Dhagax,True,Fuel,Kaalmaha Shidaalka
wda_boqol_jire_fuel_station,Boqol Jire Fuel Station,"West Side Highway Patrol Station tracking node, Ahmed Dhagax, Hargeisa",9.55653,44.05705,Fuel Stations (Kaalmaha Shidaalka),fuel,Ahmed Dhagax,True,Fuel,Kaalmaha Shidaalka
wda_isgoyska_xero_awr_iyo_edna,Isgoyska Xero Awr iyo Edna,"Main corridor intermediate connector junction between school and hospital, Ahmed Dhagax, Hargeisa",9.54888,44.04564,Transport & Terminals,transit_station,Ahmed Dhagax,True,Navigation,Istaannada & Gaadiidka
wda_masjidka_reer_sheekh,Masjidka Reer Sheekh,"Corridor community mosque providing midway pooling overlap, Ahmed Dhagax, Hargeisa",9.56277,44.04898,Mosques (Masaajidda),place_of_worship,Ahmed Dhagax,True,Moon,Masaajidda
wda_suuqa_khdaarta_ee_ahmed_dhagax,Suuqa Khdaarta ee Ahmed Dhagax,"Local neighborhood market strip sitting along the connector corridor, Ahmed Dhagax, Hargeisa",9.54972,44.05636,Markets & Malls,mall,Ahmed Dhagax,True,ShoppingBag,Suuqyada & Xarumaha Ganacsiga
wda_dahabshiil_bank_ahmed_dhagax_branch,Dahabshiil Bank - Ahmed Dhagax Branch,"Retail banking and remittance branch on the western artery, Ahmed Dhagax, Hargeisa",9.55465,44.04133,Banks & Financial,bank,Ahmed Dhagax,True,Landmark,Bangiyada & Xawaaladaha
wda_daloodho_150_strip_core,Daloodho 150 Strip Core,"150 Highway road center tracking terminal, 150 Highway, Hargeisa",9.5815,44.05488,Transport & Terminals,transit_station,150 Highway,True,Navigation,Istaannada & Gaadiidka
wda_iman_center_150_node,Iman Center 150 Node,"150 fuel station Area central pooling node, 150 Highway, Hargeisa",9.57934,44.04961,Transport & Terminals,transit_station,150 Highway,True,Navigation,Istaannada & Gaadiidka
wda_somtel_150_highway_terminal,Somtel 150 Highway Terminal,"150 Road Commercial Strip customer service office, 150 Highway, Hargeisa",9.58504,44.05232,Corporate & Utilities,corporate,150 Highway,True,Building2,Shirkadaha & Isgaadhsiinta
wda_manhal_hospital_branch_1,Manhal Hospital - Branch 1,"Manhal Main Specialist Center near 150 Highway, 150 Highway, Hargeisa",9.57839,44.05442,Hospitals & Healthcare,hospital,150 Highway,True,HeartPulse,Cusbitaallada & Rugaha Caafimaadka
wda_somali_german_hospital,Somali German Hospital,"150 Highway medical emergency specialized wing, 150 Highway, Hargeisa",9.58225,44.04773,Hospitals & Healthcare,hospital,150 Highway,True,HeartPulse,Cusbitaallada & Rugaha Caafimaadka
wda_hass_petroleum_150_highway,Hass Petroleum 150 Highway,"Major 24/7 service station and convenience mart on 150 corridor, 150 Highway, Hargeisa",9.58399,44.05597,Fuel Stations (Kaalmaha Shidaalka),fuel,150 Highway,True,Fuel,Kaalmaha Shidaalka
wda_national_fuel_station_1,National Fuel Station 1,"150 Highway East Bound petrol and diesel hub, 150 Highway, Hargeisa",9.57667,44.05068,Fuel Stations (Kaalmaha Shidaalka),fuel,150 Highway,True,Fuel,Kaalmaha Shidaalka
wda_red_sea_petroleum_150,Red Sea Petroleum 150,"150 Highway central line petrol station, 150 Highway, Hargeisa",9.58626,44.04949,Fuel Stations (Kaalmaha Shidaalka),fuel,150 Highway,True,Fuel,Kaalmaha Shidaalka
wda_mubarak_fuel_station,Mubarak Fuel Station,"150 Highway eastern exit fueling and maintenance station, 150 Highway, Hargeisa",9.57954,44.05745,Fuel Stations (Kaalmaha Shidaalka),fuel,150 Highway,True,Fuel,Kaalmaha Shidaalka
wda_ilays_primary_secondary_school,Ilays Primary & Secondary School,"Modern private schooling facility on the 150 Highway corridor, 150 Highway, Hargeisa",9.57918,44.0463,Schools & Universities,school,150 Highway,True,GraduationCap,Dugsiyada & Waxbarashada
wda_150_highway_central_interchange,150 Highway Central Interchange,"Key junction connecting 150 Highway with northern arteries, 150 Highway, Hargeisa",9.58733,44.05477,Transport & Terminals,transit_station,150 Highway,True,Navigation,Istaannada & Gaadiidka
wda_masjidka_al_huda_150,Masjidka Al-Huda 150,"Large highway congregational mosque with spacious parking, 150 Highway, Hargeisa",9.57501,44.05406,Mosques (Masaajidda),place_of_worship,150 Highway,True,Moon,Masaajidda
wda_hargeisa_group_hospital,Hargeisa Group Hospital,"Main Public Referral Hospital, Sha'ab Area near Ministry of Health, Shaab / Institutional District, Hargeisa",9.559,44.05992,Hospitals & Healthcare,hospital,Shaab / Institutional District,True,HeartPulse,Cusbitaallada & Rugaha Caafimaadka
wda_admas_university_main_campus,Admas University Main Campus,"Admas Main Campus, Sha'ab Area near Hargeisa Stadium, Shaab / Institutional District, Hargeisa",9.55748,44.05632,Schools & Universities,university,Shaab / Institutional District,True,GraduationCap,Jaamacadaha & Kuliyadaha
wda_the_presidential_palace_madaxtooyad,The Presidential Palace (Madaxtooyada),"State House Security Zone, Presidential Road, Shaab / Institutional District, Hargeisa",9.5616,44.05823,Government & Civic,government,Shaab / Institutional District,True,Landmark,Hay'adaha Dowladda
wda_ministry_of_finance_headquarters,Ministry of Finance Headquarters,"Government Compound, Sha'ab West Entrance, Shaab / Institutional District, Hargeisa",9.55664,44.05983,Government & Civic,government,Shaab / Institutional District,True,Landmark,Hay'adaha Dowladda
wda_somaliland_parliament_house,Somaliland Parliament House,"Legislative Assembly Grounds, Sha'ab Upper District, Shaab / Institutional District, Hargeisa",9.55958,44.05467,Government & Civic,government,Shaab / Institutional District,True,Landmark,Hay'adaha Dowladda
wda_ministry_of_health_somaliland,Ministry of Health Somaliland,"Central Health Ministry Compound opposite Group Hospital, Shaab / Institutional District, Hargeisa",9.56098,44.06116,Government & Civic,government,Shaab / Institutional District,True,Landmark,Hay'adaha Dowladda
wda_ministry_of_education_science,Ministry of Education & Science,"National Education Headquarters, Shaab Civic Avenue, Shaab / Institutional District, Hargeisa",9.55508,44.05693,Government & Civic,government,Shaab / Institutional District,True,Landmark,Hay'adaha Dowladda
wda_hargeisa_national_stadium_complex,Hargeisa National Stadium Complex,"National Sports Stadium and Youth Pavilion, Sha'ab Border, Shaab / Institutional District, Hargeisa",9.56292,44.05594,Government & Civic,government,Shaab / Institutional District,True,Landmark,Hay'adaha Dowladda
wda_sompower_sha_ab_regional_station,Sompower Sha'ab Regional Station,"Sha'ab Institutional Area primary electrical control center, Shaab / Institutional District, Hargeisa",9.55736,44.06255,Corporate & Utilities,utility,Shaab / Institutional District,True,Zap,Korontada & Biyaha
wda_somtel_madaxtooyada_branch,Somtel Madaxtooyada Branch,"Presidential Road customer service center, Shaab / Institutional District, Hargeisa",9.55704,44.05319,Corporate & Utilities,corporate,Shaab / Institutional District,True,Building2,Shirkadaha & Isgaadhsiinta
wda_imperial_hotel_sha_ab,Imperial Hotel Sha'ab,"Diplomatic hotel and suites near Sha'ab ministries, Shaab / Institutional District, Hargeisa",9.56398,44.06036,Hotels & Hospitality,hotel,Shaab / Institutional District,True,Hotel,Huteellada & Maqaayadaha
wda_masjidka_sha_abka,Masjidka Sha'abka,"Prominent civil servants and institutional community mosque, Shaab / Institutional District, Hargeisa",9.55341,44.05978,Mosques (Masaajidda),place_of_worship,Shaab / Institutional District,True,Moon,Masaajidda
wda_maxamed_mooge_core_station,Maxamed Mooge Core Station,"Maxamed Mooge District main minibus terminus and taxi stand, Maxamed Mooge, Hargeisa",9.519,44.10501,Transport & Terminals,transit_station,Maxamed Mooge,True,Navigation,Istaannada & Gaadiidka
wda_masjidka_weyn_ee_maxamed_mooge,Masjidka Weyn ee Maxamed Mooge,"Grand congregational mosque in center of Maxamed Mooge, Maxamed Mooge, Hargeisa",9.51675,44.09951,Mosques (Masaajidda),place_of_worship,Maxamed Mooge,True,Moon,Masaajidda
wda_cusbitaalka_maxamed_mooge,Cusbitaalka Maxamed Mooge,"Community general hospital and maternity clinic, Maxamed Mooge, Hargeisa",9.52268,44.10233,Hospitals & Healthcare,hospital,Maxamed Mooge,True,HeartPulse,Cusbitaallada & Rugaha Caafimaadka
wda_dugsiga_sare_ee_maxamed_mooge,Dugsiga Sare ee Maxamed Mooge,"Main public secondary school serving southern Hargeisa, Maxamed Mooge, Hargeisa",9.51578,44.1045,Schools & Universities,school,Maxamed Mooge,True,GraduationCap,Dugsiyada & Waxbarashada
wda_suuqa_maxamed_mooge,Suuqa Maxamed Mooge,"Bustling district bazaar and retail grocery market, Maxamed Mooge, Hargeisa",9.51977,44.09759,Markets & Malls,mall,Maxamed Mooge,True,ShoppingBag,Suuqyada & Xarumaha Ganacsiga
wda_kaalinta_shidaalka_hass_maxamed_moo,Kaalinta Shidaalka Hass Maxamed Mooge,"Hass Petroleum southern highway service station, Maxamed Mooge, Hargeisa",9.52156,44.10608,Fuel Stations (Kaalmaha Shidaalka),fuel,Maxamed Mooge,True,Fuel,Kaalmaha Shidaalka
wda_dahabshiil_maxamed_mooge_branch,Dahabshiil Maxamed Mooge Branch,"Banking, remittance and ZAAD cash-in center, Maxamed Mooge, Hargeisa",9.51404,44.10065,Banks & Financial,bank,Maxamed Mooge,True,Landmark,Bangiyada & Xawaaladaha
wda_somtel_maxamed_mooge_service_center,Somtel Maxamed Mooge Service Center,"Customer care and e-Dahab support office, Maxamed Mooge, Hargeisa",9.52388,44.09943,Corporate & Utilities,corporate,Maxamed Mooge,True,Building2,Shirkadaha & Isgaadhsiinta
wda_isgoyska_maxamed_mooge_iyo_airport,Isgoyska Maxamed Mooge iyo Airport,"Strategic crossroad linking to Egal Airport highway, Maxamed Mooge, Hargeisa",9.51699,44.10758,Transport & Terminals,transit_station,Maxamed Mooge,True,Navigation,Istaannada & Gaadiidka
wda_new_hargeisa_central_station,New Hargeisa Central Station,"Eastern expressway entrance terminus, New Hargeisa, Hargeisa",9.554,44.0976,Transport & Terminals,transit_station,New Hargeisa,True,Navigation,Istaannada & Gaadiidka
wda_masjidka_new_hargeisa,Masjidka New Hargeisa,"Community Friday mosque in central New Hargeisa, New Hargeisa, Hargeisa",9.55202,44.09281,Mosques (Masaajidda),place_of_worship,New Hargeisa,True,Moon,Masaajidda
wda_gargaar_hospital_main_branch,Gargaar Hospital Main Branch,"Multi-specialty surgical and clinical hospital, New Hargeisa, Hargeisa",9.55728,44.09529,Hospitals & Healthcare,hospital,New Hargeisa,True,HeartPulse,Cusbitaallada & Rugaha Caafimaadka
wda_gollis_university_main_campus,Gollis University Main Campus,"Premier university campus with engineering and ICT faculties, New Hargeisa, Hargeisa",9.5511,44.09725,Schools & Universities,university,New Hargeisa,True,GraduationCap,Jaamacadaha & Kuliyadaha
wda_new_hargeisa_shopping_plaza,New Hargeisa Shopping Plaza,"Commercial center with grocery stores and boutiques, New Hargeisa, Hargeisa",9.5547,44.091,Markets & Malls,mall,New Hargeisa,True,ShoppingBag,Suuqyada & Xarumaha Ganacsiga
wda_total_petroleum_new_hargeisa,Total Petroleum New Hargeisa,"Modern petrol station with car wash on eastern corridor, New Hargeisa, Hargeisa",9.55635,44.09874,Fuel Stations (Kaalmaha Shidaalka),fuel,New Hargeisa,True,Fuel,Kaalmaha Shidaalka
wda_premier_bank_new_hargeisa_branch,Premier Bank New Hargeisa Branch,"Full service retail and business banking center, New Hargeisa, Hargeisa",9.54943,44.09375,Banks & Financial,bank,New Hargeisa,True,Landmark,Bangiyada & Xawaaladaha
wda_sompower_east_district_office,Sompower East District Office,"East Hargeisa electrical network station, New Hargeisa, Hargeisa",9.55852,44.09262,Corporate & Utilities,utility,New Hargeisa,True,Zap,Korontada & Biyaha
wda_daami_market_square_station,Daami Market Square Station,"Central transport loop in Daami district, Daami, Hargeisa",9.575,44.08419,Transport & Terminals,transit_station,Daami,True,Navigation,Istaannada & Gaadiidka
wda_masjidka_daami,Masjidka Daami,"Historical neighborhood mosque and Quranic academy, Daami, Hargeisa",9.5733,44.08011,Mosques (Masaajidda),place_of_worship,Daami,True,Moon,Masaajidda
wda_rugta_caafimaadka_ee_daami,Rugta Caafimaadka ee Daami,"Primary maternal and child health clinic, Daami, Hargeisa",9.57787,44.08226,Hospitals & Healthcare,hospital,Daami,True,HeartPulse,Cusbitaallada & Rugaha Caafimaadka
wda_dugsiga_hoose_ee_daami,Dugsiga Hoose ee Daami,"Community primary and intermediate public school, Daami, Hargeisa",9.57243,44.084,Schools & Universities,school,Daami,True,GraduationCap,Dugsiyada & Waxbarashada
wda_suuqa_daami_ee_khdaarta,Suuqa Daami ee Khdaarta,"Fresh produce and commodity morning market, Daami, Hargeisa",9.57563,44.0784,Markets & Malls,mall,Daami,True,ShoppingBag,Suuqyada & Xarumaha Ganacsiga
wda_kaalinta_shidaalka_al_xaramayn,Kaalinta Shidaalka Al-Xaramayn,"Reliable fuel and auto services along northern branch, Daami, Hargeisa",9.57713,44.08539,Fuel Stations (Kaalmaha Shidaalka),fuel,Daami,True,Fuel,Kaalmaha Shidaalka
wda_faraska_cad_station_shiraaqle,Faraska Cad Station Shiraaqle,"Famous landmark statue and major eastern junction, Shiraaqle, Hargeisa",9.563,44.10447,Transport & Terminals,transit_station,Shiraaqle,True,Navigation,Istaannada & Gaadiidka
wda_masjidka_shiraaqle,Masjidka Shiraaqle,"Central mosque of Shiraaqle community, Shiraaqle, Hargeisa",9.56111,44.09991,Mosques (Masaajidda),place_of_worship,Shiraaqle,True,Moon,Masaajidda
wda_cusbitaalka_shiraaqle,Cusbitaalka Shiraaqle,"Specialized clinic and diagnostic laboratory, Shiraaqle, Hargeisa",9.56614,44.10228,Hospitals & Healthcare,hospital,Shiraaqle,True,HeartPulse,Cusbitaallada & Rugaha Caafimaadka
wda_dugsiga_sare_ee_shiraaqle,Dugsiga Sare ee Shiraaqle,"Prominent secondary education institute, Shiraaqle, Hargeisa",9.56021,44.10417,Schools & Universities,school,Shiraaqle,True,GraduationCap,Dugsiyada & Waxbarashada
wda_kaalinta_shidaalka_faraska_cad,Kaalinta Shidaalka Faraska Cad,"Large petrol hub at the eastern entrance to the city, Shiraaqle, Hargeisa",9.56367,44.09813,Fuel Stations (Kaalmaha Shidaalka),fuel,Shiraaqle,True,Fuel,Kaalmaha Shidaalka
wda_dahabshiil_shiraaqle_branch,Dahabshiil Shiraaqle Branch,"Remittance and bank service hub for eastern residents, Shiraaqle, Hargeisa",9.56527,44.10562,Banks & Financial,bank,Shiraaqle,True,Landmark,Bangiyada & Xawaaladaha
wda_koodbuur_district_office_terminal,Koodbuur District Office Terminal,"Sub-city municipal admin and transport hub, Koodbuur, Hargeisa",9.574,44.04533,Transport & Terminals,transit_station,Koodbuur,True,Navigation,Istaannada & Gaadiidka
wda_masjidka_koodbuur,Masjidka Koodbuur,"Main neighborhood congregational mosque, Koodbuur, Hargeisa",9.5722,44.04101,Mosques (Masaajidda),place_of_worship,Koodbuur,True,Moon,Masaajidda
wda_international_hospital_hargeisa,International Hospital Hargeisa,"Modern private inpatient hospital with 24hr emergency, Koodbuur, Hargeisa",9.57701,44.04327,Hospitals & Healthcare,hospital,Koodbuur,True,HeartPulse,Cusbitaallada & Rugaha Caafimaadka
wda_koodbuur_high_school,Koodbuur High School,"Comprehensive secondary academy in Koodbuur, Koodbuur, Hargeisa",9.57132,44.04508,Schools & Universities,school,Koodbuur,True,GraduationCap,Dugsiyada & Waxbarashada
wda_koodbuur_commercial_strip,Koodbuur Commercial Strip,"Strip of shopping centers, electronics, and eateries, Koodbuur, Hargeisa",9.57465,44.03927,Markets & Malls,mall,Koodbuur,True,ShoppingBag,Suuqyada & Xarumaha Ganacsiga
wda_sompetroleum_koodbuur,Sompetroleum Koodbuur,"High-capacity diesel and petrol dispenser station, Koodbuur, Hargeisa",9.5762,44.04651,Fuel Stations (Kaalmaha Shidaalka),fuel,Koodbuur,True,Fuel,Kaalmaha Shidaalka
wda_salaam_bank_koodbuur,Salaam Bank Koodbuur,"Islamic banking and microfinance storefront, Koodbuur, Hargeisa",9.56969,44.04183,Banks & Financial,bank,Koodbuur,True,Landmark,Bangiyada & Xawaaladaha
wda_egal_international_airport_hga_term,Egal International Airport (HGA) Terminal,"Main international aviation passenger terminal and gates, Airport Zone / Masalaha, Hargeisa",9.522,44.09143,Transport & Terminals,transit_station,Airport Zone / Masalaha,True,Navigation,Istaannada & Gaadiidka
wda_airport_vip_protocol_lounge,Airport VIP & Protocol Lounge,"Government and VIP reception terminal at Egal International, Airport Zone / Masalaha, Hargeisa",9.51947,44.0852,Transport & Terminals,transit_station,Airport Zone / Masalaha,True,Navigation,Istaannada & Gaadiidka
wda_masalaha_junction_station,Masalaha Junction Station,"Terminal for airport shuttles and city connector taxis, Airport Zone / Masalaha, Hargeisa",9.52608,44.08836,Transport & Terminals,transit_station,Airport Zone / Masalaha,True,Navigation,Istaannada & Gaadiidka
wda_ambassador_hotel_resort,Ambassador Hotel & Resort,"Luxury international hotel near Egal Airport with conference halls, Airport Zone / Masalaha, Hargeisa",9.51846,44.09075,Hotels & Hospitality,hotel,Airport Zone / Masalaha,True,Hotel,Huteellada & Maqaayadaha
wda_damal_hotel_airport,Damal Hotel Airport,"Executive boutique hotel catering to international travelers, Airport Zone / Masalaha, Hargeisa",9.52284,44.08319,Hotels & Hospitality,hotel,Airport Zone / Masalaha,True,Hotel,Huteellada & Maqaayadaha
wda_airport_medical_emergency_clinic,Airport Medical Emergency Clinic,"Port health and 24/7 medical response center, Airport Zone / Masalaha, Hargeisa",9.52478,44.09243,Hospitals & Healthcare,hospital,Airport Zone / Masalaha,True,HeartPulse,Cusbitaallada & Rugaha Caafimaadka
wda_aviation_fuel_services_hub,Aviation Fuel Services Hub,"Commercial and automotive fuel station near airport gates, Airport Zone / Masalaha, Hargeisa",9.51665,44.08654,Fuel Stations (Kaalmaha Shidaalka),fuel,Airport Zone / Masalaha,True,Fuel,Kaalmaha Shidaalka
wda_masjidka_masalaha,Masjidka Masalaha,"Large roadside mosque on the airport highway, Airport Zone / Masalaha, Hargeisa",9.52724,44.08524,Mosques (Masaajidda),place_of_worship,Airport Zone / Masalaha,True,Moon,Masaajidda
wda_sheikh_nuur_main_terminal,Sheikh Nuur Main Terminal,"District transit hub and bus station, Kilalka / Sheikh Nuur East, Hargeisa",9.572,44.09783,Transport & Terminals,transit_station,Kilalka / Sheikh Nuur East,True,Navigation,Istaannada & Gaadiidka
wda_masjidka_sheikh_nuur,Masjidka Sheikh Nuur,"Historic Sheikh Nuur Friday mosque, Kilalka / Sheikh Nuur East, Hargeisa",9.5702,44.09351,Mosques (Masaajidda),place_of_worship,Kilalka / Sheikh Nuur East,True,Moon,Masaajidda
wda_sheikh_nuur_health_center,Sheikh Nuur Health Center,"Outpatient clinic and dental center, Kilalka / Sheikh Nuur East, Hargeisa",9.57501,44.09577,Hospitals & Healthcare,hospital,Kilalka / Sheikh Nuur East,True,HeartPulse,Cusbitaallada & Rugaha Caafimaadka
wda_sos_children_s_village_secondary_sc,SOS Children's Village & Secondary School,"Renowned education campus and boarding academy, Kilalka / Sheikh Nuur East, Hargeisa",9.56932,44.09758,Schools & Universities,school,Kilalka / Sheikh Nuur East,True,GraduationCap,Dugsiyada & Waxbarashada
wda_kilalka_supermarket,Kilalka Supermarket,"Modern self-service retail supermarket, Kilalka / Sheikh Nuur East, Hargeisa",9.57265,44.09177,Markets & Malls,mall,Kilalka / Sheikh Nuur East,True,ShoppingBag,Suuqyada & Xarumaha Ganacsiga
wda_kaalinta_shidaalka_sheikh_nuur,Kaalinta Shidaalka Sheikh Nuur,"Neighborhood petrol station and service bay, Kilalka / Sheikh Nuur East, Hargeisa",9.5742,44.09901,Fuel Stations (Kaalmaha Shidaalka),fuel,Kilalka / Sheikh Nuur East,True,Fuel,Kaalmaha Shidaalka
wda_goljano_center_station,Goljano Center Station,"Goljano main square and taxi intersection, Goljano District, Hargeisa",9.5585,44.08406,Transport & Terminals,transit_station,Goljano District,True,Navigation,Istaannada & Gaadiidka
wda_masjidka_goljano,Masjidka Goljano,"Goljano community mosque, Goljano District, Hargeisa",9.55689,44.08021,Mosques (Masaajidda),place_of_worship,Goljano District,True,Moon,Masaajidda
wda_cusbitaalka_goljano,Cusbitaalka Goljano,"Neighborhood healthcare and family clinic, Goljano District, Hargeisa",9.56124,44.08224,Hospitals & Healthcare,hospital,Goljano District,True,HeartPulse,Cusbitaallada & Rugaha Caafimaadka
wda_dugsiga_goljano,Dugsiga Goljano,"Primary and secondary school for boys and girls, Goljano District, Hargeisa",9.55603,44.08392,Schools & Universities,school,Goljano District,True,GraduationCap,Dugsiyada & Waxbarashada
wda_suuqa_goljano,Suuqa Goljano,"Active commercial street market, Goljano District, Hargeisa",9.5591,44.07854,Markets & Malls,mall,Goljano District,True,ShoppingBag,Suuqyada & Xarumaha Ganacsiga
wda_kaalinta_shidaalka_goljano,Kaalinta Shidaalka Goljano,"Fuel and auto repair hub, Goljano District, Hargeisa",9.56056,44.08528,Fuel Stations (Kaalmaha Shidaalka),fuel,Goljano District,True,Fuel,Kaalmaha Shidaalka
wda_biyo_dhacay_bridge_station,Biyo Dhacay Bridge Station,"Transit point near the seasonal stream crossing, Biyo Dhacay Area, Hargeisa",9.556,44.07692,Transport & Terminals,transit_station,Biyo Dhacay Area,True,Navigation,Istaannada & Gaadiidka
wda_masjidka_biyo_dhacay,Masjidka Biyo Dhacay,"Spacious mosque with Quranic learning center, Biyo Dhacay Area, Hargeisa",9.55448,44.07332,Mosques (Masaajidda),place_of_worship,Biyo Dhacay Area,True,Moon,Masaajidda
wda_rugta_caafimaadka_biyo_dhacay,Rugta Caafimaadka Biyo Dhacay,"Local healthcare center, Biyo Dhacay Area, Hargeisa",9.5586,44.07523,Hospitals & Healthcare,hospital,Biyo Dhacay Area,True,HeartPulse,Cusbitaallada & Rugaha Caafimaadka
wda_dugsiga_hoose_ee_biyo_dhacay,Dugsiga Hoose ee Biyo Dhacay,"Public primary school, Biyo Dhacay Area, Hargeisa",9.55364,44.07683,Schools & Universities,school,Biyo Dhacay Area,True,GraduationCap,Dugsiyada & Waxbarashada
wda_dukaamada_weyn_ee_biyo_dhacay,Dukaamada Weyn ee Biyo Dhacay,"Local bazaar and retail shops, Biyo Dhacay Area, Hargeisa",9.55658,44.07167,Markets & Malls,mall,Biyo Dhacay Area,True,ShoppingBag,Suuqyada & Xarumaha Ganacsiga
wda_xero_awr_market_loop,Xero Awr Market Loop,"Historic commercial square and taxi node, Xero Awr / Hero Awr, Hargeisa",9.5662,44.05156,Transport & Terminals,transit_station,Xero Awr / Hero Awr,True,Navigation,Istaannada & Gaadiidka
wda_masjidka_jaamaca_ee_xero_awr,Masjidka Jaamaca ee Xero Awr,"Grand neighborhood Friday mosque, Xero Awr / Hero Awr, Hargeisa",9.56459,44.04771,Mosques (Masaajidda),place_of_worship,Xero Awr / Hero Awr,True,Moon,Masaajidda
wda_xarunta_caafimaadka_xero_awr,Xarunta Caafimaadka Xero Awr,"Local community clinic and maternal care, Xero Awr / Hero Awr, Hargeisa",9.56894,44.04974,Hospitals & Healthcare,hospital,Xero Awr / Hero Awr,True,HeartPulse,Cusbitaallada & Rugaha Caafimaadka
wda_machadka_farsamada_ee_xero_awr,Machadka Farsamada ee Xero Awr,"Vocational technical institute, Xero Awr / Hero Awr, Hargeisa",9.56373,44.05142,Schools & Universities,university,Xero Awr / Hero Awr,True,GraduationCap,Jaamacadaha & Kuliyadaha
wda_suuqa_xero_awr,Suuqa Xero Awr,"Historic food and clothing market, Xero Awr / Hero Awr, Hargeisa",9.5668,44.04604,Markets & Malls,mall,Xero Awr / Hero Awr,True,ShoppingBag,Suuqyada & Xarumaha Ganacsiga
wda_cusbitaalka_gurmadka_caafimaadka_1,Cusbitaalka Gurmadka Caafimaadka ee Qaybta 1 (Downtown Waheen),"Specialized neighborhood clinic & emergency health post in Downtown Waheen residential & commercial grid, Hargeisa",9.56334,44.06651,Hospitals & Healthcare,hospital,Downtown Waheen,False,HeartPulse,Cusbitaallada & Rugaha Caafimaadka
wda_rugta_daryeelka_hooyada_dhallaan_2,Rugta Daryeelka Hooyada & Dhallaanka ee Qaybta 2 (Jigjiga Yar),"Maternal and child care dispensary center in Jigjiga Yar residential & commercial grid, Hargeisa",9.57968,44.03314,Hospitals & Healthcare,hospital,Jigjiga Yar,False,HeartPulse,Cusbitaallada & Rugaha Caafimaadka
wda_farmasiga_shacabka_caafimaadka_e_3,Farmasiga Shacabka & Caafimaadka ee Qaybta 3 (Ahmed Dhagax),"24/7 community pharmacy and dispensary outpost in Ahmed Dhagax residential & commercial grid, Hargeisa",9.55702,44.04777,Hospitals & Healthcare,hospital,Ahmed Dhagax,False,HeartPulse,Cusbitaallada & Rugaha Caafimaadka
wda_dugsiga_hoose_dhexe_ee_waxbarash_4,Dugsiga Hoose/Dhexe ee Waxbarashada Qaybta 4 (150 Highway),"Public primary & intermediate school campus in 150 Highway residential & commercial grid, Hargeisa",9.58385,44.0494,Schools & Universities,school,150 Highway,False,GraduationCap,Dugsiyada & Waxbarashada
wda_akadeemiyada_casriga_ah_ee_qaybt_5,Akadeemiyada Casriga ah ee Qaybta 5 (Shaab / Institutional District),"Modern high school and STEM educational institute in Shaab / Institutional District residential & commercial grid, Hargeisa",9.56057,44.05626,Schools & Universities,school,Shaab / Institutional District,False,GraduationCap,Dugsiyada & Waxbarashada
wda_machadka_tababarka_xirfadaha_ee__6,Machadka Tababarka Xirfadaha ee Qaybta 6 (Maxamed Mooge),"Vocational and technical training college center in Maxamed Mooge residential & commercial grid, Hargeisa",9.52146,44.09927,Schools & Universities,university,Maxamed Mooge,False,GraduationCap,Jaamacadaha & Kuliyadaha
wda_masjidka_jaamaca_ee_qaybta_7_new_7,Masjidka Jaamaca ee Qaybta 7 (New Hargeisa),"Congregational Friday mosque with community prayer hall in New Hargeisa residential & commercial grid, Hargeisa",9.55613,44.09264,Mosques (Masaajidda),place_of_worship,New Hargeisa,False,Moon,Masaajidda
wda_masjidka_al_imaan_ee_qaybta_8_da_8,Masjidka Al-Imaan ee Qaybta 8 (Daami),"Neighborhood community mosque and Quranic learning hub in Daami residential & commercial grid, Hargeisa",9.57679,44.08002,Mosques (Masaajidda),place_of_worship,Daami,False,Moon,Masaajidda
wda_suuqa_khdaarta_iyo_ganacsiga_ee__9,Suuqa Khdaarta iyo Ganacsiga ee Qaybta 9 (Shiraaqle),"Neighborhood open-air fresh market and commercial trade zone in Shiraaqle residential & commercial grid, Hargeisa",9.56502,44.09977,Markets & Malls,mall,Shiraaqle,False,ShoppingBag,Suuqyada & Xarumaha Ganacsiga
wda_xarunta_ganacsiga_supermarket_ee_10,Xarunta Ganacsiga & Supermarket ee Qaybta 10 (Koodbuur),"Modern multi-store retail grocery and provisions shopping center in Koodbuur residential & commercial grid, Hargeisa",9.5759,44.04089,Markets & Malls,mall,Koodbuur,False,ShoppingBag,Suuqyada & Xarumaha Ganacsiga
wda_kaalinta_shidaalka_hass_national_11,Kaalinta Shidaalka Hass / National ee Qaybta 11 (Airport Zone / Masalaha),"Service petrol station, diesel dispenser and tire service in Airport Zone / Masalaha residential & commercial grid, Hargeisa",9.5248,44.0849,Fuel Stations (Kaalmaha Shidaalka),fuel,Airport Zone / Masalaha,False,Fuel,Kaalmaha Shidaalka
wda_kaalinta_shidaalka_gaaska_ee_qay_12,Kaalinta Shidaalka & Gaaska ee Qaybta 12 (Kilalka / Sheikh Nuur East),"Fuel station and LPG domestic gas distribution depot in Kilalka / Sheikh Nuur East residential & commercial grid, Hargeisa",9.5739,44.09339,Fuel Stations (Kaalmaha Shidaalka),fuel,Kilalka / Sheikh Nuur East,False,Fuel,Kaalmaha Shidaalka
wda_istaanka_gaadiidka_dadweynaha_ee_13,Istaanka Gaadiidka Dadweynaha ee Qaybta 13 (Goljano District),"Minibus terminal and designated passenger pick-and-drop stop in Goljano District residential & commercial grid, Hargeisa",9.56018,44.08014,Transport & Terminals,transit_station,Goljano District,False,Navigation,Istaannada & Gaadiidka
wda_isgoyska_weyn_ee_gaadiidka_ee_qa_14,Isgoyska Weyn ee Gaadiidka ee Qaybta 14 (Biyo Dhacay Area),"Major road intersection and inter-district transit artery in Biyo Dhacay Area residential & commercial grid, Hargeisa",9.55757,44.07326,Transport & Terminals,transit_station,Biyo Dhacay Area,False,Navigation,Istaannada & Gaadiidka
wda_huteelka_nasashada_martida_ee_qa_15,Huteelka Nasashada & Martida ee Qaybta 15 (Xero Awr / Hero Awr),"Comfortable guest lodging and family dining restaurant in Xero Awr / Hero Awr residential & commercial grid, Hargeisa",9.56788,44.04764,Hotels & Hospitality,hotel,Xero Awr / Hero Awr,False,Hotel,Huteellada & Maqaayadaha
wda_laanta_zaad_dahabshiil_ee_qaybta_16,Laanta ZAAD & Dahabshiil ee Qaybta 16 (Downtown Waheen),"Banking kiosk, e-remittance and ZAAD cash-in center in Downtown Waheen residential & commercial grid, Hargeisa",9.55987,44.06819,Banks & Financial,bank,Downtown Waheen,False,Landmark,Bangiyada & Xawaaladaha
wda_laanta_taaj_edahab_express_ee_qa_17,Laanta TAAJ & Edahab Express ee Qaybta 17 (Jigjiga Yar),"Financial services, money transfer and remittance desk in Jigjiga Yar residential & commercial grid, Hargeisa",9.57533,44.03524,Banks & Financial,bank,Jigjiga Yar,False,Landmark,Bangiyada & Xawaaladaha
wda_xafiiska_adeegga_somtel_telesom__18,Xafiiska Adeegga Somtel & Telesom ee Qaybta 18 (Ahmed Dhagax),"Telecommunications branch, SIM registration and fiber service hub in Ahmed Dhagax residential & commercial grid, Hargeisa",9.5518,44.05028,Corporate & Utilities,corporate,Ahmed Dhagax,False,Building2,Shirkadaha & Isgaadhsiinta
wda_xarunta_korontada_sompower_ee_qa_19,Xarunta Korontada Sompower ee Qaybta 19 (150 Highway),"District electrical distribution and bill payment center in 150 Highway residential & commercial grid, Hargeisa",9.57777,44.05233,Corporate & Utilities,utility,150 Highway,False,Zap,Korontada & Biyaha
wda_xafiiska_waaxda_dowladda_hoose_e_20,Xafiiska Waaxda Dowladda Hoose ee Qaybta 20 (Shaab / Institutional District),"Municipal sub-office and local civic administration center in Shaab / Institutional District residential & commercial grid, Hargeisa",9.55651,44.05822,Government & Civic,government,Shaab / Institutional District,False,Landmark,Hay'adaha Dowladda
wda_xaafada_deganaanshaha_ee_qaybta__21,Xaafada Deganaanshaha ee Qaybta 21 (Maxamed Mooge),"Quiet residential enclave and community living sector in Maxamed Mooge residential & commercial grid, Hargeisa",9.51509,44.10235,Xaafadaha (Districts),neighborhood,Maxamed Mooge,False,Home,Xaafadaha & Degmooyinka
wda_cusbitaalka_gurmadka_caafimaadka_22,Cusbitaalka Gurmadka Caafimaadka ee Qaybta 22 (New Hargeisa),"Specialized neighborhood clinic & emergency health post in New Hargeisa residential & commercial grid, Hargeisa",9.55062,44.0953,Hospitals & Healthcare,hospital,New Hargeisa,False,HeartPulse,Cusbitaallada & Rugaha Caafimaadka
wda_rugta_daryeelka_hooyada_dhallaan_23,Rugta Daryeelka Hooyada & Dhallaanka ee Qaybta 23 (Daami),"Maternal and child care dispensary center in Daami residential & commercial grid, Hargeisa",9.57216,44.08225,Hospitals & Healthcare,hospital,Daami,False,HeartPulse,Cusbitaallada & Rugaha Caafimaadka
wda_farmasiga_shacabka_caafimaadka_e_24,Farmasiga Shacabka & Caafimaadka ee Qaybta 24 (Shiraaqle),"24/7 community pharmacy and dispensary outpost in Shiraaqle residential & commercial grid, Hargeisa",9.5598,44.10228,Hospitals & Healthcare,hospital,Shiraaqle,False,HeartPulse,Cusbitaallada & Rugaha Caafimaadka
wda_dugsiga_hoose_dhexe_ee_waxbarash_25,Dugsiga Hoose/Dhexe ee Waxbarashada Qaybta 25 (Koodbuur),"Public primary & intermediate school campus in Koodbuur residential & commercial grid, Hargeisa",9.57098,44.04327,Schools & Universities,school,Koodbuur,False,GraduationCap,Dugsiyada & Waxbarashada
wda_akadeemiyada_casriga_ah_ee_qaybt_26,Akadeemiyada Casriga ah ee Qaybta 26 (Airport Zone / Masalaha),"Modern high school and STEM educational institute in Airport Zone / Masalaha residential & commercial grid, Hargeisa",9.51756,44.0884,Schools & Universities,school,Airport Zone / Masalaha,False,GraduationCap,Dugsiyada & Waxbarashada
wda_machadka_tababarka_xirfadaha_ee__27,Machadka Tababarka Xirfadaha ee Qaybta 27 (Kilalka / Sheikh Nuur East),"Vocational and technical training college center in Kilalka / Sheikh Nuur East residential & commercial grid, Hargeisa",9.56898,44.09577,Schools & Universities,university,Kilalka / Sheikh Nuur East,False,GraduationCap,Jaamacadaha & Kuliyadaha
wda_masjidka_jaamaca_ee_qaybta_28_go_28,Masjidka Jaamaca ee Qaybta 28 (Goljano District),"Congregational Friday mosque with community prayer hall in Goljano District residential & commercial grid, Hargeisa",9.55583,44.08224,Mosques (Masaajidda),place_of_worship,Goljano District,False,Moon,Masaajidda
wda_masjidka_al_imaan_ee_qaybta_29_b_29,Masjidka Al-Imaan ee Qaybta 29 (Biyo Dhacay Area),"Neighborhood community mosque and Quranic learning hub in Biyo Dhacay Area residential & commercial grid, Hargeisa",9.55351,44.07522,Mosques (Masaajidda),place_of_worship,Biyo Dhacay Area,False,Moon,Masaajidda
wda_suuqa_khdaarta_iyo_ganacsiga_ee__30,Suuqa Khdaarta iyo Ganacsiga ee Qaybta 30 (Xero Awr / Hero Awr),"Neighborhood open-air fresh market and commercial trade zone in Xero Awr / Hero Awr residential & commercial grid, Hargeisa",9.56353,44.04974,Markets & Malls,mall,Xero Awr / Hero Awr,False,ShoppingBag,Suuqyada & Xarumaha Ganacsiga
wda_xarunta_ganacsiga_supermarket_ee_31,Xarunta Ganacsiga & Supermarket ee Qaybta 31 (Downtown Waheen),"Modern multi-store retail grocery and provisions shopping center in Downtown Waheen residential & commercial grid, Hargeisa",9.56379,44.06939,Markets & Malls,mall,Downtown Waheen,False,ShoppingBag,Suuqyada & Xarumaha Ganacsiga
wda_kaalinta_shidaalka_hass_national_32,Kaalinta Shidaalka Hass / National ee Qaybta 32 (Jigjiga Yar),"Service petrol station, diesel dispenser and tire service in Jigjiga Yar residential & commercial grid, Hargeisa",9.58024,44.03674,Fuel Stations (Kaalmaha Shidaalka),fuel,Jigjiga Yar,False,Fuel,Kaalmaha Shidaalka
wda_kaalinta_shidaalka_gaaska_ee_qay_33,Kaalinta Shidaalka & Gaaska ee Qaybta 33 (Ahmed Dhagax),"Fuel station and LPG domestic gas distribution depot in Ahmed Dhagax residential & commercial grid, Hargeisa",9.55769,44.05209,Fuel Stations (Kaalmaha Shidaalka),fuel,Ahmed Dhagax,False,Fuel,Kaalmaha Shidaalka
wda_istaanka_gaadiidka_dadweynaha_ee_34,Istaanka Gaadiidka Dadweynaha ee Qaybta 34 (150 Highway),"Minibus terminal and designated passenger pick-and-drop stop in 150 Highway residential & commercial grid, Hargeisa",9.58464,44.05444,Transport & Terminals,transit_station,150 Highway,False,Navigation,Istaannada & Gaadiidka
wda_isgoyska_weyn_ee_gaadiidka_ee_qa_35,Isgoyska Weyn ee Gaadiidka ee Qaybta 35 (Shaab / Institutional District),"Major road intersection and inter-district transit artery in Shaab / Institutional District residential & commercial grid, Hargeisa",9.56109,44.05963,Transport & Terminals,transit_station,Shaab / Institutional District,False,Navigation,Istaannada & Gaadiidka
wda_huteelka_nasashada_martida_ee_qa_36,Huteelka Nasashada & Martida ee Qaybta 36 (Maxamed Mooge),"Comfortable guest lodging and family dining restaurant in Maxamed Mooge residential & commercial grid, Hargeisa",9.52229,44.10455,Hotels & Hospitality,hotel,Maxamed Mooge,False,Hotel,Huteellada & Maqaayadaha
wda_laanta_zaad_dahabshiil_ee_qaybta_37,Laanta ZAAD & Dahabshiil ee Qaybta 37 (New Hargeisa),"Banking kiosk, e-remittance and ZAAD cash-in center in New Hargeisa residential & commercial grid, Hargeisa",9.55684,44.09721,Banks & Financial,bank,New Hargeisa,False,Landmark,Bangiyada & Xawaaladaha
wda_laanta_taaj_edahab_express_ee_qa_38,Laanta TAAJ & Edahab Express ee Qaybta 38 (Daami),"Financial services, money transfer and remittance desk in Daami residential & commercial grid, Hargeisa",9.57739,44.08386,Banks & Financial,bank,Daami,False,Landmark,Bangiyada & Xawaaladaha
wda_xafiiska_adeegga_somtel_telesom__39,Xafiiska Adeegga Somtel & Telesom ee Qaybta 39 (Shiraaqle),"Telecommunications branch, SIM registration and fiber service hub in Shiraaqle residential & commercial grid, Hargeisa",9.56569,44.10409,Corporate & Utilities,corporate,Shiraaqle,False,Building2,Shirkadaha & Isgaadhsiinta
wda_xarunta_korontada_sompower_ee_qa_40,Xarunta Korontada Sompower ee Qaybta 40 (Koodbuur),"District electrical distribution and bill payment center in Koodbuur residential & commercial grid, Hargeisa",9.57654,44.04497,Corporate & Utilities,utility,Koodbuur,False,Zap,Korontada & Biyaha
wda_xafiiska_waaxda_dowladda_hoose_e_41,Xafiiska Waaxda Dowladda Hoose ee Qaybta 41 (Airport Zone / Masalaha),"Municipal sub-office and local civic administration center in Airport Zone / Masalaha residential & commercial grid, Hargeisa",9.52573,44.0909,Government & Civic,government,Airport Zone / Masalaha,False,Landmark,Hay'adaha Dowladda
wda_xaafada_deganaanshaha_ee_qaybta__42,Xaafada Deganaanshaha ee Qaybta 42 (Kilalka / Sheikh Nuur East),"Quiet residential enclave and community living sector in Kilalka / Sheikh Nuur East residential & commercial grid, Hargeisa",9.57454,44.09747,Xaafadaha (Districts),neighborhood,Kilalka / Sheikh Nuur East,False,Home,Xaafadaha & Degmooyinka
wda_cusbitaalka_gurmadka_caafimaadka_43,Cusbitaalka Gurmadka Caafimaadka ee Qaybta 43 (Goljano District),"Specialized neighborhood clinic & emergency health post in Goljano District residential & commercial grid, Hargeisa",9.56074,44.08374,Hospitals & Healthcare,hospital,Goljano District,False,HeartPulse,Cusbitaallada & Rugaha Caafimaadka
wda_rugta_daryeelka_hooyada_dhallaan_44,Rugta Daryeelka Hooyada & Dhallaanka ee Qaybta 44 (Biyo Dhacay Area),"Maternal and child care dispensary center in Biyo Dhacay Area residential & commercial grid, Hargeisa",9.55809,44.07663,Hospitals & Healthcare,hospital,Biyo Dhacay Area,False,HeartPulse,Cusbitaallada & Rugaha Caafimaadka
wda_farmasiga_shacabka_caafimaadka_e_45,Farmasiga Shacabka & Caafimaadka ee Qaybta 45 (Xero Awr / Hero Awr),"24/7 community pharmacy and dispensary outpost in Xero Awr / Hero Awr residential & commercial grid, Hargeisa",9.56844,44.05124,Hospitals & Healthcare,hospital,Xero Awr / Hero Awr,False,HeartPulse,Cusbitaallada & Rugaha Caafimaadka
wda_dugsiga_hoose_dhexe_ee_waxbarash_46,Dugsiga Hoose/Dhexe ee Waxbarashada Qaybta 46 (Downtown Waheen),"Public primary & intermediate school campus in Downtown Waheen residential & commercial grid, Hargeisa",9.56159,44.06565,Schools & Universities,school,Downtown Waheen,False,GraduationCap,Dugsiyada & Waxbarashada
wda_akadeemiyada_casriga_ah_ee_qaybt_47,Akadeemiyada Casriga ah ee Qaybta 47 (Jigjiga Yar),"Modern high school and STEM educational institute in Jigjiga Yar residential & commercial grid, Hargeisa",9.57749,44.03206,Schools & Universities,school,Jigjiga Yar,False,GraduationCap,Dugsiyada & Waxbarashada
wda_machadka_tababarka_xirfadaha_ee__48,Machadka Tababarka Xirfadaha ee Qaybta 48 (Ahmed Dhagax),"Vocational and technical training college center in Ahmed Dhagax residential & commercial grid, Hargeisa",9.55438,44.04647,Schools & Universities,university,Ahmed Dhagax,False,GraduationCap,Jaamacadaha & Kuliyadaha
wda_masjidka_jaamaca_ee_qaybta_49_15_49,Masjidka Jaamaca ee Qaybta 49 (150 Highway),"Congregational Friday mosque with community prayer hall in 150 Highway residential & commercial grid, Hargeisa",9.58078,44.04788,Mosques (Masaajidda),place_of_worship,150 Highway,False,Moon,Masaajidda
wda_masjidka_al_imaan_ee_qaybta_50_s_50,Masjidka Al-Imaan ee Qaybta 50 (Shaab / Institutional District),"Neighborhood community mosque and Quranic learning hub in Shaab / Institutional District residential & commercial grid, Hargeisa",9.55852,44.05525,Mosques (Masaajidda),place_of_worship,Shaab / Institutional District,False,Moon,Masaajidda
wda_suuqa_khdaarta_iyo_ganacsiga_ee__51,Suuqa Khdaarta iyo Ganacsiga ee Qaybta 51 (Maxamed Mooge),"Neighborhood open-air fresh market and commercial trade zone in Maxamed Mooge residential & commercial grid, Hargeisa",9.51825,44.09769,Markets & Malls,mall,Maxamed Mooge,False,ShoppingBag,Suuqyada & Xarumaha Ganacsiga
wda_xarunta_ganacsiga_supermarket_ee_52,Xarunta Ganacsiga & Supermarket ee Qaybta 52 (New Hargeisa),"Modern multi-store retail grocery and provisions shopping center in New Hargeisa residential & commercial grid, Hargeisa",9.55335,44.09127,Markets & Malls,mall,New Hargeisa,False,ShoppingBag,Suuqyada & Xarumaha Ganacsiga
wda_kaalinta_shidaalka_hass_national_53,Kaalinta Shidaalka Hass / National ee Qaybta 53 (Daami),"Service petrol station, diesel dispenser and tire service in Daami residential & commercial grid, Hargeisa",9.57445,44.07886,Fuel Stations (Kaalmaha Shidaalka),fuel,Daami,False,Fuel,Kaalmaha Shidaalka
wda_kaalinta_shidaalka_gaaska_ee_qay_54,Kaalinta Shidaalka & Gaaska ee Qaybta 54 (Shiraaqle),"Fuel station and LPG domestic gas distribution depot in Shiraaqle residential & commercial grid, Hargeisa",9.56238,44.09847,Fuel Stations (Kaalmaha Shidaalka),fuel,Shiraaqle,False,Fuel,Kaalmaha Shidaalka
wda_istaanka_gaadiidka_dadweynaha_ee_55,Istaanka Gaadiidka Dadweynaha ee Qaybta 55 (Koodbuur),"Minibus terminal and designated passenger pick-and-drop stop in Koodbuur residential & commercial grid, Hargeisa",9.57342,44.03967,Transport & Terminals,transit_station,Koodbuur,False,Navigation,Istaannada & Gaadiidka
wda_isgoyska_weyn_ee_gaadiidka_ee_qa_56,Isgoyska Weyn ee Gaadiidka ee Qaybta 56 (Airport Zone / Masalaha),"Major road intersection and inter-district transit artery in Airport Zone / Masalaha residential & commercial grid, Hargeisa",9.52114,44.0831,Transport & Terminals,transit_station,Airport Zone / Masalaha,False,Navigation,Istaannada & Gaadiidka
wda_huteelka_nasashada_martida_ee_qa_57,Huteelka Nasashada & Martida ee Qaybta 57 (Kilalka / Sheikh Nuur East),"Comfortable guest lodging and family dining restaurant in Kilalka / Sheikh Nuur East residential & commercial grid, Hargeisa",9.57142,44.09217,Hotels & Hospitality,hotel,Kilalka / Sheikh Nuur East,False,Hotel,Huteellada & Maqaayadaha
wda_laanta_zaad_dahabshiil_ee_qaybta_58,Laanta ZAAD & Dahabshiil ee Qaybta 58 (Goljano District),"Banking kiosk, e-remittance and ZAAD cash-in center in Goljano District residential & commercial grid, Hargeisa",9.55799,44.07906,Banks & Financial,bank,Goljano District,False,Landmark,Bangiyada & Xawaaladaha
wda_laanta_taaj_edahab_express_ee_qa_59,Laanta TAAJ & Edahab Express ee Qaybta 59 (Biyo Dhacay Area),"Financial services, money transfer and remittance desk in Biyo Dhacay Area residential & commercial grid, Hargeisa",9.55552,44.07225,Banks & Financial,bank,Biyo Dhacay Area,False,Landmark,Bangiyada & Xawaaladaha
wda_xafiiska_adeegga_somtel_telesom__60,Xafiiska Adeegga Somtel & Telesom ee Qaybta 60 (Xero Awr / Hero Awr),"Telecommunications branch, SIM registration and fiber service hub in Xero Awr / Hero Awr residential & commercial grid, Hargeisa",9.56569,44.04656,Corporate & Utilities,corporate,Xero Awr / Hero Awr,False,Building2,Shirkadaha & Isgaadhsiinta
wda_xarunta_korontada_sompower_ee_qa_61,Xarunta Korontada Sompower ee Qaybta 61 (Downtown Waheen),"District electrical distribution and bill payment center in Downtown Waheen residential & commercial grid, Hargeisa",9.56069,44.07009,Corporate & Utilities,utility,Downtown Waheen,False,Zap,Korontada & Biyaha
wda_xafiiska_waaxda_dowladda_hoose_e_62,Xafiiska Waaxda Dowladda Hoose ee Qaybta 62 (Jigjiga Yar),"Municipal sub-office and local civic administration center in Jigjiga Yar residential & commercial grid, Hargeisa",9.57636,44.03761,Government & Civic,government,Jigjiga Yar,False,Landmark,Hay'adaha Dowladda
wda_xaafada_deganaanshaha_ee_qaybta__63,Xaafada Deganaanshaha ee Qaybta 63 (Ahmed Dhagax),"Quiet residential enclave and community living sector in Ahmed Dhagax residential & commercial grid, Hargeisa",9.55303,44.05314,Xaafadaha (Districts),neighborhood,Ahmed Dhagax,False,Home,Xaafadaha & Degmooyinka
wda_cusbitaalka_gurmadka_caafimaadka_64,Cusbitaalka Gurmadka Caafimaadka ee Qaybta 64 (150 Highway),"Specialized neighborhood clinic & emergency health post in 150 Highway residential & commercial grid, Hargeisa",9.5792,44.05566,Hospitals & Healthcare,hospital,150 Highway,False,HeartPulse,Cusbitaallada & Rugaha Caafimaadka
wda_rugta_daryeelka_hooyada_dhallaan_65,Rugta Daryeelka Hooyada & Dhallaanka ee Qaybta 65 (Shaab / Institutional District),"Maternal and child care dispensary center in Shaab / Institutional District residential & commercial grid, Hargeisa",9.55747,44.06044,Hospitals & Healthcare,hospital,Shaab / Institutional District,False,HeartPulse,Cusbitaallada & Rugaha Caafimaadka
wda_farmasiga_shacabka_caafimaadka_e_66,Farmasiga Shacabka & Caafimaadka ee Qaybta 66 (Maxamed Mooge),"24/7 community pharmacy and dispensary outpost in Maxamed Mooge residential & commercial grid, Hargeisa",9.5166,44.10583,Hospitals & Healthcare,hospital,Maxamed Mooge,False,HeartPulse,Cusbitaallada & Rugaha Caafimaadka
wda_dugsiga_hoose_dhexe_ee_waxbarash_67,Dugsiga Hoose/Dhexe ee Waxbarashada Qaybta 67 (New Hargeisa),"Public primary & intermediate school campus in New Hargeisa residential & commercial grid, Hargeisa",9.55192,44.09831,Schools & Universities,school,New Hargeisa,False,GraduationCap,Dugsiyada & Waxbarashada
wda_akadeemiyada_casriga_ah_ee_qaybt_68,Akadeemiyada Casriga ah ee Qaybta 68 (Daami),"Modern high school and STEM educational institute in Daami residential & commercial grid, Hargeisa",9.57325,44.08479,Schools & Universities,school,Daami,False,GraduationCap,Dugsiyada & Waxbarashada
wda_machadka_tababarka_xirfadaha_ee__69,Machadka Tababarka Xirfadaha ee Qaybta 69 (Shiraaqle),"Vocational and technical training college center in Shiraaqle residential & commercial grid, Hargeisa",9.56103,44.10514,Schools & Universities,university,Shiraaqle,False,GraduationCap,Jaamacadaha & Kuliyadaha
wda_masjidka_jaamaca_ee_qaybta_70_ko_70,Masjidka Jaamaca ee Qaybta 70 (Koodbuur),"Congregational Friday mosque with community prayer hall in Koodbuur residential & commercial grid, Hargeisa",9.57214,44.04596,Mosques (Masaajidda),place_of_worship,Koodbuur,False,Moon,Masaajidda
wda_masjidka_al_imaan_ee_qaybta_71_a_71,Masjidka Al-Imaan ee Qaybta 71 (Airport Zone / Masalaha),"Neighborhood community mosque and Quranic learning hub in Airport Zone / Masalaha residential & commercial grid, Hargeisa",9.51927,44.09236,Mosques (Masaajidda),place_of_worship,Airport Zone / Masalaha,False,Moon,Masaajidda
wda_suuqa_khdaarta_iyo_ganacsiga_ee__72,Suuqa Khdaarta iyo Ganacsiga ee Qaybta 72 (Kilalka / Sheikh Nuur East),"Neighborhood open-air fresh market and commercial trade zone in Kilalka / Sheikh Nuur East residential & commercial grid, Hargeisa",9.57014,44.09846,Markets & Malls,mall,Kilalka / Sheikh Nuur East,False,ShoppingBag,Suuqyada & Xarumaha Ganacsiga
wda_xarunta_ganacsiga_supermarket_ee_73,Xarunta Ganacsiga & Supermarket ee Qaybta 73 (Goljano District),"Modern multi-store retail grocery and provisions shopping center in Goljano District residential & commercial grid, Hargeisa",9.55686,44.08461,Markets & Malls,mall,Goljano District,False,ShoppingBag,Suuqyada & Xarumaha Ganacsiga
wda_kaalinta_shidaalka_hass_national_74,Kaalinta Shidaalka Hass / National ee Qaybta 74 (Biyo Dhacay Area),"Service petrol station, diesel dispenser and tire service in Biyo Dhacay Area residential & commercial grid, Hargeisa",9.55447,44.07744,Fuel Stations (Kaalmaha Shidaalka),fuel,Biyo Dhacay Area,False,Fuel,Kaalmaha Shidaalka
wda_kaalinta_shidaalka_gaaska_ee_qay_75,Kaalinta Shidaalka & Gaaska ee Qaybta 75 (Xero Awr / Hero Awr),"Fuel station and LPG domestic gas distribution depot in Xero Awr / Hero Awr residential & commercial grid, Hargeisa",9.56456,44.05211,Fuel Stations (Kaalmaha Shidaalka),fuel,Xero Awr / Hero Awr,False,Fuel,Kaalmaha Shidaalka
wda_istaanka_gaadiidka_dadweynaha_ee_76,Istaanka Gaadiidka Dadweynaha ee Qaybta 76 (Downtown Waheen),"Minibus terminal and designated passenger pick-and-drop stop in Downtown Waheen residential & commercial grid, Hargeisa",9.56444,44.06734,Transport & Terminals,transit_station,Downtown Waheen,False,Navigation,Istaannada & Gaadiidka
wda_isgoyska_weyn_ee_gaadiidka_ee_qa_77,Isgoyska Weyn ee Gaadiidka ee Qaybta 77 (Jigjiga Yar),"Major road intersection and inter-district transit artery in Jigjiga Yar residential & commercial grid, Hargeisa",9.58104,44.03417,Transport & Terminals,transit_station,Jigjiga Yar,False,Navigation,Istaannada & Gaadiidka
wda_huteelka_nasashada_martida_ee_qa_78,Huteelka Nasashada & Martida ee Qaybta 78 (Ahmed Dhagax),"Comfortable guest lodging and family dining restaurant in Ahmed Dhagax residential & commercial grid, Hargeisa",9.55865,44.049,Hotels & Hospitality,hotel,Ahmed Dhagax,False,Hotel,Huteellada & Maqaayadaha
wda_laanta_zaad_dahabshiil_ee_qaybta_79,Laanta ZAAD & Dahabshiil ee Qaybta 79 (150 Highway),"Banking kiosk, e-remittance and ZAAD cash-in center in 150 Highway residential & commercial grid, Hargeisa",9.58576,44.05084,Banks & Financial,bank,150 Highway,False,Landmark,Bangiyada & Xawaaladaha
wda_laanta_taaj_edahab_express_ee_qa_80,Laanta TAAJ & Edahab Express ee Qaybta 80 (Shaab / Institutional District),"Financial services, money transfer and remittance desk in Shaab / Institutional District residential & commercial grid, Hargeisa",9.56184,44.05723,Banks & Financial,bank,Shaab / Institutional District,False,Landmark,Bangiyada & Xawaaladaha
wda_xafiiska_adeegga_somtel_telesom__81,Xafiiska Adeegga Somtel & Telesom ee Qaybta 81 (Maxamed Mooge),"Telecommunications branch, SIM registration and fiber service hub in Maxamed Mooge residential & commercial grid, Hargeisa",9.52347,44.10078,Corporate & Utilities,corporate,Maxamed Mooge,False,Building2,Shirkadaha & Isgaadhsiinta
wda_xarunta_korontada_sompower_ee_qa_82,Xarunta Korontada Sompower ee Qaybta 82 (New Hargeisa),"District electrical distribution and bill payment center in New Hargeisa residential & commercial grid, Hargeisa",9.55786,44.09395,Corporate & Utilities,utility,New Hargeisa,False,Zap,Korontada & Biyaha
wda_xafiiska_waaxda_dowladda_hoose_e_83,Xafiiska Waaxda Dowladda Hoose ee Qaybta 83 (Daami),"Municipal sub-office and local civic administration center in Daami residential & commercial grid, Hargeisa",9.57825,44.08111,Government & Civic,government,Daami,False,Landmark,Hay'adaha Dowladda
wda_xaafada_deganaanshaha_ee_qaybta__84,Xaafada Deganaanshaha ee Qaybta 84 (Shiraaqle),"Quiet residential enclave and community living sector in Shiraaqle residential & commercial grid, Hargeisa",9.56665,44.101,Xaafadaha (Districts),neighborhood,Shiraaqle,False,Home,Xaafadaha & Degmooyinka
wda_cusbitaalka_gurmadka_caafimaadka_85,Cusbitaalka Gurmadka Caafimaadka ee Qaybta 85 (Koodbuur),"Specialized neighborhood clinic & emergency health post in Koodbuur residential & commercial grid, Hargeisa",9.57745,44.04206,Hospitals & Healthcare,hospital,Koodbuur,False,HeartPulse,Cusbitaallada & Rugaha Caafimaadka
wda_rugta_daryeelka_hooyada_dhallaan_86,Rugta Daryeelka Hooyada & Dhallaanka ee Qaybta 86 (Airport Zone / Masalaha),"Maternal and child care dispensary center in Airport Zone / Masalaha residential & commercial grid, Hargeisa",9.52707,44.08662,Hospitals & Healthcare,hospital,Airport Zone / Masalaha,False,HeartPulse,Cusbitaallada & Rugaha Caafimaadka
wda_farmasiga_shacabka_caafimaadka_e_87,Farmasiga Shacabka & Caafimaadka ee Qaybta 87 (Kilalka / Sheikh Nuur East),"24/7 community pharmacy and dispensary outpost in Kilalka / Sheikh Nuur East residential & commercial grid, Hargeisa",9.57545,44.09456,Hospitals & Healthcare,hospital,Kilalka / Sheikh Nuur East,False,HeartPulse,Cusbitaallada & Rugaha Caafimaadka
wda_dugsiga_hoose_dhexe_ee_waxbarash_88,Dugsiga Hoose/Dhexe ee Waxbarashada Qaybta 88 (Goljano District),"Public primary & intermediate school campus in Goljano District residential & commercial grid, Hargeisa",9.56154,44.08117,Schools & Universities,school,Goljano District,False,GraduationCap,Dugsiyada & Waxbarashada
wda_akadeemiyada_casriga_ah_ee_qaybt_89,Akadeemiyada Casriga ah ee Qaybta 89 (Biyo Dhacay Area),"Modern high school and STEM educational institute in Biyo Dhacay Area residential & commercial grid, Hargeisa",9.55884,44.07423,Schools & Universities,school,Biyo Dhacay Area,False,GraduationCap,Dugsiyada & Waxbarashada
wda_machadka_tababarka_xirfadaha_ee__90,Machadka Tababarka Xirfadaha ee Qaybta 90 (Xero Awr / Hero Awr),"Vocational and technical training college center in Xero Awr / Hero Awr residential & commercial grid, Hargeisa",9.56924,44.04867,Schools & Universities,university,Xero Awr / Hero Awr,False,GraduationCap,Jaamacadaha & Kuliyadaha
wda_masjidka_jaamaca_ee_qaybta_91_do_91,Masjidka Jaamaca ee Qaybta 91 (Downtown Waheen),"Congregational Friday mosque with community prayer hall in Downtown Waheen residential & commercial grid, Hargeisa",9.5597,44.06679,Mosques (Masaajidda),place_of_worship,Downtown Waheen,False,Moon,Masaajidda
wda_masjidka_al_imaan_ee_qaybta_92_j_92,Masjidka Al-Imaan ee Qaybta 92 (Jigjiga Yar),"Neighborhood community mosque and Quranic learning hub in Jigjiga Yar residential & commercial grid, Hargeisa",9.57512,44.03348,Mosques (Masaajidda),place_of_worship,Jigjiga Yar,False,Moon,Masaajidda
wda_suuqa_khdaarta_iyo_ganacsiga_ee__93,Suuqa Khdaarta iyo Ganacsiga ee Qaybta 93 (Ahmed Dhagax),"Neighborhood open-air fresh market and commercial trade zone in Ahmed Dhagax residential & commercial grid, Hargeisa",9.55155,44.04818,Markets & Malls,mall,Ahmed Dhagax,False,ShoppingBag,Suuqyada & Xarumaha Ganacsiga
wda_xarunta_ganacsiga_supermarket_ee_94,Xarunta Ganacsiga & Supermarket ee Qaybta 94 (150 Highway),"Modern multi-store retail grocery and provisions shopping center in 150 Highway residential & commercial grid, Hargeisa",9.57747,44.04988,Markets & Malls,mall,150 Highway,False,ShoppingBag,Suuqyada & Xarumaha Ganacsiga
wda_kaalinta_shidaalka_hass_national_95,Kaalinta Shidaalka Hass / National ee Qaybta 95 (Shaab / Institutional District),"Service petrol station, diesel dispenser and tire service in Shaab / Institutional District residential & commercial grid, Hargeisa",9.55631,44.05659,Fuel Stations (Kaalmaha Shidaalka),fuel,Shaab / Institutional District,False,Fuel,Kaalmaha Shidaalka
wda_kaalinta_shidaalka_gaaska_ee_qay_96,Kaalinta Shidaalka & Gaaska ee Qaybta 96 (Maxamed Mooge),"Fuel station and LPG domestic gas distribution depot in Maxamed Mooge residential & commercial grid, Hargeisa",9.51478,44.09978,Fuel Stations (Kaalmaha Shidaalka),fuel,Maxamed Mooge,False,Fuel,Kaalmaha Shidaalka
wda_istaanka_gaadiidka_dadweynaha_ee_97,Istaanka Gaadiidka Dadweynaha ee Qaybta 97 (New Hargeisa),"Minibus terminal and designated passenger pick-and-drop stop in New Hargeisa residential & commercial grid, Hargeisa",9.55035,44.09308,Transport & Terminals,transit_station,New Hargeisa,False,Navigation,Istaannada & Gaadiidka
wda_isgoyska_weyn_ee_gaadiidka_ee_qa_98,Isgoyska Weyn ee Gaadiidka ee Qaybta 98 (Daami),"Major road intersection and inter-district transit artery in Daami residential & commercial grid, Hargeisa",9.57193,44.08038,Transport & Terminals,transit_station,Daami,False,Navigation,Istaannada & Gaadiidka
wda_huteelka_nasashada_martida_ee_qa_99,Huteelka Nasashada & Martida ee Qaybta 99 (Shiraaqle),"Comfortable guest lodging and family dining restaurant in Shiraaqle residential & commercial grid, Hargeisa",9.55955,44.10018,Hotels & Hospitality,hotel,Shiraaqle,False,Hotel,Huteellada & Maqaayadaha
wda_laanta_zaad_dahabshiil_ee_qaybta_100,Laanta ZAAD & Dahabshiil ee Qaybta 100 (Koodbuur),"Banking kiosk, e-remittance and ZAAD cash-in center in Koodbuur residential & commercial grid, Hargeisa",9.57074,44.04128,Banks & Financial,bank,Koodbuur,False,Landmark,Bangiyada & Xawaaladaha
wda_laanta_taaj_edahab_express_ee_qa_101,Laanta TAAJ & Edahab Express ee Qaybta 101 (Airport Zone / Masalaha),"Financial services, money transfer and remittance desk in Airport Zone / Masalaha residential & commercial grid, Hargeisa",9.5172,44.08547,Banks & Financial,bank,Airport Zone / Masalaha,False,Landmark,Bangiyada & Xawaaladaha
wda_xafiiska_adeegga_somtel_telesom__102,Xafiiska Adeegga Somtel & Telesom ee Qaybta 102 (Kilalka / Sheikh Nuur East),"Telecommunications branch, SIM registration and fiber service hub in Kilalka / Sheikh Nuur East residential & commercial grid, Hargeisa",9.56874,44.09378,Corporate & Utilities,corporate,Kilalka / Sheikh Nuur East,False,Building2,Shirkadaha & Isgaadhsiinta
wda_xarunta_korontada_sompower_ee_qa_103,Xarunta Korontada Sompower ee Qaybta 103 (Goljano District),"District electrical distribution and bill payment center in Goljano District residential & commercial grid, Hargeisa",9.55562,44.08048,Corporate & Utilities,utility,Goljano District,False,Zap,Korontada & Biyaha
wda_xafiiska_waaxda_dowladda_hoose_e_104,Xafiiska Waaxda Dowladda Hoose ee Qaybta 104 (Biyo Dhacay Area),"Municipal sub-office and local civic administration center in Biyo Dhacay Area residential & commercial grid, Hargeisa",9.55331,44.07359,Government & Civic,government,Biyo Dhacay Area,False,Landmark,Hay'adaha Dowladda
wda_xaafada_deganaanshaha_ee_qaybta__105,Xaafada Deganaanshaha ee Qaybta 105 (Xero Awr / Hero Awr),"Quiet residential enclave and community living sector in Xero Awr / Hero Awr residential & commercial grid, Hargeisa",9.56332,44.04798,Xaafadaha (Districts),neighborhood,Xero Awr / Hero Awr,False,Home,Xaafadaha & Degmooyinka
wda_cusbitaalka_gurmadka_caafimaadka_106,Cusbitaalka Gurmadka Caafimaadka ee Qaybta 106 (Downtown Waheen),"Specialized neighborhood clinic & emergency health post in Downtown Waheen residential & commercial grid, Hargeisa",9.56291,44.07053,Hospitals & Healthcare,hospital,Downtown Waheen,False,HeartPulse,Cusbitaallada & Rugaha Caafimaadka
wda_rugta_daryeelka_hooyada_dhallaan_107,Rugta Daryeelka Hooyada & Dhallaanka ee Qaybta 107 (Jigjiga Yar),"Maternal and child care dispensary center in Jigjiga Yar residential & commercial grid, Hargeisa",9.57914,44.03817,Hospitals & Healthcare,hospital,Jigjiga Yar,False,HeartPulse,Cusbitaallada & Rugaha Caafimaadka
wda_farmasiga_shacabka_caafimaadka_e_108,Farmasiga Shacabka & Caafimaadka ee Qaybta 108 (Ahmed Dhagax),"24/7 community pharmacy and dispensary outpost in Ahmed Dhagax residential & commercial grid, Hargeisa",9.55637,44.0538,Hospitals & Healthcare,hospital,Ahmed Dhagax,False,HeartPulse,Cusbitaallada & Rugaha Caafimaadka
wda_dugsiga_hoose_dhexe_ee_waxbarash_109,Dugsiga Hoose/Dhexe ee Waxbarashada Qaybta 109 (150 Highway),"Public primary & intermediate school campus in 150 Highway residential & commercial grid, Hargeisa",9.5831,44.05644,Schools & Universities,school,150 Highway,False,GraduationCap,Dugsiyada & Waxbarashada
wda_akadeemiyada_casriga_ah_ee_qaybt_110,Akadeemiyada Casriga ah ee Qaybta 110 (Shaab / Institutional District),"Modern high school and STEM educational institute in Shaab / Institutional District residential & commercial grid, Hargeisa",9.56007,44.06096,Schools & Universities,school,Shaab / Institutional District,False,GraduationCap,Dugsiyada & Waxbarashada
wda_machadka_tababarka_xirfadaha_ee__111,Machadka Tababarka Xirfadaha ee Qaybta 111 (Maxamed Mooge),"Vocational and technical training college center in Maxamed Mooge residential & commercial grid, Hargeisa",9.52067,44.10665,Schools & Universities,university,Maxamed Mooge,False,GraduationCap,Jaamacadaha & Kuliyadaha
wda_masjidka_jaamaca_ee_qaybta_112_n_112,Masjidka Jaamaca ee Qaybta 112 (New Hargeisa),"Congregational Friday mosque with community prayer hall in New Hargeisa residential & commercial grid, Hargeisa",9.55545,44.09901,Mosques (Masaajidda),place_of_worship,New Hargeisa,False,Moon,Masaajidda
wda_masjidka_al_imaan_ee_qaybta_113__113,Masjidka Al-Imaan ee Qaybta 113 (Daami),"Neighborhood community mosque and Quranic learning hub in Daami residential & commercial grid, Hargeisa",9.57622,44.08538,Mosques (Masaajidda),place_of_worship,Daami,False,Moon,Masaajidda
wda_suuqa_khdaarta_iyo_ganacsiga_ee__114,Suuqa Khdaarta iyo Ganacsiga ee Qaybta 114 (Shiraaqle),"Neighborhood open-air fresh market and commercial trade zone in Shiraaqle residential & commercial grid, Hargeisa",9.56437,44.1058,Markets & Malls,mall,Shiraaqle,False,ShoppingBag,Suuqyada & Xarumaha Ganacsiga
wda_xarunta_ganacsiga_supermarket_ee_115,Xarunta Ganacsiga & Supermarket ee Qaybta 115 (Koodbuur),"Modern multi-store retail grocery and provisions shopping center in Koodbuur residential & commercial grid, Hargeisa",9.57529,44.04659,Markets & Malls,mall,Koodbuur,False,ShoppingBag,Suuqyada & Xarumaha Ganacsiga
wda_kaalinta_shidaalka_hass_national_116,Kaalinta Shidaalka Hass / National ee Qaybta 116 (Airport Zone / Masalaha),"Service petrol station, diesel dispenser and tire service in Airport Zone / Masalaha residential & commercial grid, Hargeisa",9.5239,44.09328,Fuel Stations (Kaalmaha Shidaalka),fuel,Airport Zone / Masalaha,False,Fuel,Kaalmaha Shidaalka
wda_kaalinta_shidaalka_gaaska_ee_qay_117,Kaalinta Shidaalka & Gaaska ee Qaybta 117 (Kilalka / Sheikh Nuur East),"Fuel station and LPG domestic gas distribution depot in Kilalka / Sheikh Nuur East residential & commercial grid, Hargeisa",9.57329,44.09909,Fuel Stations (Kaalmaha Shidaalka),fuel,Kilalka / Sheikh Nuur East,False,Fuel,Kaalmaha Shidaalka
wda_istaanka_gaadiidka_dadweynaha_ee_118,Istaanka Gaadiidka Dadweynaha ee Qaybta 118 (Goljano District),"Minibus terminal and designated passenger pick-and-drop stop in Goljano District residential & commercial grid, Hargeisa",9.55964,44.08517,Transport & Terminals,transit_station,Goljano District,False,Navigation,Istaannada & Gaadiidka
wda_isgoyska_weyn_ee_gaadiidka_ee_qa_119,Isgoyska Weyn ee Gaadiidka ee Qaybta 119 (Biyo Dhacay Area),"Major road intersection and inter-district transit artery in Biyo Dhacay Area residential & commercial grid, Hargeisa",9.55707,44.07796,Transport & Terminals,transit_station,Biyo Dhacay Area,False,Navigation,Istaannada & Gaadiidka
wda_huteelka_nasashada_martida_ee_qa_120,Huteelka Nasashada & Martida ee Qaybta 120 (Xero Awr / Hero Awr),"Comfortable guest lodging and family dining restaurant in Xero Awr / Hero Awr residential & commercial grid, Hargeisa",9.56734,44.05267,Hotels & Hospitality,hotel,Xero Awr / Hero Awr,False,Hotel,Huteellada & Maqaayadaha
wda_laanta_zaad_dahabshiil_ee_qaybta_121,Laanta ZAAD & Dahabshiil ee Qaybta 121 (Downtown Waheen),"Banking kiosk, e-remittance and ZAAD cash-in center in Downtown Waheen residential & commercial grid, Hargeisa",9.56304,44.06545,Banks & Financial,bank,Downtown Waheen,False,Landmark,Bangiyada & Xawaaladaha
wda_laanta_taaj_edahab_express_ee_qa_122,Laanta TAAJ & Edahab Express ee Qaybta 122 (Jigjiga Yar),"Financial services, money transfer and remittance desk in Jigjiga Yar residential & commercial grid, Hargeisa",9.5793,44.03181,Banks & Financial,bank,Jigjiga Yar,False,Landmark,Bangiyada & Xawaaladaha
wda_xafiiska_adeegga_somtel_telesom__123,Xafiiska Adeegga Somtel & Telesom ee Qaybta 123 (Ahmed Dhagax),"Telecommunications branch, SIM registration and fiber service hub in Ahmed Dhagax residential & commercial grid, Hargeisa",9.55656,44.04617,Corporate & Utilities,corporate,Ahmed Dhagax,False,Building2,Shirkadaha & Isgaadhsiinta
wda_xarunta_korontada_sompower_ee_qa_124,Xarunta Korontada Sompower ee Qaybta 124 (150 Highway),"District electrical distribution and bill payment center in 150 Highway residential & commercial grid, Hargeisa",9.58332,44.04753,Corporate & Utilities,utility,150 Highway,False,Zap,Korontada & Biyaha
wda_xafiiska_waaxda_dowladda_hoose_e_125,Xafiiska Waaxda Dowladda Hoose ee Qaybta 125 (Shaab / Institutional District),"Municipal sub-office and local civic administration center in Shaab / Institutional District residential & commercial grid, Hargeisa",9.56021,44.05502,Government & Civic,government,Shaab / Institutional District,False,Landmark,Hay'adaha Dowladda
wda_xaafada_deganaanshaha_ee_qaybta__126,Xaafada Deganaanshaha ee Qaybta 126 (Maxamed Mooge),"Quiet residential enclave and community living sector in Maxamed Mooge residential & commercial grid, Hargeisa",9.52091,44.09732,Xaafadaha (Districts),neighborhood,Maxamed Mooge,False,Home,Xaafadaha & Degmooyinka
wda_cusbitaalka_gurmadka_caafimaadka_127,Cusbitaalka Gurmadka Caafimaadka ee Qaybta 127 (New Hargeisa),"Specialized neighborhood clinic & emergency health post in New Hargeisa residential & commercial grid, Hargeisa",9.55565,44.09096,Hospitals & Healthcare,hospital,New Hargeisa,False,HeartPulse,Cusbitaallada & Rugaha Caafimaadka
wda_rugta_daryeelka_hooyada_dhallaan_128,Rugta Daryeelka Hooyada & Dhallaanka ee Qaybta 128 (Daami),"Maternal and child care dispensary center in Daami residential & commercial grid, Hargeisa",9.57639,44.07859,Hospitals & Healthcare,hospital,Daami,False,HeartPulse,Cusbitaallada & Rugaha Caafimaadka
wda_farmasiga_shacabka_caafimaadka_e_129,Farmasiga Shacabka & Caafimaadka ee Qaybta 129 (Shiraaqle),"24/7 community pharmacy and dispensary outpost in Shiraaqle residential & commercial grid, Hargeisa",9.56456,44.09817,Hospitals & Healthcare,hospital,Shiraaqle,False,HeartPulse,Cusbitaallada & Rugaha Caafimaadka
wda_dugsiga_hoose_dhexe_ee_waxbarash_130,Dugsiga Hoose/Dhexe ee Waxbarashada Qaybta 130 (Koodbuur),"Public primary & intermediate school campus in Koodbuur residential & commercial grid, Hargeisa",9.57547,44.03938,Schools & Universities,school,Koodbuur,False,GraduationCap,Dugsiyada & Waxbarashada
wda_akadeemiyada_casriga_ah_ee_qaybt_131,Akadeemiyada Casriga ah ee Qaybta 131 (Airport Zone / Masalaha),"Modern high school and STEM educational institute in Airport Zone / Masalaha residential & commercial grid, Hargeisa",9.52417,44.08268,Schools & Universities,school,Airport Zone / Masalaha,False,GraduationCap,Dugsiyada & Waxbarashada
wda_machadka_tababarka_xirfadaha_ee__132,Machadka Tababarka Xirfadaha ee Qaybta 132 (Kilalka / Sheikh Nuur East),"Vocational and technical training college center in Kilalka / Sheikh Nuur East residential & commercial grid, Hargeisa",9.57347,44.09188,Schools & Universities,university,Kilalka / Sheikh Nuur East,False,GraduationCap,Jaamacadaha & Kuliyadaha
wda_masjidka_jaamaca_ee_qaybta_133_g_133,Masjidka Jaamaca ee Qaybta 133 (Goljano District),"Congregational Friday mosque with community prayer hall in Goljano District residential & commercial grid, Hargeisa",9.5598,44.07881,Mosques (Masaajidda),place_of_worship,Goljano District,False,Moon,Masaajidda
wda_masjidka_al_imaan_ee_qaybta_134__134,Masjidka Al-Imaan ee Qaybta 134 (Biyo Dhacay Area),"Neighborhood community mosque and Quranic learning hub in Biyo Dhacay Area residential & commercial grid, Hargeisa",9.55721,44.07202,Mosques (Masaajidda),place_of_worship,Biyo Dhacay Area,False,Moon,Masaajidda
wda_suuqa_khdaarta_iyo_ganacsiga_ee__135,Suuqa Khdaarta iyo Ganacsiga ee Qaybta 135 (Xero Awr / Hero Awr),"Neighborhood open-air fresh market and commercial trade zone in Xero Awr / Hero Awr residential & commercial grid, Hargeisa",9.5675,44.04631,Markets & Malls,mall,Xero Awr / Hero Awr,False,ShoppingBag,Suuqyada & Xarumaha Ganacsiga
wda_xarunta_ganacsiga_supermarket_ee_136,Xarunta Ganacsiga & Supermarket ee Qaybta 136 (Downtown Waheen),"Modern multi-store retail grocery and provisions shopping center in Downtown Waheen residential & commercial grid, Hargeisa",9.55948,44.0692,Markets & Malls,mall,Downtown Waheen,False,ShoppingBag,Suuqyada & Xarumaha Ganacsiga
wda_kaalinta_shidaalka_hass_national_137,Kaalinta Shidaalka Hass / National ee Qaybta 137 (Jigjiga Yar),"Service petrol station, diesel dispenser and tire service in Jigjiga Yar residential & commercial grid, Hargeisa",9.57485,44.0365,Fuel Stations (Kaalmaha Shidaalka),fuel,Jigjiga Yar,False,Fuel,Kaalmaha Shidaalka
wda_kaalinta_shidaalka_gaaska_ee_qay_138,Kaalinta Shidaalka & Gaaska ee Qaybta 138 (Ahmed Dhagax),"Fuel station and LPG domestic gas distribution depot in Ahmed Dhagax residential & commercial grid, Hargeisa",9.55122,44.05179,Fuel Stations (Kaalmaha Shidaalka),fuel,Ahmed Dhagax,False,Fuel,Kaalmaha Shidaalka
wda_istaanka_gaadiidka_dadweynaha_ee_139,Istaanka Gaadiidka Dadweynaha ee Qaybta 139 (150 Highway),"Minibus terminal and designated passenger pick-and-drop stop in 150 Highway residential & commercial grid, Hargeisa",9.57709,44.05409,Transport & Terminals,transit_station,150 Highway,False,Navigation,Istaannada & Gaadiidka
wda_isgoyska_weyn_ee_gaadiidka_ee_qa_140,Isgoyska Weyn ee Gaadiidka ee Qaybta 140 (Shaab / Institutional District),"Major road intersection and inter-district transit artery in Shaab / Institutional District residential & commercial grid, Hargeisa",9.55606,44.0594,Transport & Terminals,transit_station,Shaab / Institutional District,False,Navigation,Istaannada & Gaadiidka
wda_huteelka_nasashada_martida_ee_qa_141,Huteelka Nasashada & Martida ee Qaybta 141 (Maxamed Mooge),"Comfortable guest lodging and family dining restaurant in Maxamed Mooge residential & commercial grid, Hargeisa",9.51438,44.10419,Hotels & Hospitality,hotel,Maxamed Mooge,False,Hotel,Huteellada & Maqaayadaha
wda_laanta_zaad_dahabshiil_ee_qaybta_142,Laanta ZAAD & Dahabshiil ee Qaybta 142 (New Hargeisa),"Banking kiosk, e-remittance and ZAAD cash-in center in New Hargeisa residential & commercial grid, Hargeisa",9.55001,44.09689,Banks & Financial,bank,New Hargeisa,False,Landmark,Bangiyada & Xawaaladaha
wda_laanta_taaj_edahab_express_ee_qa_143,Laanta TAAJ & Edahab Express ee Qaybta 143 (Daami),"Financial services, money transfer and remittance desk in Daami residential & commercial grid, Hargeisa",9.57164,44.0836,Banks & Financial,bank,Daami,False,Landmark,Bangiyada & Xawaaladaha
wda_xafiiska_adeegga_somtel_telesom__144,Xafiiska Adeegga Somtel & Telesom ee Qaybta 144 (Shiraaqle),"Telecommunications branch, SIM registration and fiber service hub in Shiraaqle residential & commercial grid, Hargeisa",9.55922,44.10379,Corporate & Utilities,corporate,Shiraaqle,False,Building2,Shirkadaha & Isgaadhsiinta
wda_xarunta_korontada_sompower_ee_qa_145,Xarunta Korontada Sompower ee Qaybta 145 (Koodbuur),"District electrical distribution and bill payment center in Koodbuur residential & commercial grid, Hargeisa",9.57043,44.0447,Corporate & Utilities,utility,Koodbuur,False,Zap,Korontada & Biyaha
wda_xafiiska_waaxda_dowladda_hoose_e_146,Xafiiska Waaxda Dowladda Hoose ee Qaybta 146 (Airport Zone / Masalaha),"Municipal sub-office and local civic administration center in Airport Zone / Masalaha residential & commercial grid, Hargeisa",9.51675,44.09049,Government & Civic,government,Airport Zone / Masalaha,False,Landmark,Hay'adaha Dowladda
wda_xaafada_deganaanshaha_ee_qaybta__147,Xaafada Deganaanshaha ee Qaybta 147 (Kilalka / Sheikh Nuur East),"Quiet residential enclave and community living sector in Kilalka / Sheikh Nuur East residential & commercial grid, Hargeisa",9.56843,44.0972,Xaafadaha (Districts),neighborhood,Kilalka / Sheikh Nuur East,False,Home,Xaafadaha & Degmooyinka
wda_cusbitaalka_gurmadka_caafimaadka_148,Cusbitaalka Gurmadka Caafimaadka ee Qaybta 148 (Goljano District),"Specialized neighborhood clinic & emergency health post in Goljano District residential & commercial grid, Hargeisa",9.55535,44.0835,Hospitals & Healthcare,hospital,Goljano District,False,HeartPulse,Cusbitaallada & Rugaha Caafimaadka
wda_rugta_daryeelka_hooyada_dhallaan_149,Rugta Daryeelka Hooyada & Dhallaanka ee Qaybta 149 (Biyo Dhacay Area),"Maternal and child care dispensary center in Biyo Dhacay Area residential & commercial grid, Hargeisa",9.55306,44.0764,Hospitals & Healthcare,hospital,Biyo Dhacay Area,False,HeartPulse,Cusbitaallada & Rugaha Caafimaadka
wda_farmasiga_shacabka_caafimaadka_e_150,Farmasiga Shacabka & Caafimaadka ee Qaybta 150 (Xero Awr / Hero Awr),"24/7 community pharmacy and dispensary outpost in Xero Awr / Hero Awr residential & commercial grid, Hargeisa",9.56305,44.051,Hospitals & Healthcare,hospital,Xero Awr / Hero Awr,False,HeartPulse,Cusbitaallada & Rugaha Caafimaadka
wda_dugsiga_hoose_dhexe_ee_waxbarash_151,Dugsiga Hoose/Dhexe ee Waxbarashada Qaybta 151 (Downtown Waheen),"Public primary & intermediate school campus in Downtown Waheen residential & commercial grid, Hargeisa",9.56471,44.06886,Schools & Universities,school,Downtown Waheen,False,GraduationCap,Dugsiyada & Waxbarashada
wda_akadeemiyada_casriga_ah_ee_qaybt_152,Akadeemiyada Casriga ah ee Qaybta 152 (Jigjiga Yar),"Modern high school and STEM educational institute in Jigjiga Yar residential & commercial grid, Hargeisa",9.58139,44.03608,Schools & Universities,school,Jigjiga Yar,False,GraduationCap,Dugsiyada & Waxbarashada
wda_machadka_tababarka_xirfadaha_ee__153,Machadka Tababarka Xirfadaha ee Qaybta 153 (Ahmed Dhagax),"Vocational and technical training college center in Ahmed Dhagax residential & commercial grid, Hargeisa",9.55907,44.05129,Schools & Universities,university,Ahmed Dhagax,False,GraduationCap,Jaamacadaha & Kuliyadaha
wda_masjidka_jaamaca_ee_qaybta_154_1_154,Masjidka Jaamaca ee Qaybta 154 (150 Highway),"Congregational Friday mosque with community prayer hall in 150 Highway residential & commercial grid, Hargeisa",9.58624,44.05351,Mosques (Masaajidda),place_of_worship,150 Highway,False,Moon,Masaajidda
wda_masjidka_al_imaan_ee_qaybta_155__155,Masjidka Al-Imaan ee Qaybta 155 (Shaab / Institutional District),"Neighborhood community mosque and Quranic learning hub in Shaab / Institutional District residential & commercial grid, Hargeisa",9.56216,44.05901,Mosques (Masaajidda),place_of_worship,Shaab / Institutional District,False,Moon,Masaajidda
wda_suuqa_khdaarta_iyo_ganacsiga_ee__156,Suuqa Khdaarta iyo Ganacsiga ee Qaybta 156 (Maxamed Mooge),"Neighborhood open-air fresh market and commercial trade zone in Maxamed Mooge residential & commercial grid, Hargeisa",9.52397,44.10358,Markets & Malls,mall,Maxamed Mooge,False,ShoppingBag,Suuqyada & Xarumaha Ganacsiga
wda_xarunta_ganacsiga_supermarket_ee_157,Xarunta Ganacsiga & Supermarket ee Qaybta 157 (New Hargeisa),"Modern multi-store retail grocery and provisions shopping center in New Hargeisa residential & commercial grid, Hargeisa",9.55829,44.09637,Markets & Malls,mall,New Hargeisa,False,ShoppingBag,Suuqyada & Xarumaha Ganacsiga
wda_kaalinta_shidaalka_hass_national_158,Kaalinta Shidaalka Hass / National ee Qaybta 158 (Daami),"Service petrol station, diesel dispenser and tire service in Daami residential & commercial grid, Hargeisa",9.57861,44.08315,Fuel Stations (Kaalmaha Shidaalka),fuel,Daami,False,Fuel,Kaalmaha Shidaalka
wda_kaalinta_shidaalka_gaaska_ee_qay_159,Kaalinta Shidaalka & Gaaska ee Qaybta 159 (Shiraaqle),"Fuel station and LPG domestic gas distribution depot in Shiraaqle residential & commercial grid, Hargeisa",9.56707,44.10329,Fuel Stations (Kaalmaha Shidaalka),fuel,Shiraaqle,False,Fuel,Kaalmaha Shidaalka
wda_istaanka_gaadiidka_dadweynaha_ee_160,Istaanka Gaadiidka Dadweynaha ee Qaybta 160 (Koodbuur),"Minibus terminal and designated passenger pick-and-drop stop in Koodbuur residential & commercial grid, Hargeisa",9.57784,44.04422,Transport & Terminals,transit_station,Koodbuur,False,Navigation,Istaannada & Gaadiidka
wda_isgoyska_weyn_ee_gaadiidka_ee_qa_161,Isgoyska Weyn ee Gaadiidka ee Qaybta 161 (Airport Zone / Masalaha),"Major road intersection and inter-district transit artery in Airport Zone / Masalaha residential & commercial grid, Hargeisa",9.52765,44.0898,Transport & Terminals,transit_station,Airport Zone / Masalaha,False,Navigation,Istaannada & Gaadiidka
wda_huteelka_nasashada_martida_ee_qa_162,Huteelka Nasashada & Martida ee Qaybta 162 (Kilalka / Sheikh Nuur East),"Comfortable guest lodging and family dining restaurant in Kilalka / Sheikh Nuur East residential & commercial grid, Hargeisa",9.57584,44.09672,Hotels & Hospitality,hotel,Kilalka / Sheikh Nuur East,False,Hotel,Huteellada & Maqaayadaha
wda_laanta_zaad_dahabshiil_ee_qaybta_163,Laanta ZAAD & Dahabshiil ee Qaybta 163 (Goljano District),"Banking kiosk, e-remittance and ZAAD cash-in center in Goljano District residential & commercial grid, Hargeisa",9.56189,44.08308,Banks & Financial,bank,Goljano District,False,Landmark,Bangiyada & Xawaaladaha
wda_laanta_taaj_edahab_express_ee_qa_164,Laanta TAAJ & Edahab Express ee Qaybta 164 (Biyo Dhacay Area),"Financial services, money transfer and remittance desk in Biyo Dhacay Area residential & commercial grid, Hargeisa",9.55916,44.07601,Banks & Financial,bank,Biyo Dhacay Area,False,Landmark,Bangiyada & Xawaaladaha
wda_xafiiska_adeegga_somtel_telesom__165,Xafiiska Adeegga Somtel & Telesom ee Qaybta 165 (Xero Awr / Hero Awr),"Telecommunications branch, SIM registration and fiber service hub in Xero Awr / Hero Awr residential & commercial grid, Hargeisa",9.56959,44.05058,Corporate & Utilities,corporate,Xero Awr / Hero Awr,False,Building2,Shirkadaha & Isgaadhsiinta
wda_xarunta_korontada_sompower_ee_qa_166,Xarunta Korontada Sompower ee Qaybta 166 (Downtown Waheen),"District electrical distribution and bill payment center in Downtown Waheen residential & commercial grid, Hargeisa",9.56055,44.06546,Corporate & Utilities,utility,Downtown Waheen,False,Zap,Korontada & Biyaha
wda_xafiiska_waaxda_dowladda_hoose_e_167,Xafiiska Waaxda Dowladda Hoose ee Qaybta 167 (Jigjiga Yar),"Municipal sub-office and local civic administration center in Jigjiga Yar residential & commercial grid, Hargeisa",9.57619,44.03182,Government & Civic,government,Jigjiga Yar,False,Landmark,Hay'adaha Dowladda
wda_xaafada_deganaanshaha_ee_qaybta__168,Xaafada Deganaanshaha ee Qaybta 168 (Ahmed Dhagax),"Quiet residential enclave and community living sector in Ahmed Dhagax residential & commercial grid, Hargeisa",9.55282,44.04619,Xaafadaha (Districts),neighborhood,Ahmed Dhagax,False,Home,Xaafadaha & Degmooyinka
wda_cusbitaalka_gurmadka_caafimaadka_169,Cusbitaalka Gurmadka Caafimaadka ee Qaybta 169 (150 Highway),"Specialized neighborhood clinic & emergency health post in 150 Highway residential & commercial grid, Hargeisa",9.57896,44.04755,Hospitals & Healthcare,hospital,150 Highway,False,HeartPulse,Cusbitaallada & Rugaha Caafimaadka
wda_rugta_daryeelka_hooyada_dhallaan_170,Rugta Daryeelka Hooyada & Dhallaanka ee Qaybta 170 (Shaab / Institutional District),"Maternal and child care dispensary center in Shaab / Institutional District residential & commercial grid, Hargeisa",9.55731,44.05504,Hospitals & Healthcare,hospital,Shaab / Institutional District,False,HeartPulse,Cusbitaallada & Rugaha Caafimaadka
wda_farmasiga_shacabka_caafimaadka_e_171,Farmasiga Shacabka & Caafimaadka ee Qaybta 171 (Maxamed Mooge),"24/7 community pharmacy and dispensary outpost in Maxamed Mooge residential & commercial grid, Hargeisa",9.51634,44.09734,Hospitals & Healthcare,hospital,Maxamed Mooge,False,HeartPulse,Cusbitaallada & Rugaha Caafimaadka
wda_dugsiga_hoose_dhexe_ee_waxbarash_172,Dugsiga Hoose/Dhexe ee Waxbarashada Qaybta 172 (New Hargeisa),"Public primary & intermediate school campus in New Hargeisa residential & commercial grid, Hargeisa",9.5517,44.09098,Schools & Universities,school,New Hargeisa,False,GraduationCap,Dugsiyada & Waxbarashada
wda_akadeemiyada_casriga_ah_ee_qaybt_173,Akadeemiyada Casriga ah ee Qaybta 173 (Daami),"Modern high school and STEM educational institute in Daami residential & commercial grid, Hargeisa",9.57306,44.07861,Schools & Universities,school,Daami,False,GraduationCap,Dugsiyada & Waxbarashada
wda_machadka_tababarka_xirfadaha_ee__174,Machadka Tababarka Xirfadaha ee Qaybta 174 (Shiraaqle),"Vocational and technical training college center in Shiraaqle residential & commercial grid, Hargeisa",9.56082,44.09819,Schools & Universities,university,Shiraaqle,False,GraduationCap,Jaamacadaha & Kuliyadaha
wda_masjidka_jaamaca_ee_qaybta_175_k_175,Masjidka Jaamaca ee Qaybta 175 (Koodbuur),"Congregational Friday mosque with community prayer hall in Koodbuur residential & commercial grid, Hargeisa",9.57194,44.0394,Mosques (Masaajidda),place_of_worship,Koodbuur,False,Moon,Masaajidda
wda_masjidka_al_imaan_ee_qaybta_176__176,Masjidka Al-Imaan ee Qaybta 176 (Airport Zone / Masalaha),"Neighborhood community mosque and Quranic learning hub in Airport Zone / Masalaha residential & commercial grid, Hargeisa",9.51898,44.08271,Mosques (Masaajidda),place_of_worship,Airport Zone / Masalaha,False,Moon,Masaajidda
wda_suuqa_khdaarta_iyo_ganacsiga_ee__177,Suuqa Khdaarta iyo Ganacsiga ee Qaybta 177 (Kilalka / Sheikh Nuur East),"Neighborhood open-air fresh market and commercial trade zone in Kilalka / Sheikh Nuur East residential & commercial grid, Hargeisa",9.56994,44.0919,Markets & Malls,mall,Kilalka / Sheikh Nuur East,False,ShoppingBag,Suuqyada & Xarumaha Ganacsiga
wda_xarunta_ganacsiga_supermarket_ee_178,Xarunta Ganacsiga & Supermarket ee Qaybta 178 (Goljano District),"Modern multi-store retail grocery and provisions shopping center in Goljano District residential & commercial grid, Hargeisa",9.55669,44.07883,Markets & Malls,mall,Goljano District,False,ShoppingBag,Suuqyada & Xarumaha Ganacsiga
wda_kaalinta_shidaalka_hass_national_179,Kaalinta Shidaalka Hass / National ee Qaybta 179 (Biyo Dhacay Area),"Service petrol station, diesel dispenser and tire service in Biyo Dhacay Area residential & commercial grid, Hargeisa",9.55431,44.07204,Fuel Stations (Kaalmaha Shidaalka),fuel,Biyo Dhacay Area,False,Fuel,Kaalmaha Shidaalka
wda_kaalinta_shidaalka_gaaska_ee_qay_180,Kaalinta Shidaalka & Gaaska ee Qaybta 180 (Xero Awr / Hero Awr),"Fuel station and LPG domestic gas distribution depot in Xero Awr / Hero Awr residential & commercial grid, Hargeisa",9.56439,44.04632,Fuel Stations (Kaalmaha Shidaalka),fuel,Xero Awr / Hero Awr,False,Fuel,Kaalmaha Shidaalka
wda_istaanka_gaadiidka_dadweynaha_ee_181,Istaanka Gaadiidka Dadweynaha ee Qaybta 181 (Downtown Waheen),"Minibus terminal and designated passenger pick-and-drop stop in Downtown Waheen residential & commercial grid, Hargeisa",9.56137,44.07092,Transport & Terminals,transit_station,Downtown Waheen,False,Navigation,Istaannada & Gaadiidka
wda_isgoyska_weyn_ee_gaadiidka_ee_qa_182,Isgoyska Weyn ee Gaadiidka ee Qaybta 182 (Jigjiga Yar),"Major road intersection and inter-district transit artery in Jigjiga Yar residential & commercial grid, Hargeisa",9.57721,44.03865,Transport & Terminals,transit_station,Jigjiga Yar,False,Navigation,Istaannada & Gaadiidka
wda_huteelka_nasashada_martida_ee_qa_183,Huteelka Nasashada & Martida ee Qaybta 183 (Ahmed Dhagax),"Comfortable guest lodging and family dining restaurant in Ahmed Dhagax residential & commercial grid, Hargeisa",9.55405,44.05438,Hotels & Hospitality,hotel,Ahmed Dhagax,False,Hotel,Huteellada & Maqaayadaha
wda_laanta_zaad_dahabshiil_ee_qaybta_184,Laanta ZAAD & Dahabshiil ee Qaybta 184 (150 Highway),"Banking kiosk, e-remittance and ZAAD cash-in center in 150 Highway residential & commercial grid, Hargeisa",9.58039,44.05711,Banks & Financial,bank,150 Highway,False,Landmark,Bangiyada & Xawaaladaha
wda_laanta_taaj_edahab_express_ee_qa_185,Laanta TAAJ & Edahab Express ee Qaybta 185 (Shaab / Institutional District),"Financial services, money transfer and remittance desk in Shaab / Institutional District residential & commercial grid, Hargeisa",9.55826,44.06141,Banks & Financial,bank,Shaab / Institutional District,False,Landmark,Bangiyada & Xawaaladaha
wda_xafiiska_adeegga_somtel_telesom__186,Xafiiska Adeegga Somtel & Telesom ee Qaybta 186 (Maxamed Mooge),"Telecommunications branch, SIM registration and fiber service hub in Maxamed Mooge residential & commercial grid, Hargeisa",9.51784,44.10735,Corporate & Utilities,corporate,Maxamed Mooge,False,Building2,Shirkadaha & Isgaadhsiinta
wda_xarunta_korontada_sompower_ee_qa_187,Xarunta Korontada Sompower ee Qaybta 187 (New Hargeisa),"District electrical distribution and bill payment center in New Hargeisa residential & commercial grid, Hargeisa",9.553,44.09962,Corporate & Utilities,utility,New Hargeisa,False,Zap,Korontada & Biyaha
wda_xafiiska_waaxda_dowladda_hoose_e_188,Xafiiska Waaxda Dowladda Hoose ee Qaybta 188 (Daami),"Municipal sub-office and local civic administration center in Daami residential & commercial grid, Hargeisa",9.57416,44.08589,Government & Civic,government,Daami,False,Landmark,Hay'adaha Dowladda
wda_xaafada_deganaanshaha_ee_qaybta__189,Xaafada Deganaanshaha ee Qaybta 189 (Shiraaqle),"Quiet residential enclave and community living sector in Shiraaqle residential & commercial grid, Hargeisa",9.56205,44.10638,Xaafadaha (Districts),neighborhood,Shiraaqle,False,Home,Xaafadaha & Degmooyinka
wda_cusbitaalka_gurmadka_caafimaadka_190,Cusbitaalka Gurmadka Caafimaadka ee Qaybta 190 (Koodbuur),"Specialized neighborhood clinic & emergency health post in Koodbuur residential & commercial grid, Hargeisa",9.5731,44.04714,Hospitals & Healthcare,hospital,Koodbuur,False,HeartPulse,Cusbitaallada & Rugaha Caafimaadka
wda_rugta_daryeelka_hooyada_dhallaan_191,Rugta Daryeelka Hooyada & Dhallaanka ee Qaybta 191 (Airport Zone / Masalaha),"Maternal and child care dispensary center in Airport Zone / Masalaha residential & commercial grid, Hargeisa",9.52068,44.09408,Hospitals & Healthcare,hospital,Airport Zone / Masalaha,False,HeartPulse,Cusbitaallada & Rugaha Caafimaadka
wda_farmasiga_shacabka_caafimaadka_e_192,Farmasiga Shacabka & Caafimaadka ee Qaybta 192 (Kilalka / Sheikh Nuur East),"24/7 community pharmacy and dispensary outpost in Kilalka / Sheikh Nuur East residential & commercial grid, Hargeisa",9.5711,44.09963,Hospitals & Healthcare,hospital,Kilalka / Sheikh Nuur East,False,HeartPulse,Cusbitaallada & Rugaha Caafimaadka
wda_dugsiga_hoose_dhexe_ee_waxbarash_193,Dugsiga Hoose/Dhexe ee Waxbarashada Qaybta 193 (Goljano District),"Public primary & intermediate school campus in Goljano District residential & commercial grid, Hargeisa",9.55771,44.08565,Schools & Universities,school,Goljano District,False,GraduationCap,Dugsiyada & Waxbarashada
wda_akadeemiyada_casriga_ah_ee_qaybt_194,Akadeemiyada Casriga ah ee Qaybta 194 (Biyo Dhacay Area),"Modern high school and STEM educational institute in Biyo Dhacay Area residential & commercial grid, Hargeisa",9.55526,44.07841,Schools & Universities,school,Biyo Dhacay Area,False,GraduationCap,Dugsiyada & Waxbarashada
wda_machadka_tababarka_xirfadaha_ee__195,Machadka Tababarka Xirfadaha ee Qaybta 195 (Xero Awr / Hero Awr),"Vocational and technical training college center in Xero Awr / Hero Awr residential & commercial grid, Hargeisa",9.56541,44.05315,Schools & Universities,university,Xero Awr / Hero Awr,False,GraduationCap,Jaamacadaha & Kuliyadaha
wda_masjidka_jaamaca_ee_qaybta_196_d_196,Masjidka Jaamaca ee Qaybta 196 (Downtown Waheen),"Congregational Friday mosque with community prayer hall in Downtown Waheen residential & commercial grid, Hargeisa",9.56445,44.06625,Mosques (Masaajidda),place_of_worship,Downtown Waheen,False,Moon,Masaajidda
wda_masjidka_al_imaan_ee_qaybta_197__197,Masjidka Al-Imaan ee Qaybta 197 (Jigjiga Yar),"Neighborhood community mosque and Quranic learning hub in Jigjiga Yar residential & commercial grid, Hargeisa",9.58106,44.03282,Mosques (Masaajidda),place_of_worship,Jigjiga Yar,False,Moon,Masaajidda
wda_suuqa_khdaarta_iyo_ganacsiga_ee__198,Suuqa Khdaarta iyo Ganacsiga ee Qaybta 198 (Ahmed Dhagax),"Neighborhood open-air fresh market and commercial trade zone in Ahmed Dhagax residential & commercial grid, Hargeisa",9.55868,44.04738,Markets & Malls,mall,Ahmed Dhagax,False,ShoppingBag,Suuqyada & Xarumaha Ganacsiga
wda_xarunta_ganacsiga_supermarket_ee_199,Xarunta Ganacsiga & Supermarket ee Qaybta 199 (150 Highway),"Modern multi-store retail grocery and provisions shopping center in 150 Highway residential & commercial grid, Hargeisa",9.58579,44.04894,Markets & Malls,mall,150 Highway,False,ShoppingBag,Suuqyada & Xarumaha Ganacsiga
wda_kaalinta_shidaalka_hass_national_200,Kaalinta Shidaalka Hass / National ee Qaybta 200 (Shaab / Institutional District),"Service petrol station, diesel dispenser and tire service in Shaab / Institutional District residential & commercial grid, Hargeisa",9.56186,44.05596,Fuel Stations (Kaalmaha Shidaalka),fuel,Shaab / Institutional District,False,Fuel,Kaalmaha Shidaalka
wda_kaalinta_shidaalka_gaaska_ee_qay_201,Kaalinta Shidaalka & Gaaska ee Qaybta 201 (Maxamed Mooge),"Fuel station and LPG domestic gas distribution depot in Maxamed Mooge residential & commercial grid, Hargeisa",9.52349,44.0988,Fuel Stations (Kaalmaha Shidaalka),fuel,Maxamed Mooge,False,Fuel,Kaalmaha Shidaalka
wda_istaanka_gaadiidka_dadweynaha_ee_202,Istaanka Gaadiidka Dadweynaha ee Qaybta 202 (New Hargeisa),"Minibus terminal and designated passenger pick-and-drop stop in New Hargeisa residential & commercial grid, Hargeisa",9.55788,44.09223,Transport & Terminals,transit_station,New Hargeisa,False,Navigation,Istaannada & Gaadiidka
wda_isgoyska_weyn_ee_gaadiidka_ee_qa_203,Isgoyska Weyn ee Gaadiidka ee Qaybta 203 (Daami),"Major road intersection and inter-district transit artery in Daami residential & commercial grid, Hargeisa",9.57827,44.07967,Transport & Terminals,transit_station,Daami,False,Navigation,Istaannada & Gaadiidka
wda_huteelka_nasashada_martida_ee_qa_204,Huteelka Nasashada & Martida ee Qaybta 204 (Shiraaqle),"Comfortable guest lodging and family dining restaurant in Shiraaqle residential & commercial grid, Hargeisa",9.56668,44.09938,Hotels & Hospitality,hotel,Shiraaqle,False,Hotel,Huteellada & Maqaayadaha
wda_laanta_zaad_dahabshiil_ee_qaybta_205,Laanta ZAAD & Dahabshiil ee Qaybta 205 (Koodbuur),"Banking kiosk, e-remittance and ZAAD cash-in center in Koodbuur residential & commercial grid, Hargeisa",9.57747,44.04052,Banks & Financial,bank,Koodbuur,False,Landmark,Bangiyada & Xawaaladaha
wda_laanta_taaj_edahab_express_ee_qa_206,Laanta TAAJ & Edahab Express ee Qaybta 206 (Airport Zone / Masalaha),"Financial services, money transfer and remittance desk in Airport Zone / Masalaha residential & commercial grid, Hargeisa",9.52711,44.08436,Banks & Financial,bank,Airport Zone / Masalaha,False,Landmark,Bangiyada & Xawaaladaha
wda_xafiiska_adeegga_somtel_telesom__207,Xafiiska Adeegga Somtel & Telesom ee Qaybta 207 (Kilalka / Sheikh Nuur East),"Telecommunications branch, SIM registration and fiber service hub in Kilalka / Sheikh Nuur East residential & commercial grid, Hargeisa",9.57547,44.09302,Corporate & Utilities,corporate,Kilalka / Sheikh Nuur East,False,Building2,Shirkadaha & Isgaadhsiinta
wda_xarunta_korontada_sompower_ee_qa_208,Xarunta Korontada Sompower ee Qaybta 208 (Goljano District),"District electrical distribution and bill payment center in Goljano District residential & commercial grid, Hargeisa",9.56156,44.07982,Corporate & Utilities,utility,Goljano District,False,Zap,Korontada & Biyaha
wda_xafiiska_waaxda_dowladda_hoose_e_209,Xafiiska Waaxda Dowladda Hoose ee Qaybta 209 (Biyo Dhacay Area),"Municipal sub-office and local civic administration center in Biyo Dhacay Area residential & commercial grid, Hargeisa",9.55886,44.07296,Government & Civic,government,Biyo Dhacay Area,False,Landmark,Hay'adaha Dowladda
wda_xaafada_deganaanshaha_ee_qaybta__210,Xaafada Deganaanshaha ee Qaybta 210 (Xero Awr / Hero Awr),"Quiet residential enclave and community living sector in Xero Awr / Hero Awr residential & commercial grid, Hargeisa",9.56926,44.04732,Xaafadaha (Districts),neighborhood,Xero Awr / Hero Awr,False,Home,Xaafadaha & Degmooyinka
wda_cusbitaalka_gurmadka_caafimaadka_211,Cusbitaalka Gurmadka Caafimaadka ee Qaybta 211 (Downtown Waheen),"Specialized neighborhood clinic & emergency health post in Downtown Waheen residential & commercial grid, Hargeisa",9.55898,44.0676,Hospitals & Healthcare,hospital,Downtown Waheen,False,HeartPulse,Cusbitaallada & Rugaha Caafimaadka
wda_rugta_daryeelka_hooyada_dhallaan_212,Rugta Daryeelka Hooyada & Dhallaanka ee Qaybta 212 (Jigjiga Yar),"Maternal and child care dispensary center in Jigjiga Yar residential & commercial grid, Hargeisa",9.57423,44.0345,Hospitals & Healthcare,hospital,Jigjiga Yar,False,HeartPulse,Cusbitaallada & Rugaha Caafimaadka
wda_farmasiga_shacabka_caafimaadka_e_213,Farmasiga Shacabka & Caafimaadka ee Qaybta 213 (Ahmed Dhagax),"24/7 community pharmacy and dispensary outpost in Ahmed Dhagax residential & commercial grid, Hargeisa",9.55047,44.0494,Hospitals & Healthcare,hospital,Ahmed Dhagax,False,HeartPulse,Cusbitaallada & Rugaha Caafimaadka
wda_dugsiga_hoose_dhexe_ee_waxbarash_214,Dugsiga Hoose/Dhexe ee Waxbarashada Qaybta 214 (150 Highway),"Public primary & intermediate school campus in 150 Highway residential & commercial grid, Hargeisa",9.57622,44.05131,Schools & Universities,school,150 Highway,False,GraduationCap,Dugsiyada & Waxbarashada
wda_akadeemiyada_casriga_ah_ee_qaybt_215,Akadeemiyada Casriga ah ee Qaybta 215 (Shaab / Institutional District),"Modern high school and STEM educational institute in Shaab / Institutional District residential & commercial grid, Hargeisa",9.55548,44.05754,Schools & Universities,school,Shaab / Institutional District,False,GraduationCap,Dugsiyada & Waxbarashada
wda_machadka_tababarka_xirfadaha_ee__216,Machadka Tababarka Xirfadaha ee Qaybta 216 (Maxamed Mooge),"Vocational and technical training college center in Maxamed Mooge residential & commercial grid, Hargeisa",9.51346,44.10127,Schools & Universities,university,Maxamed Mooge,False,GraduationCap,Jaamacadaha & Kuliyadaha
wda_masjidka_jaamaca_ee_qaybta_217_n_217,Masjidka Jaamaca ee Qaybta 217 (New Hargeisa),"Congregational Friday mosque with community prayer hall in New Hargeisa residential & commercial grid, Hargeisa",9.54922,44.09437,Mosques (Masaajidda),place_of_worship,New Hargeisa,False,Moon,Masaajidda
wda_masjidka_al_imaan_ee_qaybta_218__218,Masjidka Al-Imaan ee Qaybta 218 (Daami),"Neighborhood community mosque and Quranic learning hub in Daami residential & commercial grid, Hargeisa",9.57097,44.08147,Mosques (Masaajidda),place_of_worship,Daami,False,Moon,Masaajidda
wda_suuqa_khdaarta_iyo_ganacsiga_ee__219,Suuqa Khdaarta iyo Ganacsiga ee Qaybta 219 (Shiraaqle),"Neighborhood open-air fresh market and commercial trade zone in Shiraaqle residential & commercial grid, Hargeisa",9.55847,44.1014,Markets & Malls,mall,Shiraaqle,False,ShoppingBag,Suuqyada & Xarumaha Ganacsiga
wda_xarunta_ganacsiga_supermarket_ee_220,Xarunta Ganacsiga & Supermarket ee Qaybta 220 (Koodbuur),"Modern multi-store retail grocery and provisions shopping center in Koodbuur residential & commercial grid, Hargeisa",9.56972,44.04244,Markets & Malls,mall,Koodbuur,False,ShoppingBag,Suuqyada & Xarumaha Ganacsiga
wda_kaalinta_shidaalka_hass_national_221,Kaalinta Shidaalka Hass / National ee Qaybta 221 (Airport Zone / Masalaha),"Service petrol station, diesel dispenser and tire service in Airport Zone / Masalaha residential & commercial grid, Hargeisa",9.51571,44.08717,Fuel Stations (Kaalmaha Shidaalka),fuel,Airport Zone / Masalaha,False,Fuel,Kaalmaha Shidaalka
wda_kaalinta_shidaalka_gaaska_ee_qay_222,Kaalinta Shidaalka & Gaaska ee Qaybta 222 (Kilalka / Sheikh Nuur East),"Fuel station and LPG domestic gas distribution depot in Kilalka / Sheikh Nuur East residential & commercial grid, Hargeisa",9.56772,44.09494,Fuel Stations (Kaalmaha Shidaalka),fuel,Kilalka / Sheikh Nuur East,False,Fuel,Kaalmaha Shidaalka
wda_istaanka_gaadiidka_dadweynaha_ee_223,Istaanka Gaadiidka Dadweynaha ee Qaybta 223 (Goljano District),"Minibus terminal and designated passenger pick-and-drop stop in Goljano District residential & commercial grid, Hargeisa",9.55473,44.0815,Transport & Terminals,transit_station,Goljano District,False,Navigation,Istaannada & Gaadiidka
wda_isgoyska_weyn_ee_gaadiidka_ee_qa_224,Isgoyska Weyn ee Gaadiidka ee Qaybta 224 (Biyo Dhacay Area),"Major road intersection and inter-district transit artery in Biyo Dhacay Area residential & commercial grid, Hargeisa",9.55248,44.07454,Transport & Terminals,transit_station,Biyo Dhacay Area,False,Navigation,Istaannada & Gaadiidka
wda_huteelka_nasashada_martida_ee_qa_225,Huteelka Nasashada & Martida ee Qaybta 225 (Xero Awr / Hero Awr),"Comfortable guest lodging and family dining restaurant in Xero Awr / Hero Awr residential & commercial grid, Hargeisa",9.56243,44.049,Hotels & Hospitality,hotel,Xero Awr / Hero Awr,False,Hotel,Huteellada & Maqaayadaha
wda_laanta_zaad_dahabshiil_ee_qaybta_226,Laanta ZAAD & Dahabshiil ee Qaybta 226 (Downtown Waheen),"Banking kiosk, e-remittance and ZAAD cash-in center in Downtown Waheen residential & commercial grid, Hargeisa",9.56399,44.0704,Banks & Financial,bank,Downtown Waheen,False,Landmark,Bangiyada & Xawaaladaha
wda_laanta_taaj_edahab_express_ee_qa_227,Laanta TAAJ & Edahab Express ee Qaybta 227 (Jigjiga Yar),"Financial services, money transfer and remittance desk in Jigjiga Yar residential & commercial grid, Hargeisa",9.58049,44.038,Banks & Financial,bank,Jigjiga Yar,False,Landmark,Bangiyada & Xawaaladaha
wda_xafiiska_adeegga_somtel_telesom__228,Xafiiska Adeegga Somtel & Telesom ee Qaybta 228 (Ahmed Dhagax),"Telecommunications branch, SIM registration and fiber service hub in Ahmed Dhagax residential & commercial grid, Hargeisa",9.55799,44.0536,Corporate & Utilities,corporate,Ahmed Dhagax,False,Building2,Shirkadaha & Isgaadhsiinta
wda_xarunta_korontada_sompower_ee_qa_229,Xarunta Korontada Sompower ee Qaybta 229 (150 Highway),"District electrical distribution and bill payment center in 150 Highway residential & commercial grid, Hargeisa",9.58499,44.0562,Corporate & Utilities,utility,150 Highway,False,Zap,Korontada & Biyaha
wda_xafiiska_waaxda_dowladda_hoose_e_230,Xafiiska Waaxda Dowladda Hoose ee Qaybta 230 (Shaab / Institutional District),"Municipal sub-office and local civic administration center in Shaab / Institutional District residential & commercial grid, Hargeisa",9.56132,44.0608,Government & Civic,government,Shaab / Institutional District,False,Landmark,Hay'adaha Dowladda
wda_xaafada_deganaanshaha_ee_qaybta__231,Xaafada Deganaanshaha ee Qaybta 231 (Maxamed Mooge),"Quiet residential enclave and community living sector in Maxamed Mooge residential & commercial grid, Hargeisa",9.52265,44.10639,Xaafadaha (Districts),neighborhood,Maxamed Mooge,False,Home,Xaafadaha & Degmooyinka
wda_cusbitaalka_gurmadka_caafimaadka_232,Cusbitaalka Gurmadka Caafimaadka ee Qaybta 232 (New Hargeisa),"Specialized neighborhood clinic & emergency health post in New Hargeisa residential & commercial grid, Hargeisa",9.55715,44.0988,Hospitals & Healthcare,hospital,New Hargeisa,False,HeartPulse,Cusbitaallada & Rugaha Caafimaadka
wda_rugta_daryeelka_hooyada_dhallaan_233,Rugta Daryeelka Hooyada & Dhallaanka ee Qaybta 233 (Daami),"Maternal and child care dispensary center in Daami residential & commercial grid, Hargeisa",9.57766,44.0852,Hospitals & Healthcare,hospital,Daami,False,HeartPulse,Cusbitaallada & Rugaha Caafimaadka
wda_farmasiga_shacabka_caafimaadka_e_234,Farmasiga Shacabka & Caafimaadka ee Qaybta 234 (Shiraaqle),"24/7 community pharmacy and dispensary outpost in Shiraaqle residential & commercial grid, Hargeisa",9.56599,44.1056,Hospitals & Healthcare,hospital,Shiraaqle,False,HeartPulse,Cusbitaallada & Rugaha Caafimaadka
wda_dugsiga_hoose_dhexe_ee_waxbarash_235,Dugsiga Hoose/Dhexe ee Waxbarashada Qaybta 235 (Koodbuur),"Public primary & intermediate school campus in Koodbuur residential & commercial grid, Hargeisa",9.57682,44.0464,Schools & Universities,school,Koodbuur,False,GraduationCap,Dugsiyada & Waxbarashada
wda_akadeemiyada_casriga_ah_ee_qaybt_236,Akadeemiyada Casriga ah ee Qaybta 236 (Airport Zone / Masalaha),"Modern high school and STEM educational institute in Airport Zone / Masalaha residential & commercial grid, Hargeisa",9.52615,44.09299,Schools & Universities,school,Airport Zone / Masalaha,False,GraduationCap,Dugsiyada & Waxbarashada
wda_machadka_tababarka_xirfadaha_ee__237,Machadka Tababarka Xirfadaha ee Qaybta 237 (Kilalka / Sheikh Nuur East),"Vocational and technical training college center in Kilalka / Sheikh Nuur East residential & commercial grid, Hargeisa",9.57482,44.0989,Schools & Universities,university,Kilalka / Sheikh Nuur East,False,GraduationCap,Jaamacadaha & Kuliyadaha
wda_masjidka_jaamaca_ee_qaybta_238_g_238,Masjidka Jaamaca ee Qaybta 238 (Goljano District),"Congregational Friday mosque with community prayer hall in Goljano District residential & commercial grid, Hargeisa",9.56099,44.085,Mosques (Masaajidda),place_of_worship,Goljano District,False,Moon,Masaajidda
wda_masjidka_al_imaan_ee_qaybta_239__239,Masjidka Al-Imaan ee Qaybta 239 (Biyo Dhacay Area),"Neighborhood community mosque and Quranic learning hub in Biyo Dhacay Area residential & commercial grid, Hargeisa",9.55832,44.0778,Mosques (Masaajidda),place_of_worship,Biyo Dhacay Area,False,Moon,Masaajidda
wda_suuqa_khdaarta_iyo_ganacsiga_ee__240,Suuqa Khdaarta iyo Ganacsiga ee Qaybta 240 (Xero Awr / Hero Awr),"Neighborhood open-air fresh market and commercial trade zone in Xero Awr / Hero Awr residential & commercial grid, Hargeisa",9.56869,44.0525,Markets & Malls,mall,Xero Awr / Hero Awr,False,ShoppingBag,Suuqyada & Xarumaha Ganacsiga
wda_xarunta_ganacsiga_supermarket_ee_241,Xarunta Ganacsiga & Supermarket ee Qaybta 241 (Downtown Waheen),"Modern multi-store retail grocery and provisions shopping center in Downtown Waheen residential & commercial grid, Hargeisa",9.56213,44.06482,Markets & Malls,mall,Downtown Waheen,False,ShoppingBag,Suuqyada & Xarumaha Ganacsiga
wda_kaalinta_shidaalka_hass_national_242,Kaalinta Shidaalka Hass / National ee Qaybta 242 (Jigjiga Yar),"Service petrol station, diesel dispenser and tire service in Jigjiga Yar residential & commercial grid, Hargeisa",9.57816,44.03103,Fuel Stations (Kaalmaha Shidaalka),fuel,Jigjiga Yar,False,Fuel,Kaalmaha Shidaalka
wda_kaalinta_shidaalka_gaaska_ee_qay_243,Kaalinta Shidaalka & Gaaska ee Qaybta 243 (Ahmed Dhagax),"Fuel station and LPG domestic gas distribution depot in Ahmed Dhagax residential & commercial grid, Hargeisa",9.55519,44.04523,Fuel Stations (Kaalmaha Shidaalka),fuel,Ahmed Dhagax,False,Fuel,Kaalmaha Shidaalka
wda_istaanka_gaadiidka_dadweynaha_ee_244,Istaanka Gaadiidka Dadweynaha ee Qaybta 244 (150 Highway),"Minibus terminal and designated passenger pick-and-drop stop in 150 Highway residential & commercial grid, Hargeisa",9.58173,44.04644,Transport & Terminals,transit_station,150 Highway,False,Navigation,Istaannada & Gaadiidka
wda_isgoyska_weyn_ee_gaadiidka_ee_qa_245,Isgoyska Weyn ee Gaadiidka ee Qaybta 245 (Shaab / Institutional District),"Major road intersection and inter-district transit artery in Shaab / Institutional District residential & commercial grid, Hargeisa",9.55915,44.05429,Transport & Terminals,transit_station,Shaab / Institutional District,False,Navigation,Istaannada & Gaadiidka
wda_huteelka_nasashada_martida_ee_qa_246,Huteelka Nasashada & Martida ee Qaybta 246 (Maxamed Mooge),"Comfortable guest lodging and family dining restaurant in Maxamed Mooge residential & commercial grid, Hargeisa",9.51924,44.09617,Hotels & Hospitality,hotel,Maxamed Mooge,False,Hotel,Huteellada & Maqaayadaha
wda_laanta_zaad_dahabshiil_ee_qaybta_247,Laanta ZAAD & Dahabshiil ee Qaybta 247 (New Hargeisa),"Banking kiosk, e-remittance and ZAAD cash-in center in New Hargeisa residential & commercial grid, Hargeisa",9.55421,44.08997,Banks & Financial,bank,New Hargeisa,False,Landmark,Bangiyada & Xawaaladaha
wda_laanta_taaj_edahab_express_ee_qa_248,Laanta TAAJ & Edahab Express ee Qaybta 248 (Daami),"Financial services, money transfer and remittance desk in Daami residential & commercial grid, Hargeisa",9.57517,44.07776,Banks & Financial,bank,Daami,False,Landmark,Bangiyada & Xawaaladaha
wda_xafiiska_adeegga_somtel_telesom__249,Xafiiska Adeegga Somtel & Telesom ee Qaybta 249 (Shiraaqle),"Telecommunications branch, SIM registration and fiber service hub in Shiraaqle residential & commercial grid, Hargeisa",9.56319,44.09723,Corporate & Utilities,corporate,Shiraaqle,False,Building2,Shirkadaha & Isgaadhsiinta
wda_xarunta_korontada_sompower_ee_qa_250,Xarunta Korontada Sompower ee Qaybta 250 (Koodbuur),"District electrical distribution and bill payment center in Koodbuur residential & commercial grid, Hargeisa",9.57418,44.0385,Corporate & Utilities,utility,Koodbuur,False,Zap,Korontada & Biyaha
wda_xafiiska_waaxda_dowladda_hoose_e_251,Xafiiska Waaxda Dowladda Hoose ee Qaybta 251 (Airport Zone / Masalaha),"Municipal sub-office and local civic administration center in Airport Zone / Masalaha residential & commercial grid, Hargeisa",9.52227,44.08138,Government & Civic,government,Airport Zone / Masalaha,False,Landmark,Hay'adaha Dowladda
wda_xaafada_deganaanshaha_ee_qaybta__252,Xaafada Deganaanshaha ee Qaybta 252 (Kilalka / Sheikh Nuur East),"Quiet residential enclave and community living sector in Kilalka / Sheikh Nuur East residential & commercial grid, Hargeisa",9.57218,44.091,Xaafadaha (Districts),neighborhood,Kilalka / Sheikh Nuur East,False,Home,Xaafadaha & Degmooyinka
wda_cusbitaalka_gurmadka_caafimaadka_253,Cusbitaalka Gurmadka Caafimaadka ee Qaybta 253 (Goljano District),"Specialized neighborhood clinic & emergency health post in Goljano District residential & commercial grid, Hargeisa",9.55866,44.07803,Hospitals & Healthcare,hospital,Goljano District,False,HeartPulse,Cusbitaallada & Rugaha Caafimaadka
wda_rugta_daryeelka_hooyada_dhallaan_254,Rugta Daryeelka Hooyada & Dhallaanka ee Qaybta 254 (Biyo Dhacay Area),"Maternal and child care dispensary center in Biyo Dhacay Area residential & commercial grid, Hargeisa",9.55615,44.07129,Hospitals & Healthcare,hospital,Biyo Dhacay Area,False,HeartPulse,Cusbitaallada & Rugaha Caafimaadka
wda_farmasiga_shacabka_caafimaadka_e_255,Farmasiga Shacabka & Caafimaadka ee Qaybta 255 (Xero Awr / Hero Awr),"24/7 community pharmacy and dispensary outpost in Xero Awr / Hero Awr residential & commercial grid, Hargeisa",9.56636,44.04553,Hospitals & Healthcare,hospital,Xero Awr / Hero Awr,False,HeartPulse,Cusbitaallada & Rugaha Caafimaadka
wda_dugsiga_hoose_dhexe_ee_waxbarash_256,Dugsiga Hoose/Dhexe ee Waxbarashada Qaybta 256 (Downtown Waheen),"Public primary & intermediate school campus in Downtown Waheen residential & commercial grid, Hargeisa",9.55976,44.07029,Schools & Universities,school,Downtown Waheen,False,GraduationCap,Dugsiyada & Waxbarashada
wda_akadeemiyada_casriga_ah_ee_qaybt_257,Akadeemiyada Casriga ah ee Qaybta 257 (Jigjiga Yar),"Modern high school and STEM educational institute in Jigjiga Yar residential & commercial grid, Hargeisa",9.5752,44.03786,Schools & Universities,school,Jigjiga Yar,False,GraduationCap,Dugsiyada & Waxbarashada
wda_machadka_tababarka_xirfadaha_ee__258,Machadka Tababarka Xirfadaha ee Qaybta 258 (Ahmed Dhagax),"Vocational and technical training college center in Ahmed Dhagax residential & commercial grid, Hargeisa",9.55163,44.05343,Schools & Universities,university,Ahmed Dhagax,False,GraduationCap,Jaamacadaha & Kuliyadaha
wda_masjidka_jaamaca_ee_qaybta_259_1_259,Masjidka Jaamaca ee Qaybta 259 (150 Highway),"Congregational Friday mosque with community prayer hall in 150 Highway residential & commercial grid, Hargeisa",9.57757,44.056,Mosques (Masaajidda),place_of_worship,150 Highway,False,Moon,Masaajidda
wda_masjidka_al_imaan_ee_qaybta_260__260,Masjidka Al-Imaan ee Qaybta 260 (Shaab / Institutional District),"Neighborhood community mosque and Quranic learning hub in Shaab / Institutional District residential & commercial grid, Hargeisa",9.55638,44.06067,Mosques (Masaajidda),place_of_worship,Shaab / Institutional District,False,Moon,Masaajidda
wda_suuqa_khdaarta_iyo_ganacsiga_ee__261,Suuqa Khdaarta iyo Ganacsiga ee Qaybta 261 (Maxamed Mooge),"Neighborhood open-air fresh market and commercial trade zone in Maxamed Mooge residential & commercial grid, Hargeisa",9.51489,44.10619,Markets & Malls,mall,Maxamed Mooge,False,ShoppingBag,Suuqyada & Xarumaha Ganacsiga
wda_xarunta_ganacsiga_supermarket_ee_262,Xarunta Ganacsiga & Supermarket ee Qaybta 262 (New Hargeisa),"Modern multi-store retail grocery and provisions shopping center in New Hargeisa residential & commercial grid, Hargeisa",9.55045,44.09862,Markets & Malls,mall,New Hargeisa,False,ShoppingBag,Suuqyada & Xarumaha Ganacsiga
wda_kaalinta_shidaalka_hass_national_263,Kaalinta Shidaalka Hass / National ee Qaybta 263 (Daami),"Service petrol station, diesel dispenser and tire service in Daami residential & commercial grid, Hargeisa",9.57201,44.08505,Fuel Stations (Kaalmaha Shidaalka),fuel,Daami,False,Fuel,Kaalmaha Shidaalka
wda_kaalinta_shidaalka_gaaska_ee_qay_264,Kaalinta Shidaalka & Gaaska ee Qaybta 264 (Shiraaqle),"Fuel station and LPG domestic gas distribution depot in Shiraaqle residential & commercial grid, Hargeisa",9.55963,44.10543,Fuel Stations (Kaalmaha Shidaalka),fuel,Shiraaqle,False,Fuel,Kaalmaha Shidaalka
wda_istaanka_gaadiidka_dadweynaha_ee_265,Istaanka Gaadiidka Dadweynaha ee Qaybta 265 (Koodbuur),"Minibus terminal and designated passenger pick-and-drop stop in Koodbuur residential & commercial grid, Hargeisa",9.57082,44.04624,Transport & Terminals,transit_station,Koodbuur,False,Navigation,Istaannada & Gaadiidka
wda_isgoyska_weyn_ee_gaadiidka_ee_qa_266,Isgoyska Weyn ee Gaadiidka ee Qaybta 266 (Airport Zone / Masalaha),"Major road intersection and inter-district transit artery in Airport Zone / Masalaha residential & commercial grid, Hargeisa",9.51733,44.09276,Transport & Terminals,transit_station,Airport Zone / Masalaha,False,Navigation,Istaannada & Gaadiidka
wda_huteelka_nasashada_martida_ee_qa_267,Huteelka Nasashada & Martida ee Qaybta 267 (Kilalka / Sheikh Nuur East),"Comfortable guest lodging and family dining restaurant in Kilalka / Sheikh Nuur East residential & commercial grid, Hargeisa",9.56882,44.09874,Hotels & Hospitality,hotel,Kilalka / Sheikh Nuur East,False,Hotel,Huteellada & Maqaayadaha
wda_laanta_zaad_dahabshiil_ee_qaybta_268,Laanta ZAAD & Dahabshiil ee Qaybta 268 (Goljano District),"Banking kiosk, e-remittance and ZAAD cash-in center in Goljano District residential & commercial grid, Hargeisa",9.5557,44.08486,Banks & Financial,bank,Goljano District,False,Landmark,Bangiyada & Xawaaladaha
wda_laanta_taaj_edahab_express_ee_qa_269,Laanta TAAJ & Edahab Express ee Qaybta 269 (Biyo Dhacay Area),"Financial services, money transfer and remittance desk in Biyo Dhacay Area residential & commercial grid, Hargeisa",9.55338,44.07767,Banks & Financial,bank,Biyo Dhacay Area,False,Landmark,Bangiyada & Xawaaladaha
wda_xafiiska_adeegga_somtel_telesom__270,Xafiiska Adeegga Somtel & Telesom ee Qaybta 270 (Xero Awr / Hero Awr),"Telecommunications branch, SIM registration and fiber service hub in Xero Awr / Hero Awr residential & commercial grid, Hargeisa",9.5634,44.05236,Corporate & Utilities,corporate,Xero Awr / Hero Awr,False,Building2,Shirkadaha & Isgaadhsiinta
wda_xarunta_korontada_sompower_ee_qa_271,Xarunta Korontada Sompower ee Qaybta 271 (Downtown Waheen),"District electrical distribution and bill payment center in Downtown Waheen residential & commercial grid, Hargeisa",9.56522,44.06785,Corporate & Utilities,utility,Downtown Waheen,False,Zap,Korontada & Biyaha
wda_xafiiska_waaxda_dowladda_hoose_e_272,Xafiiska Waaxda Dowladda Hoose ee Qaybta 272 (Jigjiga Yar),"Municipal sub-office and local civic administration center in Jigjiga Yar residential & commercial grid, Hargeisa",9.58203,44.03481,Government & Civic,government,Jigjiga Yar,False,Landmark,Hay'adaha Dowladda
wda_xaafada_deganaanshaha_ee_qaybta__273,Xaafada Deganaanshaha ee Qaybta 273 (Ahmed Dhagax),"Quiet residential enclave and community living sector in Ahmed Dhagax residential & commercial grid, Hargeisa",9.55983,44.04977,Xaafadaha (Districts),neighborhood,Ahmed Dhagax,False,Home,Xaafadaha & Degmooyinka
wda_cusbitaalka_gurmadka_caafimaadka_274,Cusbitaalka Gurmadka Caafimaadka ee Qaybta 274 (150 Highway),"Specialized neighborhood clinic & emergency health post in 150 Highway residential & commercial grid, Hargeisa",9.58714,44.05174,Hospitals & Healthcare,hospital,150 Highway,False,HeartPulse,Cusbitaallada & Rugaha Caafimaadka
wda_rugta_daryeelka_hooyada_dhallaan_275,Rugta Daryeelka Hooyada & Dhallaanka ee Qaybta 275 (Shaab / Institutional District),"Maternal and child care dispensary center in Shaab / Institutional District residential & commercial grid, Hargeisa",9.56276,44.05782,Hospitals & Healthcare,hospital,Shaab / Institutional District,False,HeartPulse,Cusbitaallada & Rugaha Caafimaadka
wda_farmasiga_shacabka_caafimaadka_e_276,Farmasiga Shacabka & Caafimaadka ee Qaybta 276 (Maxamed Mooge),"24/7 community pharmacy and dispensary outpost in Maxamed Mooge residential & commercial grid, Hargeisa",9.5249,44.10172,Hospitals & Healthcare,hospital,Maxamed Mooge,False,HeartPulse,Cusbitaallada & Rugaha Caafimaadka
wda_dugsiga_hoose_dhexe_ee_waxbarash_277,Dugsiga Hoose/Dhexe ee Waxbarashada Qaybta 277 (New Hargeisa),"Public primary & intermediate school campus in New Hargeisa residential & commercial grid, Hargeisa",9.5591,44.09476,Schools & Universities,school,New Hargeisa,False,GraduationCap,Dugsiyada & Waxbarashada
wda_akadeemiyada_casriga_ah_ee_qaybt_278,Akadeemiyada Casriga ah ee Qaybta 278 (Daami),"Modern high school and STEM educational institute in Daami residential & commercial grid, Hargeisa",9.57929,44.0818,Schools & Universities,school,Daami,False,GraduationCap,Dugsiyada & Waxbarashada
wda_machadka_tababarka_xirfadaha_ee__279,Machadka Tababarka Xirfadaha ee Qaybta 279 (Shiraaqle),"Vocational and technical training college center in Shiraaqle residential & commercial grid, Hargeisa",9.56783,44.10177,Schools & Universities,university,Shiraaqle,False,GraduationCap,Jaamacadaha & Kuliyadaha
wda_masjidka_jaamaca_ee_qaybta_280_k_280,Masjidka Jaamaca ee Qaybta 280 (Koodbuur),"Congregational Friday mosque with community prayer hall in Koodbuur residential & commercial grid, Hargeisa",9.57856,44.04279,Mosques (Masaajidda),place_of_worship,Koodbuur,False,Moon,Masaajidda
wda_masjidka_al_imaan_ee_qaybta_281__281,Masjidka Al-Imaan ee Qaybta 281 (Airport Zone / Masalaha),"Neighborhood community mosque and Quranic learning hub in Airport Zone / Masalaha residential & commercial grid, Hargeisa",9.52871,44.08769,Mosques (Masaajidda),place_of_worship,Airport Zone / Masalaha,False,Moon,Masaajidda
wda_suuqa_khdaarta_iyo_ganacsiga_ee__282,Suuqa Khdaarta iyo Ganacsiga ee Qaybta 282 (Kilalka / Sheikh Nuur East),"Neighborhood open-air fresh market and commercial trade zone in Kilalka / Sheikh Nuur East residential & commercial grid, Hargeisa",9.57656,44.09529,Markets & Malls,mall,Kilalka / Sheikh Nuur East,False,ShoppingBag,Suuqyada & Xarumaha Ganacsiga
wda_xarunta_ganacsiga_supermarket_ee_283,Xarunta Ganacsiga & Supermarket ee Qaybta 283 (Goljano District),"Modern multi-store retail grocery and provisions shopping center in Goljano District residential & commercial grid, Hargeisa",9.56253,44.08181,Markets & Malls,mall,Goljano District,False,ShoppingBag,Suuqyada & Xarumaha Ganacsiga
wda_kaalinta_shidaalka_hass_national_284,Kaalinta Shidaalka Hass / National ee Qaybta 284 (Biyo Dhacay Area),"Service petrol station, diesel dispenser and tire service in Biyo Dhacay Area residential & commercial grid, Hargeisa",9.55976,44.07482,Fuel Stations (Kaalmaha Shidaalka),fuel,Biyo Dhacay Area,False,Fuel,Kaalmaha Shidaalka
wda_kaalinta_shidaalka_gaaska_ee_qay_285,Kaalinta Shidaalka & Gaaska ee Qaybta 285 (Xero Awr / Hero Awr),"Fuel station and LPG domestic gas distribution depot in Xero Awr / Hero Awr residential & commercial grid, Hargeisa",9.57023,44.04931,Fuel Stations (Kaalmaha Shidaalka),fuel,Xero Awr / Hero Awr,False,Fuel,Kaalmaha Shidaalka
wda_istaanka_gaadiidka_dadweynaha_ee_286,Istaanka Gaadiidka Dadweynaha ee Qaybta 286 (Downtown Waheen),"Minibus terminal and designated passenger pick-and-drop stop in Downtown Waheen residential & commercial grid, Hargeisa",9.55949,44.06588,Transport & Terminals,transit_station,Downtown Waheen,False,Navigation,Istaannada & Gaadiidka
wda_isgoyska_weyn_ee_gaadiidka_ee_qa_287,Isgoyska Weyn ee Gaadiidka ee Qaybta 287 (Jigjiga Yar),"Major road intersection and inter-district transit artery in Jigjiga Yar residential & commercial grid, Hargeisa",9.57487,44.03235,Transport & Terminals,transit_station,Jigjiga Yar,False,Navigation,Istaannada & Gaadiidka
wda_huteelka_nasashada_martida_ee_qa_288,Huteelka Nasashada & Martida ee Qaybta 288 (Ahmed Dhagax),"Comfortable guest lodging and family dining restaurant in Ahmed Dhagax residential & commercial grid, Hargeisa",9.55124,44.04682,Hotels & Hospitality,hotel,Ahmed Dhagax,False,Hotel,Huteellada & Maqaayadaha
wda_laanta_zaad_dahabshiil_ee_qaybta_289,Laanta ZAAD & Dahabshiil ee Qaybta 289 (150 Highway),"Banking kiosk, e-remittance and ZAAD cash-in center in 150 Highway residential & commercial grid, Hargeisa",9.57711,44.04829,Banks & Financial,bank,150 Highway,False,Landmark,Bangiyada & Xawaaladaha
wda_laanta_taaj_edahab_express_ee_qa_290,Laanta TAAJ & Edahab Express ee Qaybta 290 (Shaab / Institutional District),"Financial services, money transfer and remittance desk in Shaab / Institutional District residential & commercial grid, Hargeisa",9.55607,44.05552,Banks & Financial,bank,Shaab / Institutional District,False,Landmark,Bangiyada & Xawaaladaha
wda_xafiiska_adeegga_somtel_telesom__291,Xafiiska Adeegga Somtel & Telesom ee Qaybta 291 (Maxamed Mooge),"Telecommunications branch, SIM registration and fiber service hub in Maxamed Mooge residential & commercial grid, Hargeisa",9.5144,44.09811,Corporate & Utilities,corporate,Maxamed Mooge,False,Building2,Shirkadaha & Isgaadhsiinta
wda_xarunta_korontada_sompower_ee_qa_292,Xarunta Korontada Sompower ee Qaybta 292 (New Hargeisa),"District electrical distribution and bill payment center in New Hargeisa residential & commercial grid, Hargeisa",9.55003,44.09164,Corporate & Utilities,utility,New Hargeisa,False,Zap,Korontada & Biyaha
wda_xafiiska_waaxda_dowladda_hoose_e_293,Xafiiska Waaxda Dowladda Hoose ee Qaybta 293 (Daami),"Municipal sub-office and local civic administration center in Daami residential & commercial grid, Hargeisa",9.57166,44.07917,Government & Civic,government,Daami,False,Landmark,Hay'adaha Dowladda
wda_xaafada_deganaanshaha_ee_qaybta__294,Xaafada Deganaanshaha ee Qaybta 294 (Shiraaqle),"Quiet residential enclave and community living sector in Shiraaqle residential & commercial grid, Hargeisa",9.55924,44.09882,Xaafadaha (Districts),neighborhood,Shiraaqle,False,Home,Xaafadaha & Degmooyinka
wda_cusbitaalka_gurmadka_caafimaadka_295,Cusbitaalka Gurmadka Caafimaadka ee Qaybta 295 (Koodbuur),"Specialized neighborhood clinic & emergency health post in Koodbuur residential & commercial grid, Hargeisa",9.57045,44.03999,Hospitals & Healthcare,hospital,Koodbuur,False,HeartPulse,Cusbitaallada & Rugaha Caafimaadka
wda_rugta_daryeelka_hooyada_dhallaan_296,Rugta Daryeelka Hooyada & Dhallaanka ee Qaybta 296 (Airport Zone / Masalaha),"Maternal and child care dispensary center in Airport Zone / Masalaha residential & commercial grid, Hargeisa",9.51678,44.08358,Hospitals & Healthcare,hospital,Airport Zone / Masalaha,False,HeartPulse,Cusbitaallada & Rugaha Caafimaadka
wda_farmasiga_shacabka_caafimaadka_e_297,Farmasiga Shacabka & Caafimaadka ee Qaybta 297 (Kilalka / Sheikh Nuur East),"24/7 community pharmacy and dispensary outpost in Kilalka / Sheikh Nuur East residential & commercial grid, Hargeisa",9.56845,44.09249,Hospitals & Healthcare,hospital,Kilalka / Sheikh Nuur East,False,HeartPulse,Cusbitaallada & Rugaha Caafimaadka
wda_dugsiga_hoose_dhexe_ee_waxbarash_298,Dugsiga Hoose/Dhexe ee Waxbarashada Qaybta 298 (Goljano District),"Public primary & intermediate school campus in Goljano District residential & commercial grid, Hargeisa",9.55537,44.07935,Schools & Universities,school,Goljano District,False,GraduationCap,Dugsiyada & Waxbarashada
wda_akadeemiyada_casriga_ah_ee_qaybt_299,Akadeemiyada Casriga ah ee Qaybta 299 (Biyo Dhacay Area),"Modern high school and STEM educational institute in Biyo Dhacay Area residential & commercial grid, Hargeisa",9.55307,44.07252,Schools & Universities,school,Biyo Dhacay Area,False,GraduationCap,Dugsiyada & Waxbarashada
wda_machadka_tababarka_xirfadaha_ee__300,Machadka Tababarka Xirfadaha ee Qaybta 300 (Xero Awr / Hero Awr),"Vocational and technical training college center in Xero Awr / Hero Awr residential & commercial grid, Hargeisa",9.56307,44.04685,Schools & Universities,university,Xero Awr / Hero Awr,False,GraduationCap,Jaamacadaha & Kuliyadaha
wda_masjidka_jaamaca_ee_qaybta_301_d_301,Masjidka Jaamaca ee Qaybta 301 (Downtown Waheen),"Congregational Friday mosque with community prayer hall in Downtown Waheen residential & commercial grid, Hargeisa",9.56244,44.07132,Mosques (Masaajidda),place_of_worship,Downtown Waheen,False,Moon,Masaajidda
wda_masjidka_al_imaan_ee_qaybta_302__302,Masjidka Al-Imaan ee Qaybta 302 (Jigjiga Yar),"Neighborhood community mosque and Quranic learning hub in Jigjiga Yar residential & commercial grid, Hargeisa",9.57855,44.03915,Mosques (Masaajidda),place_of_worship,Jigjiga Yar,False,Moon,Masaajidda
wda_suuqa_khdaarta_iyo_ganacsiga_ee__303,Suuqa Khdaarta iyo Ganacsiga ee Qaybta 303 (Ahmed Dhagax),"Neighborhood open-air fresh market and commercial trade zone in Ahmed Dhagax residential & commercial grid, Hargeisa",9.55566,44.05498,Markets & Malls,mall,Ahmed Dhagax,False,ShoppingBag,Suuqyada & Xarumaha Ganacsiga
wda_xarunta_ganacsiga_supermarket_ee_304,Xarunta Ganacsiga & Supermarket ee Qaybta 304 (150 Highway),"Modern multi-store retail grocery and provisions shopping center in 150 Highway residential & commercial grid, Hargeisa",9.58227,44.05782,Markets & Malls,mall,150 Highway,False,ShoppingBag,Suuqyada & Xarumaha Ganacsiga
wda_kaalinta_shidaalka_hass_national_305,Kaalinta Shidaalka Hass / National ee Qaybta 305 (Shaab / Institutional District),"Service petrol station, diesel dispenser and tire service in Shaab / Institutional District residential & commercial grid, Hargeisa",9.55951,44.06188,Fuel Stations (Kaalmaha Shidaalka),fuel,Shaab / Institutional District,False,Fuel,Kaalmaha Shidaalka
wda_kaalinta_shidaalka_gaaska_ee_qay_306,Kaalinta Shidaalka & Gaaska ee Qaybta 306 (Maxamed Mooge),"Fuel station and LPG domestic gas distribution depot in Maxamed Mooge residential & commercial grid, Hargeisa",9.51981,44.10809,Fuel Stations (Kaalmaha Shidaalka),fuel,Maxamed Mooge,False,Fuel,Kaalmaha Shidaalka
wda_istaanka_gaadiidka_dadweynaha_ee_307,Istaanka Gaadiidka Dadweynaha ee Qaybta 307 (New Hargeisa),"Minibus terminal and designated passenger pick-and-drop stop in New Hargeisa residential & commercial grid, Hargeisa",9.5547,44.10026,Transport & Terminals,transit_station,New Hargeisa,False,Navigation,Istaannada & Gaadiidka
wda_isgoyska_weyn_ee_gaadiidka_ee_qa_308,Isgoyska Weyn ee Gaadiidka ee Qaybta 308 (Daami),"Major road intersection and inter-district transit artery in Daami residential & commercial grid, Hargeisa",9.57559,44.08643,Transport & Terminals,transit_station,Daami,False,Navigation,Istaannada & Gaadiidka
wda_huteelka_nasashada_martida_ee_qa_309,Huteelka Nasashada & Martida ee Qaybta 309 (Shiraaqle),"Comfortable guest lodging and family dining restaurant in Shiraaqle residential & commercial grid, Hargeisa",9.56366,44.10698,Hotels & Hospitality,hotel,Shiraaqle,False,Hotel,Huteellada & Maqaayadaha
wda_laanta_zaad_dahabshiil_ee_qaybta_310,Laanta ZAAD & Dahabshiil ee Qaybta 310 (Koodbuur),"Banking kiosk, e-remittance and ZAAD cash-in center in Koodbuur residential & commercial grid, Hargeisa",9.57462,44.04771,Banks & Financial,bank,Koodbuur,False,Landmark,Bangiyada & Xawaaladaha
wda_laanta_taaj_edahab_express_ee_qa_311,Laanta TAAJ & Edahab Express ee Qaybta 311 (Airport Zone / Masalaha),"Financial services, money transfer and remittance desk in Airport Zone / Masalaha residential & commercial grid, Hargeisa",9.52292,44.09492,Banks & Financial,bank,Airport Zone / Masalaha,False,Landmark,Bangiyada & Xawaaladaha
wda_xafiiska_adeegga_somtel_telesom__312,Xafiiska Adeegga Somtel & Telesom ee Qaybta 312 (Kilalka / Sheikh Nuur East),"Telecommunications branch, SIM registration and fiber service hub in Kilalka / Sheikh Nuur East residential & commercial grid, Hargeisa",9.57262,44.10021,Corporate & Utilities,corporate,Kilalka / Sheikh Nuur East,False,Building2,Shirkadaha & Isgaadhsiinta
wda_xarunta_korontada_sompower_ee_qa_313,Xarunta Korontada Sompower ee Qaybta 313 (Goljano District),"District electrical distribution and bill payment center in Goljano District residential & commercial grid, Hargeisa",9.55905,44.08615,Corporate & Utilities,utility,Goljano District,False,Zap,Korontada & Biyaha
wda_xafiiska_waaxda_dowladda_hoose_e_314,Xafiiska Waaxda Dowladda Hoose ee Qaybta 314 (Biyo Dhacay Area),"Municipal sub-office and local civic administration center in Biyo Dhacay Area residential & commercial grid, Hargeisa",9.55651,44.07888,Government & Civic,government,Biyo Dhacay Area,False,Landmark,Hay'adaha Dowladda
wda_xaafada_deganaanshaha_ee_qaybta__315,Xaafada Deganaanshaha ee Qaybta 315 (Xero Awr / Hero Awr),"Quiet residential enclave and community living sector in Xero Awr / Hero Awr residential & commercial grid, Hargeisa",9.56675,44.05365,Xaafadaha (Districts),neighborhood,Xero Awr / Hero Awr,False,Home,Xaafadaha & Degmooyinka
wda_cusbitaalka_gurmadka_caafimaadka_316,Cusbitaalka Gurmadka Caafimaadka ee Qaybta 316 (Downtown Waheen),"Specialized neighborhood clinic & emergency health post in Downtown Waheen residential & commercial grid, Hargeisa",9.56391,44.06521,Hospitals & Healthcare,hospital,Downtown Waheen,False,HeartPulse,Cusbitaallada & Rugaha Caafimaadka
wda_rugta_daryeelka_hooyada_dhallaan_317,Rugta Daryeelka Hooyada & Dhallaanka ee Qaybta 317 (Jigjiga Yar),"Maternal and child care dispensary center in Jigjiga Yar residential & commercial grid, Hargeisa",9.58039,44.03152,Hospitals & Healthcare,hospital,Jigjiga Yar,False,HeartPulse,Cusbitaallada & Rugaha Caafimaadka
wda_farmasiga_shacabka_caafimaadka_e_318,Farmasiga Shacabka & Caafimaadka ee Qaybta 318 (Ahmed Dhagax),"24/7 community pharmacy and dispensary outpost in Ahmed Dhagax residential & commercial grid, Hargeisa",9.55787,44.04582,Hospitals & Healthcare,hospital,Ahmed Dhagax,False,HeartPulse,Cusbitaallada & Rugaha Caafimaadka
wda_dugsiga_hoose_dhexe_ee_waxbarash_319,Dugsiga Hoose/Dhexe ee Waxbarashada Qaybta 319 (150 Highway),"Public primary & intermediate school campus in 150 Highway residential & commercial grid, Hargeisa",9.58484,44.04713,Schools & Universities,school,150 Highway,False,GraduationCap,Dugsiyada & Waxbarashada
wda_akadeemiyada_casriga_ah_ee_qaybt_320,Akadeemiyada Casriga ah ee Qaybta 320 (Shaab / Institutional District),"Modern high school and STEM educational institute in Shaab / Institutional District residential & commercial grid, Hargeisa",9.56123,44.05475,Schools & Universities,school,Shaab / Institutional District,False,GraduationCap,Dugsiyada & Waxbarashada
wda_machadka_tababarka_xirfadaha_ee__321,Machadka Tababarka Xirfadaha ee Qaybta 321 (Maxamed Mooge),"Vocational and technical training college center in Maxamed Mooge residential & commercial grid, Hargeisa",9.5225,44.09689,Schools & Universities,university,Maxamed Mooge,False,GraduationCap,Jaamacadaha & Kuliyadaha
wda_masjidka_jaamaca_ee_qaybta_322_n_322,Masjidka Jaamaca ee Qaybta 322 (New Hargeisa),"Congregational Friday mosque with community prayer hall in New Hargeisa residential & commercial grid, Hargeisa",9.55703,44.09059,Mosques (Masaajidda),place_of_worship,New Hargeisa,False,Moon,Masaajidda
wda_masjidka_al_imaan_ee_qaybta_323__323,Masjidka Al-Imaan ee Qaybta 323 (Daami),"Neighborhood community mosque and Quranic learning hub in Daami residential & commercial grid, Hargeisa",9.57755,44.07829,Mosques (Masaajidda),place_of_worship,Daami,False,Moon,Masaajidda
wda_suuqa_khdaarta_iyo_ganacsiga_ee__324,Suuqa Khdaarta iyo Ganacsiga ee Qaybta 324 (Shiraaqle),"Neighborhood open-air fresh market and commercial trade zone in Shiraaqle residential & commercial grid, Hargeisa",9.56587,44.09782,Markets & Malls,mall,Shiraaqle,False,ShoppingBag,Suuqyada & Xarumaha Ganacsiga
wda_xarunta_ganacsiga_supermarket_ee_325,Xarunta Ganacsiga & Supermarket ee Qaybta 325 (Koodbuur),"Modern multi-store retail grocery and provisions shopping center in Koodbuur residential & commercial grid, Hargeisa",9.57671,44.03905,Markets & Malls,mall,Koodbuur,False,ShoppingBag,Suuqyada & Xarumaha Ganacsiga
wda_kaalinta_shidaalka_hass_national_326,Kaalinta Shidaalka Hass / National ee Qaybta 326 (Airport Zone / Masalaha),"Service petrol station, diesel dispenser and tire service in Airport Zone / Masalaha residential & commercial grid, Hargeisa",9.52598,44.0822,Fuel Stations (Kaalmaha Shidaalka),fuel,Airport Zone / Masalaha,False,Fuel,Kaalmaha Shidaalka
wda_kaalinta_shidaalka_gaaska_ee_qay_327,Kaalinta Shidaalka & Gaaska ee Qaybta 327 (Kilalka / Sheikh Nuur East),"Fuel station and LPG domestic gas distribution depot in Kilalka / Sheikh Nuur East residential & commercial grid, Hargeisa",9.57471,44.09155,Fuel Stations (Kaalmaha Shidaalka),fuel,Kilalka / Sheikh Nuur East,False,Fuel,Kaalmaha Shidaalka
wda_istaanka_gaadiidka_dadweynaha_ee_328,Istaanka Gaadiidka Dadweynaha ee Qaybta 328 (Goljano District),"Minibus terminal and designated passenger pick-and-drop stop in Goljano District residential & commercial grid, Hargeisa",9.56089,44.07852,Transport & Terminals,transit_station,Goljano District,False,Navigation,Istaannada & Gaadiidka
wda_isgoyska_weyn_ee_gaadiidka_ee_qa_329,Isgoyska Weyn ee Gaadiidka ee Qaybta 329 (Biyo Dhacay Area),"Major road intersection and inter-district transit artery in Biyo Dhacay Area residential & commercial grid, Hargeisa",9.55823,44.07175,Transport & Terminals,transit_station,Biyo Dhacay Area,False,Navigation,Istaannada & Gaadiidka
wda_huteelka_nasashada_martida_ee_qa_330,Huteelka Nasashada & Martida ee Qaybta 330 (Xero Awr / Hero Awr),"Comfortable guest lodging and family dining restaurant in Xero Awr / Hero Awr residential & commercial grid, Hargeisa",9.56859,44.04602,Hotels & Hospitality,hotel,Xero Awr / Hero Awr,False,Hotel,Huteellada & Maqaayadaha
wda_laanta_zaad_dahabshiil_ee_qaybta_331,Laanta ZAAD & Dahabshiil ee Qaybta 331 (Downtown Waheen),"Banking kiosk, e-remittance and ZAAD cash-in center in Downtown Waheen residential & commercial grid, Hargeisa",9.5587,44.06875,Banks & Financial,bank,Downtown Waheen,False,Landmark,Bangiyada & Xawaaladaha
wda_laanta_taaj_edahab_express_ee_qa_332,Laanta TAAJ & Edahab Express ee Qaybta 332 (Jigjiga Yar),"Financial services, money transfer and remittance desk in Jigjiga Yar residential & commercial grid, Hargeisa",9.57387,44.03594,Banks & Financial,bank,Jigjiga Yar,False,Landmark,Bangiyada & Xawaaladaha
wda_xafiiska_adeegga_somtel_telesom__333,Xafiiska Adeegga Somtel & Telesom ee Qaybta 333 (Ahmed Dhagax),"Telecommunications branch, SIM registration and fiber service hub in Ahmed Dhagax residential & commercial grid, Hargeisa",9.55005,44.05113,Corporate & Utilities,corporate,Ahmed Dhagax,False,Building2,Shirkadaha & Isgaadhsiinta
wda_xarunta_korontada_sompower_ee_qa_334,Xarunta Korontada Sompower ee Qaybta 334 (150 Highway),"District electrical distribution and bill payment center in 150 Highway residential & commercial grid, Hargeisa",9.57572,44.05332,Corporate & Utilities,utility,150 Highway,False,Zap,Korontada & Biyaha
wda_xafiiska_waaxda_dowladda_hoose_e_335,Xafiiska Waaxda Dowladda Hoose ee Qaybta 335 (Shaab / Institutional District),"Municipal sub-office and local civic administration center in Shaab / Institutional District residential & commercial grid, Hargeisa",9.55515,44.05888,Government & Civic,government,Shaab / Institutional District,False,Landmark,Hay'adaha Dowladda
wda_xaafada_deganaanshaha_ee_qaybta__336,Xaafada Deganaanshaha ee Qaybta 336 (Maxamed Mooge),"Quiet residential enclave and community living sector in Maxamed Mooge residential & commercial grid, Hargeisa",9.51295,44.10338,Xaafadaha (Districts),neighborhood,Maxamed Mooge,False,Home,Xaafadaha & Degmooyinka
wda_cusbitaalka_gurmadka_caafimaadka_337,Cusbitaalka Gurmadka Caafimaadka ee Qaybta 337 (New Hargeisa),"Specialized neighborhood clinic & emergency health post in New Hargeisa residential & commercial grid, Hargeisa",9.54877,44.09619,Hospitals & Healthcare,hospital,New Hargeisa,False,HeartPulse,Cusbitaallada & Rugaha Caafimaadka
wda_rugta_daryeelka_hooyada_dhallaan_338,Rugta Daryeelka Hooyada & Dhallaanka ee Qaybta 338 (Daami),"Maternal and child care dispensary center in Daami residential & commercial grid, Hargeisa",9.5706,44.083,Hospitals & Healthcare,hospital,Daami,False,HeartPulse,Cusbitaallada & Rugaha Caafimaadka
wda_farmasiga_shacabka_caafimaadka_e_339,Farmasiga Shacabka & Caafimaadka ee Qaybta 339 (Shiraaqle),"24/7 community pharmacy and dispensary outpost in Shiraaqle residential & commercial grid, Hargeisa",9.55805,44.10313,Hospitals & Healthcare,hospital,Shiraaqle,False,HeartPulse,Cusbitaallada & Rugaha Caafimaadka
wda_dugsiga_hoose_dhexe_ee_waxbarash_340,Dugsiga Hoose/Dhexe ee Waxbarashada Qaybta 340 (Koodbuur),"Public primary & intermediate school campus in Koodbuur residential & commercial grid, Hargeisa",9.56932,44.04407,Schools & Universities,school,Koodbuur,False,GraduationCap,Dugsiyada & Waxbarashada
wda_akadeemiyada_casriga_ah_ee_qaybt_341,Akadeemiyada Casriga ah ee Qaybta 341 (Airport Zone / Masalaha),"Modern high school and STEM educational institute in Airport Zone / Masalaha residential & commercial grid, Hargeisa",9.51512,44.08957,Schools & Universities,school,Airport Zone / Masalaha,False,GraduationCap,Dugsiyada & Waxbarashada
wda_machadka_tababarka_xirfadaha_ee__342,Machadka Tababarka Xirfadaha ee Qaybta 342 (Kilalka / Sheikh Nuur East),"Vocational and technical training college center in Kilalka / Sheikh Nuur East residential & commercial grid, Hargeisa",9.56732,44.09657,Schools & Universities,university,Kilalka / Sheikh Nuur East,False,GraduationCap,Jaamacadaha & Kuliyadaha
wda_masjidka_jaamaca_ee_qaybta_343_g_343,Masjidka Jaamaca ee Qaybta 343 (Goljano District),"Congregational Friday mosque with community prayer hall in Goljano District residential & commercial grid, Hargeisa",9.55437,44.08294,Mosques (Masaajidda),place_of_worship,Goljano District,False,Moon,Masaajidda
wda_masjidka_al_imaan_ee_qaybta_344__344,Masjidka Al-Imaan ee Qaybta 344 (Biyo Dhacay Area),"Neighborhood community mosque and Quranic learning hub in Biyo Dhacay Area residential & commercial grid, Hargeisa",9.55215,44.07588,Mosques (Masaajidda),place_of_worship,Biyo Dhacay Area,False,Moon,Masaajidda
wda_suuqa_khdaarta_iyo_ganacsiga_ee__345,Suuqa Khdaarta iyo Ganacsiga ee Qaybta 345 (Xero Awr / Hero Awr),"Neighborhood open-air fresh market and commercial trade zone in Xero Awr / Hero Awr residential & commercial grid, Hargeisa",9.56207,44.05044,Markets & Malls,mall,Xero Awr / Hero Awr,False,ShoppingBag,Suuqyada & Xarumaha Ganacsiga
wda_xarunta_ganacsiga_supermarket_ee_346,Xarunta Ganacsiga & Supermarket ee Qaybta 346 (Downtown Waheen),"Modern multi-store retail grocery and provisions shopping center in Downtown Waheen residential & commercial grid, Hargeisa",9.56497,44.06973,Markets & Malls,mall,Downtown Waheen,False,ShoppingBag,Suuqyada & Xarumaha Ganacsiga
wda_kaalinta_shidaalka_hass_national_347,Kaalinta Shidaalka Hass / National ee Qaybta 347 (Jigjiga Yar),"Service petrol station, diesel dispenser and tire service in Jigjiga Yar residential & commercial grid, Hargeisa",9.58171,44.03716,Fuel Stations (Kaalmaha Shidaalka),fuel,Jigjiga Yar,False,Fuel,Kaalmaha Shidaalka
wda_kaalinta_shidaalka_gaaska_ee_qay_348,Kaalinta Shidaalka & Gaaska ee Qaybta 348 (Ahmed Dhagax),"Fuel station and LPG domestic gas distribution depot in Ahmed Dhagax residential & commercial grid, Hargeisa",9.55945,44.05259,Fuel Stations (Kaalmaha Shidaalka),fuel,Ahmed Dhagax,False,Fuel,Kaalmaha Shidaalka
wda_istaanka_gaadiidka_dadweynaha_ee_349,Istaanka Gaadiidka Dadweynaha ee Qaybta 349 (150 Highway),"Minibus terminal and designated passenger pick-and-drop stop in 150 Highway residential & commercial grid, Hargeisa",9.5867,44.05502,Transport & Terminals,transit_station,150 Highway,False,Navigation,Istaannada & Gaadiidka
wda_isgoyska_weyn_ee_gaadiidka_ee_qa_350,Isgoyska Weyn ee Gaadiidka ee Qaybta 350 (Shaab / Institutional District),"Major road intersection and inter-district transit artery in Shaab / Institutional District residential & commercial grid, Hargeisa",9.56246,44.06001,Transport & Terminals,transit_station,Shaab / Institutional District,False,Navigation,Istaannada & Gaadiidka
wda_huteelka_nasashada_martida_ee_qa_351,Huteelka Nasashada & Martida ee Qaybta 351 (Maxamed Mooge),"Comfortable guest lodging and family dining restaurant in Maxamed Mooge residential & commercial grid, Hargeisa",9.52444,44.10516,Hotels & Hospitality,hotel,Maxamed Mooge,False,Hotel,Huteellada & Maqaayadaha
wda_laanta_zaad_dahabshiil_ee_qaybta_352,Laanta ZAAD & Dahabshiil ee Qaybta 352 (New Hargeisa),"Banking kiosk, e-remittance and ZAAD cash-in center in New Hargeisa residential & commercial grid, Hargeisa",9.5587,44.09773,Banks & Financial,bank,New Hargeisa,False,Landmark,Bangiyada & Xawaaladaha
wda_laanta_taaj_edahab_express_ee_qa_353,Laanta TAAJ & Edahab Express ee Qaybta 353 (Daami),"Financial services, money transfer and remittance desk in Daami residential & commercial grid, Hargeisa",9.57896,44.0843,Banks & Financial,bank,Daami,False,Landmark,Bangiyada & Xawaaladaha
wda_xafiiska_adeegga_somtel_telesom__354,Xafiiska Adeegga Somtel & Telesom ee Qaybta 354 (Shiraaqle),"Telecommunications branch, SIM registration and fiber service hub in Shiraaqle residential & commercial grid, Hargeisa",9.56745,44.10459,Corporate & Utilities,corporate,Shiraaqle,False,Building2,Shirkadaha & Isgaadhsiinta
wda_xarunta_korontada_sompower_ee_qa_355,Xarunta Korontada Sompower ee Qaybta 355 (Koodbuur),"District electrical distribution and bill payment center in Koodbuur residential & commercial grid, Hargeisa",9.57821,44.04544,Corporate & Utilities,utility,Koodbuur,False,Zap,Korontada & Biyaha
wda_xafiiska_waaxda_dowladda_hoose_e_356,Xafiiska Waaxda Dowladda Hoose ee Qaybta 356 (Airport Zone / Masalaha),"Municipal sub-office and local civic administration center in Airport Zone / Masalaha residential & commercial grid, Hargeisa",9.52819,44.09159,Government & Civic,government,Airport Zone / Masalaha,False,Landmark,Hay'adaha Dowladda
wda_xaafada_deganaanshaha_ee_qaybta__357,Xaafada Deganaanshaha ee Qaybta 357 (Kilalka / Sheikh Nuur East),"Quiet residential enclave and community living sector in Kilalka / Sheikh Nuur East residential & commercial grid, Hargeisa",9.57621,44.09794,Xaafadaha (Districts),neighborhood,Kilalka / Sheikh Nuur East,False,Home,Xaafadaha & Degmooyinka
wda_cusbitaalka_gurmadka_caafimaadka_358,Cusbitaalka Gurmadka Caafimaadka ee Qaybta 358 (Goljano District),"Specialized neighborhood clinic & emergency health post in Goljano District residential & commercial grid, Hargeisa",9.56221,44.08416,Hospitals & Healthcare,hospital,Goljano District,False,HeartPulse,Cusbitaallada & Rugaha Caafimaadka
wda_rugta_daryeelka_hooyada_dhallaan_359,Rugta Daryeelka Hooyada & Dhallaanka ee Qaybta 359 (Biyo Dhacay Area),"Maternal and child care dispensary center in Biyo Dhacay Area residential & commercial grid, Hargeisa",9.55946,44.07701,Hospitals & Healthcare,hospital,Biyo Dhacay Area,False,HeartPulse,Cusbitaallada & Rugaha Caafimaadka
wda_farmasiga_shacabka_caafimaadka_e_360,Farmasiga Shacabka & Caafimaadka ee Qaybta 360 (Xero Awr / Hero Awr),"24/7 community pharmacy and dispensary outpost in Xero Awr / Hero Awr residential & commercial grid, Hargeisa",9.56991,44.05166,Hospitals & Healthcare,hospital,Xero Awr / Hero Awr,False,HeartPulse,Cusbitaallada & Rugaha Caafimaadka
wda_dugsiga_hoose_dhexe_ee_waxbarash_361,Dugsiga Hoose/Dhexe ee Waxbarashada Qaybta 361 (Downtown Waheen),"Public primary & intermediate school campus in Downtown Waheen residential & commercial grid, Hargeisa",9.56095,44.06466,Schools & Universities,school,Downtown Waheen,False,GraduationCap,Dugsiyada & Waxbarashada
wda_akadeemiyada_casriga_ah_ee_qaybt_362,Akadeemiyada Casriga ah ee Qaybta 362 (Jigjiga Yar),"Modern high school and STEM educational institute in Jigjiga Yar residential & commercial grid, Hargeisa",9.57669,44.03082,Schools & Universities,school,Jigjiga Yar,False,GraduationCap,Dugsiyada & Waxbarashada
wda_machadka_tababarka_xirfadaha_ee__363,Machadka Tababarka Xirfadaha ee Qaybta 363 (Ahmed Dhagax),"Vocational and technical training college center in Ahmed Dhagax residential & commercial grid, Hargeisa",9.55342,44.04499,Schools & Universities,university,Ahmed Dhagax,False,GraduationCap,Jaamacadaha & Kuliyadaha
wda_masjidka_jaamaca_ee_qaybta_364_1_364,Masjidka Jaamaca ee Qaybta 364 (150 Highway),"Congregational Friday mosque with community prayer hall in 150 Highway residential & commercial grid, Hargeisa",9.57966,44.04615,Mosques (Masaajidda),place_of_worship,150 Highway,False,Moon,Masaajidda
wda_masjidka_al_imaan_ee_qaybta_365__365,Masjidka Al-Imaan ee Qaybta 365 (Shaab / Institutional District),"Neighborhood community mosque and Quranic learning hub in Shaab / Institutional District residential & commercial grid, Hargeisa",9.55777,44.0541,Mosques (Masaajidda),place_of_worship,Shaab / Institutional District,False,Moon,Masaajidda
wda_suuqa_khdaarta_iyo_ganacsiga_ee__366,Suuqa Khdaarta iyo Ganacsiga ee Qaybta 366 (Maxamed Mooge),"Neighborhood open-air fresh market and commercial trade zone in Maxamed Mooge residential & commercial grid, Hargeisa",9.51707,44.09587,Markets & Malls,mall,Maxamed Mooge,False,ShoppingBag,Suuqyada & Xarumaha Ganacsiga
wda_xarunta_ganacsiga_supermarket_ee_367,Xarunta Ganacsiga & Supermarket ee Qaybta 367 (New Hargeisa),"Modern multi-store retail grocery and provisions shopping center in New Hargeisa residential & commercial grid, Hargeisa",9.55234,44.08971,Markets & Malls,mall,New Hargeisa,False,ShoppingBag,Suuqyada & Xarumaha Ganacsiga
wda_kaalinta_shidaalka_hass_national_368,Kaalinta Shidaalka Hass / National ee Qaybta 368 (Daami),"Service petrol station, diesel dispenser and tire service in Daami residential & commercial grid, Hargeisa",9.5736,44.07754,Fuel Stations (Kaalmaha Shidaalka),fuel,Daami,False,Fuel,Kaalmaha Shidaalka
wda_kaalinta_shidaalka_gaaska_ee_qay_369,Kaalinta Shidaalka & Gaaska ee Qaybta 369 (Shiraaqle),"Fuel station and LPG domestic gas distribution depot in Shiraaqle residential & commercial grid, Hargeisa",9.56142,44.09699,Fuel Stations (Kaalmaha Shidaalka),fuel,Shiraaqle,False,Fuel,Kaalmaha Shidaalka
wda_istaanka_gaadiidka_dadweynaha_ee_370,Istaanka Gaadiidka Dadweynaha ee Qaybta 370 (Koodbuur),"Minibus terminal and designated passenger pick-and-drop stop in Koodbuur residential & commercial grid, Hargeisa",9.57251,44.03826,Transport & Terminals,transit_station,Koodbuur,False,Navigation,Istaannada & Gaadiidka
wda_isgoyska_weyn_ee_gaadiidka_ee_qa_371,Isgoyska Weyn ee Gaadiidka ee Qaybta 371 (Airport Zone / Masalaha),"Major road intersection and inter-district transit artery in Airport Zone / Masalaha residential & commercial grid, Hargeisa",9.51981,44.08104,Transport & Terminals,transit_station,Airport Zone / Masalaha,False,Navigation,Istaannada & Gaadiidka
wda_huteelka_nasashada_martida_ee_qa_372,Huteelka Nasashada & Martida ee Qaybta 372 (Kilalka / Sheikh Nuur East),"Comfortable guest lodging and family dining restaurant in Kilalka / Sheikh Nuur East residential & commercial grid, Hargeisa",9.57051,44.09077,Hotels & Hospitality,hotel,Kilalka / Sheikh Nuur East,False,Hotel,Huteellada & Maqaayadaha
wda_laanta_zaad_dahabshiil_ee_qaybta_373,Laanta ZAAD & Dahabshiil ee Qaybta 373 (Goljano District),"Banking kiosk, e-remittance and ZAAD cash-in center in Goljano District residential & commercial grid, Hargeisa",9.55719,44.07782,Banks & Financial,bank,Goljano District,False,Landmark,Bangiyada & Xawaaladaha
wda_laanta_taaj_edahab_express_ee_qa_374,Laanta TAAJ & Edahab Express ee Qaybta 374 (Biyo Dhacay Area),"Financial services, money transfer and remittance desk in Biyo Dhacay Area residential & commercial grid, Hargeisa",9.55477,44.0711,Banks & Financial,bank,Biyo Dhacay Area,False,Landmark,Bangiyada & Xawaaladaha
wda_xafiiska_adeegga_somtel_telesom__375,Xafiiska Adeegga Somtel & Telesom ee Qaybta 375 (Xero Awr / Hero Awr),"Telecommunications branch, SIM registration and fiber service hub in Xero Awr / Hero Awr residential & commercial grid, Hargeisa",9.56489,44.04532,Corporate & Utilities,corporate,Xero Awr / Hero Awr,False,Building2,Shirkadaha & Isgaadhsiinta
wda_xarunta_korontada_sompower_ee_qa_376,Xarunta Korontada Sompower ee Qaybta 376 (Downtown Waheen),"District electrical distribution and bill payment center in Downtown Waheen residential & commercial grid, Hargeisa",9.56053,44.07122,Corporate & Utilities,utility,Downtown Waheen,False,Zap,Korontada & Biyaha
wda_xafiiska_waaxda_dowladda_hoose_e_377,Xafiiska Waaxda Dowladda Hoose ee Qaybta 377 (Jigjiga Yar),"Municipal sub-office and local civic administration center in Jigjiga Yar residential & commercial grid, Hargeisa",9.57617,44.03902,Government & Civic,government,Jigjiga Yar,False,Landmark,Hay'adaha Dowladda
wda_xaafada_deganaanshaha_ee_qaybta__378,Xaafada Deganaanshaha ee Qaybta 378 (Ahmed Dhagax),"Quiet residential enclave and community living sector in Ahmed Dhagax residential & commercial grid, Hargeisa",9.5528,44.05483,Xaafadaha (Districts),neighborhood,Ahmed Dhagax,False,Home,Xaafadaha & Degmooyinka
wda_cusbitaalka_gurmadka_caafimaadka_379,Cusbitaalka Gurmadka Caafimaadka ee Qaybta 379 (150 Highway),"Specialized neighborhood clinic & emergency health post in 150 Highway residential & commercial grid, Hargeisa",9.57893,44.05763,Hospitals & Healthcare,hospital,150 Highway,False,HeartPulse,Cusbitaallada & Rugaha Caafimaadka
wda_rugta_daryeelka_hooyada_dhallaan_380,Rugta Daryeelka Hooyada & Dhallaanka ee Qaybta 380 (Shaab / Institutional District),"Maternal and child care dispensary center in Shaab / Institutional District residential & commercial grid, Hargeisa",9.55729,44.06175,Hospitals & Healthcare,hospital,Shaab / Institutional District,False,HeartPulse,Cusbitaallada & Rugaha Caafimaadka
wda_farmasiga_shacabka_caafimaadka_e_381,Farmasiga Shacabka & Caafimaadka ee Qaybta 381 (Maxamed Mooge),"24/7 community pharmacy and dispensary outpost in Maxamed Mooge residential & commercial grid, Hargeisa",9.51631,44.1079,Hospitals & Healthcare,hospital,Maxamed Mooge,False,HeartPulse,Cusbitaallada & Rugaha Caafimaadka
wda_dugsiga_hoose_dhexe_ee_waxbarash_382,Dugsiga Hoose/Dhexe ee Waxbarashada Qaybta 382 (New Hargeisa),"Public primary & intermediate school campus in New Hargeisa residential & commercial grid, Hargeisa",9.55168,44.1001,Schools & Universities,school,New Hargeisa,False,GraduationCap,Dugsiyada & Waxbarashada
wda_akadeemiyada_casriga_ah_ee_qaybt_383,Akadeemiyada Casriga ah ee Qaybta 383 (Daami),"Modern high school and STEM educational institute in Daami residential & commercial grid, Hargeisa",9.57305,44.08629,Schools & Universities,school,Daami,False,GraduationCap,Dugsiyada & Waxbarashada
wda_machadka_tababarka_xirfadaha_ee__384,Machadka Tababarka Xirfadaha ee Qaybta 384 (Shiraaqle),"Vocational and technical training college center in Shiraaqle residential & commercial grid, Hargeisa",9.5608,44.10683,Schools & Universities,university,Shiraaqle,False,GraduationCap,Jaamacadaha & Kuliyadaha
wda_masjidka_jaamaca_ee_qaybta_385_k_385,Masjidka Jaamaca ee Qaybta 385 (Koodbuur),"Congregational Friday mosque with community prayer hall in Koodbuur residential & commercial grid, Hargeisa",9.57192,44.04756,Mosques (Masaajidda),place_of_worship,Koodbuur,False,Moon,Masaajidda
wda_masjidka_al_imaan_ee_qaybta_386__386,Masjidka Al-Imaan ee Qaybta 386 (Airport Zone / Masalaha),"Neighborhood community mosque and Quranic learning hub in Airport Zone / Masalaha residential & commercial grid, Hargeisa",9.51895,44.0947,Mosques (Masaajidda),place_of_worship,Airport Zone / Masalaha,False,Moon,Masaajidda
wda_suuqa_khdaarta_iyo_ganacsiga_ee__387,Suuqa Khdaarta iyo Ganacsiga ee Qaybta 387 (Kilalka / Sheikh Nuur East),"Neighborhood open-air fresh market and commercial trade zone in Kilalka / Sheikh Nuur East residential & commercial grid, Hargeisa",9.56992,44.10006,Markets & Malls,mall,Kilalka / Sheikh Nuur East,False,ShoppingBag,Suuqyada & Xarumaha Ganacsiga
wda_xarunta_ganacsiga_supermarket_ee_388,Xarunta Ganacsiga & Supermarket ee Qaybta 388 (Goljano District),"Modern multi-store retail grocery and provisions shopping center in Goljano District residential & commercial grid, Hargeisa",9.55667,44.08602,Markets & Malls,mall,Goljano District,False,ShoppingBag,Suuqyada & Xarumaha Ganacsiga
wda_kaalinta_shidaalka_hass_national_389,Kaalinta Shidaalka Hass / National ee Qaybta 389 (Biyo Dhacay Area),"Service petrol station, diesel dispenser and tire service in Biyo Dhacay Area residential & commercial grid, Hargeisa",9.55429,44.07875,Fuel Stations (Kaalmaha Shidaalka),fuel,Biyo Dhacay Area,False,Fuel,Kaalmaha Shidaalka
wda_kaalinta_shidaalka_gaaska_ee_qay_390,Kaalinta Shidaalka & Gaaska ee Qaybta 390 (Xero Awr / Hero Awr),"Fuel station and LPG domestic gas distribution depot in Xero Awr / Hero Awr residential & commercial grid, Hargeisa",9.56437,44.05352,Fuel Stations (Kaalmaha Shidaalka),fuel,Xero Awr / Hero Awr,False,Fuel,Kaalmaha Shidaalka
wda_istaanka_gaadiidka_dadweynaha_ee_391,Istaanka Gaadiidka Dadweynaha ee Qaybta 391 (Downtown Waheen),"Minibus terminal and designated passenger pick-and-drop stop in Downtown Waheen residential & commercial grid, Hargeisa",9.56526,44.06662,Transport & Terminals,transit_station,Downtown Waheen,False,Navigation,Istaannada & Gaadiidka
wda_isgoyska_weyn_ee_gaadiidka_ee_qa_392,Isgoyska Weyn ee Gaadiidka ee Qaybta 392 (Jigjiga Yar),"Major road intersection and inter-district transit artery in Jigjiga Yar residential & commercial grid, Hargeisa",9.58207,44.03327,Transport & Terminals,transit_station,Jigjiga Yar,False,Navigation,Istaannada & Gaadiidka
wda_huteelka_nasashada_martida_ee_qa_393,Huteelka Nasashada & Martida ee Qaybta 393 (Ahmed Dhagax),"Comfortable guest lodging and family dining restaurant in Ahmed Dhagax residential & commercial grid, Hargeisa",9.55989,44.04793,Hotels & Hospitality,hotel,Ahmed Dhagax,False,Hotel,Huteellada & Maqaayadaha
wda_laanta_zaad_dahabshiil_ee_qaybta_394,Laanta ZAAD & Dahabshiil ee Qaybta 394 (150 Highway),"Banking kiosk, e-remittance and ZAAD cash-in center in 150 Highway residential & commercial grid, Hargeisa",9.5872,44.04958,Banks & Financial,bank,150 Highway,False,Landmark,Bangiyada & Xawaaladaha
wda_laanta_taaj_edahab_express_ee_qa_395,Laanta TAAJ & Edahab Express ee Qaybta 395 (Shaab / Institutional District),"Financial services, money transfer and remittance desk in Shaab / Institutional District residential & commercial grid, Hargeisa",9.5628,44.05639,Banks & Financial,bank,Shaab / Institutional District,False,Landmark,Bangiyada & Xawaaladaha
wda_xafiiska_adeegga_somtel_telesom__396,Xafiiska Adeegga Somtel & Telesom ee Qaybta 396 (Maxamed Mooge),"Telecommunications branch, SIM registration and fiber service hub in Maxamed Mooge residential & commercial grid, Hargeisa",9.52497,44.09947,Corporate & Utilities,corporate,Maxamed Mooge,False,Building2,Shirkadaha & Isgaadhsiinta
wda_xarunta_korontada_sompower_ee_qa_397,Xarunta Korontada Sompower ee Qaybta 397 (New Hargeisa),"District electrical distribution and bill payment center in New Hargeisa residential & commercial grid, Hargeisa",9.55916,44.09281,Corporate & Utilities,utility,New Hargeisa,False,Zap,Korontada & Biyaha
wda_xafiiska_waaxda_dowladda_hoose_e_398,Xafiiska Waaxda Dowladda Hoose ee Qaybta 398 (Daami),"Municipal sub-office and local civic administration center in Daami residential & commercial grid, Hargeisa",9.57934,44.08016,Government & Civic,government,Daami,False,Landmark,Hay'adaha Dowladda
wda_xaafada_deganaanshaha_ee_qaybta__399,Xaafada Deganaanshaha ee Qaybta 399 (Shiraaqle),"Quiet residential enclave and community living sector in Shiraaqle residential & commercial grid, Hargeisa",9.56789,44.09993,Xaafadaha (Districts),neighborhood,Shiraaqle,False,Home,Xaafadaha & Degmooyinka
wda_cusbitaalka_gurmadka_caafimaadka_400,Cusbitaalka Gurmadka Caafimaadka ee Qaybta 400 (Koodbuur),"Specialized neighborhood clinic & emergency health post in Koodbuur residential & commercial grid, Hargeisa",9.57862,44.04104,Hospitals & Healthcare,hospital,Koodbuur,False,HeartPulse,Cusbitaallada & Rugaha Caafimaadka
wda_rugta_daryeelka_hooyada_dhallaan_401,Rugta Daryeelka Hooyada & Dhallaanka ee Qaybta 401 (Airport Zone / Masalaha),"Maternal and child care dispensary center in Airport Zone / Masalaha residential & commercial grid, Hargeisa",9.52879,44.08512,Hospitals & Healthcare,hospital,Airport Zone / Masalaha,False,HeartPulse,Cusbitaallada & Rugaha Caafimaadka
wda_farmasiga_shacabka_caafimaadka_e_402,Farmasiga Shacabka & Caafimaadka ee Qaybta 402 (Kilalka / Sheikh Nuur East),"24/7 community pharmacy and dispensary outpost in Kilalka / Sheikh Nuur East residential & commercial grid, Hargeisa",9.57662,44.09354,Hospitals & Healthcare,hospital,Kilalka / Sheikh Nuur East,False,HeartPulse,Cusbitaallada & Rugaha Caafimaadka
wda_dugsiga_hoose_dhexe_ee_waxbarash_403,Dugsiga Hoose/Dhexe ee Waxbarashada Qaybta 403 (Goljano District),"Public primary & intermediate school campus in Goljano District residential & commercial grid, Hargeisa",9.56257,44.08027,Schools & Universities,school,Goljano District,False,GraduationCap,Dugsiyada & Waxbarashada
wda_akadeemiyada_casriga_ah_ee_qaybt_404,Akadeemiyada Casriga ah ee Qaybta 404 (Biyo Dhacay Area),"Modern high school and STEM educational institute in Biyo Dhacay Area residential & commercial grid, Hargeisa",9.5598,44.07339,Schools & Universities,school,Biyo Dhacay Area,False,GraduationCap,Dugsiyada & Waxbarashada
wda_machadka_tababarka_xirfadaha_ee__405,Machadka Tababarka Xirfadaha ee Qaybta 405 (Xero Awr / Hero Awr),"Vocational and technical training college center in Xero Awr / Hero Awr residential & commercial grid, Hargeisa",9.57027,44.04777,Schools & Universities,university,Xero Awr / Hero Awr,False,GraduationCap,Jaamacadaha & Kuliyadaha
wda_masjidka_jaamaca_ee_qaybta_406_d_406,Masjidka Jaamaca ee Qaybta 406 (Downtown Waheen),"Congregational Friday mosque with community prayer hall in Downtown Waheen residential & commercial grid, Hargeisa",9.55864,44.06678,Mosques (Masaajidda),place_of_worship,Downtown Waheen,False,Moon,Masaajidda
wda_masjidka_al_imaan_ee_qaybta_407__407,Masjidka Al-Imaan ee Qaybta 407 (Jigjiga Yar),"Neighborhood community mosque and Quranic learning hub in Jigjiga Yar residential & commercial grid, Hargeisa",9.5738,44.03347,Mosques (Masaajidda),place_of_worship,Jigjiga Yar,False,Moon,Masaajidda
wda_suuqa_khdaarta_iyo_ganacsiga_ee__408,Suuqa Khdaarta iyo Ganacsiga ee Qaybta 408 (Ahmed Dhagax),"Neighborhood open-air fresh market and commercial trade zone in Ahmed Dhagax residential & commercial grid, Hargeisa",9.54997,44.04816,Markets & Malls,mall,Ahmed Dhagax,False,ShoppingBag,Suuqyada & Xarumaha Ganacsiga
wda_xarunta_ganacsiga_supermarket_ee_409,Xarunta Ganacsiga & Supermarket ee Qaybta 409 (150 Highway),"Modern multi-store retail grocery and provisions shopping center in 150 Highway residential & commercial grid, Hargeisa",9.57563,44.04986,Markets & Malls,mall,150 Highway,False,ShoppingBag,Suuqyada & Xarumaha Ganacsiga
wda_kaalinta_shidaalka_hass_national_410,Kaalinta Shidaalka Hass / National ee Qaybta 410 (Shaab / Institutional District),"Service petrol station, diesel dispenser and tire service in Shaab / Institutional District residential & commercial grid, Hargeisa",9.55508,44.05657,Fuel Stations (Kaalmaha Shidaalka),fuel,Shaab / Institutional District,False,Fuel,Kaalmaha Shidaalka
wda_kaalinta_shidaalka_gaaska_ee_qay_411,Kaalinta Shidaalka & Gaaska ee Qaybta 411 (Maxamed Mooge),"Fuel station and LPG domestic gas distribution depot in Maxamed Mooge residential & commercial grid, Hargeisa",9.51285,44.09976,Fuel Stations (Kaalmaha Shidaalka),fuel,Maxamed Mooge,False,Fuel,Kaalmaha Shidaalka
wda_istaanka_gaadiidka_dadweynaha_ee_412,Istaanka Gaadiidka Dadweynaha ee Qaybta 412 (New Hargeisa),"Minibus terminal and designated passenger pick-and-drop stop in New Hargeisa residential & commercial grid, Hargeisa",9.54869,44.09306,Transport & Terminals,transit_station,New Hargeisa,False,Navigation,Istaannada & Gaadiidka
wda_isgoyska_weyn_ee_gaadiidka_ee_qa_413,Isgoyska Weyn ee Gaadiidka ee Qaybta 413 (Daami),"Major road intersection and inter-district transit artery in Daami residential & commercial grid, Hargeisa",9.57053,44.08037,Transport & Terminals,transit_station,Daami,False,Navigation,Istaannada & Gaadiidka
wda_huteelka_nasashada_martida_ee_qa_414,Huteelka Nasashada & Martida ee Qaybta 414 (Shiraaqle),"Comfortable guest lodging and family dining restaurant in Shiraaqle residential & commercial grid, Hargeisa",9.55797,44.10016,Hotels & Hospitality,hotel,Shiraaqle,False,Hotel,Huteellada & Maqaayadaha
wda_laanta_zaad_dahabshiil_ee_qaybta_415,Laanta ZAAD & Dahabshiil ee Qaybta 415 (Koodbuur),"Banking kiosk, e-remittance and ZAAD cash-in center in Koodbuur residential & commercial grid, Hargeisa",9.56925,44.04127,Banks & Financial,bank,Koodbuur,False,Landmark,Bangiyada & Xawaaladaha
wda_laanta_taaj_edahab_express_ee_qa_416,Laanta TAAJ & Edahab Express ee Qaybta 416 (Airport Zone / Masalaha),"Financial services, money transfer and remittance desk in Airport Zone / Masalaha residential & commercial grid, Hargeisa",9.51501,44.08545,Banks & Financial,bank,Airport Zone / Masalaha,False,Landmark,Bangiyada & Xawaaladaha
wda_xafiiska_adeegga_somtel_telesom__417,Xafiiska Adeegga Somtel & Telesom ee Qaybta 417 (Kilalka / Sheikh Nuur East),"Telecommunications branch, SIM registration and fiber service hub in Kilalka / Sheikh Nuur East residential & commercial grid, Hargeisa",9.56725,44.09377,Corporate & Utilities,corporate,Kilalka / Sheikh Nuur East,False,Building2,Shirkadaha & Isgaadhsiinta
wda_xarunta_korontada_sompower_ee_qa_418,Xarunta Korontada Sompower ee Qaybta 418 (Goljano District),"District electrical distribution and bill payment center in Goljano District residential & commercial grid, Hargeisa",9.5543,44.08047,Corporate & Utilities,utility,Goljano District,False,Zap,Korontada & Biyaha
wda_xafiiska_waaxda_dowladda_hoose_e_419,Xafiiska Waaxda Dowladda Hoose ee Qaybta 419 (Biyo Dhacay Area),"Municipal sub-office and local civic administration center in Biyo Dhacay Area residential & commercial grid, Hargeisa",9.55208,44.07357,Government & Civic,government,Biyo Dhacay Area,False,Landmark,Hay'adaha Dowladda
wda_xaafada_deganaanshaha_ee_qaybta__420,Xaafada Deganaanshaha ee Qaybta 420 (Xero Awr / Hero Awr),"Quiet residential enclave and community living sector in Xero Awr / Hero Awr residential & commercial grid, Hargeisa",9.562,44.04797,Xaafadaha (Districts),neighborhood,Xero Awr / Hero Awr,False,Home,Xaafadaha & Degmooyinka
wda_cusbitaalka_gurmadka_caafimaadka_421,Cusbitaalka Gurmadka Caafimaadka ee Qaybta 421 (Downtown Waheen),"Specialized neighborhood clinic & emergency health post in Downtown Waheen residential & commercial grid, Hargeisa",9.56368,44.07123,Hospitals & Healthcare,hospital,Downtown Waheen,False,HeartPulse,Cusbitaallada & Rugaha Caafimaadka
wda_rugta_daryeelka_hooyada_dhallaan_422,Rugta Daryeelka Hooyada & Dhallaanka ee Qaybta 422 (Jigjiga Yar),"Maternal and child care dispensary center in Jigjiga Yar residential & commercial grid, Hargeisa",9.58009,44.03904,Hospitals & Healthcare,hospital,Jigjiga Yar,False,HeartPulse,Cusbitaallada & Rugaha Caafimaadka
wda_farmasiga_shacabka_caafimaadka_e_423,Farmasiga Shacabka & Caafimaadka ee Qaybta 423 (Ahmed Dhagax),"24/7 community pharmacy and dispensary outpost in Ahmed Dhagax residential & commercial grid, Hargeisa",9.55751,44.05485,Hospitals & Healthcare,hospital,Ahmed Dhagax,False,HeartPulse,Cusbitaallada & Rugaha Caafimaadka
wda_dugsiga_hoose_dhexe_ee_waxbarash_424,Dugsiga Hoose/Dhexe ee Waxbarashada Qaybta 424 (150 Highway),"Public primary & intermediate school campus in 150 Highway residential & commercial grid, Hargeisa",9.58443,44.05766,Schools & Universities,school,150 Highway,False,GraduationCap,Dugsiyada & Waxbarashada
wda_akadeemiyada_casriga_ah_ee_qaybt_425,Akadeemiyada Casriga ah ee Qaybta 425 (Shaab / Institutional District),"Modern high school and STEM educational institute in Shaab / Institutional District residential & commercial grid, Hargeisa",9.56095,44.06177,Schools & Universities,school,Shaab / Institutional District,False,GraduationCap,Dugsiyada & Waxbarashada
wda_machadka_tababarka_xirfadaha_ee__426,Machadka Tababarka Xirfadaha ee Qaybta 426 (Maxamed Mooge),"Vocational and technical training college center in Maxamed Mooge residential & commercial grid, Hargeisa",9.52207,44.10793,Schools & Universities,university,Maxamed Mooge,False,GraduationCap,Jaamacadaha & Kuliyadaha
wda_masjidka_jaamaca_ee_qaybta_427_n_427,Masjidka Jaamaca ee Qaybta 427 (New Hargeisa),"Congregational Friday mosque with community prayer hall in New Hargeisa residential & commercial grid, Hargeisa",9.55665,44.10012,Mosques (Masaajidda),place_of_worship,New Hargeisa,False,Moon,Masaajidda
wda_masjidka_al_imaan_ee_qaybta_428__428,Masjidka Al-Imaan ee Qaybta 428 (Daami),"Neighborhood community mosque and Quranic learning hub in Daami residential & commercial grid, Hargeisa",9.57723,44.08631,Mosques (Masaajidda),place_of_worship,Daami,False,Moon,Masaajidda
wda_suuqa_khdaarta_iyo_ganacsiga_ee__429,Suuqa Khdaarta iyo Ganacsiga ee Qaybta 429 (Shiraaqle),"Neighborhood open-air fresh market and commercial trade zone in Shiraaqle residential & commercial grid, Hargeisa",9.56551,44.10685,Markets & Malls,mall,Shiraaqle,False,ShoppingBag,Suuqyada & Xarumaha Ganacsiga
wda_xarunta_ganacsiga_supermarket_ee_430,Xarunta Ganacsiga & Supermarket ee Qaybta 430 (Koodbuur),"Modern multi-store retail grocery and provisions shopping center in Koodbuur residential & commercial grid, Hargeisa",9.57637,44.04758,Markets & Malls,mall,Koodbuur,False,ShoppingBag,Suuqyada & Xarumaha Ganacsiga
wda_kaalinta_shidaalka_hass_national_431,Kaalinta Shidaalka Hass / National ee Qaybta 431 (Airport Zone / Masalaha),"Service petrol station, diesel dispenser and tire service in Airport Zone / Masalaha residential & commercial grid, Hargeisa",9.52549,44.09473,Fuel Stations (Kaalmaha Shidaalka),fuel,Airport Zone / Masalaha,False,Fuel,Kaalmaha Shidaalka
wda_kaalinta_shidaalka_gaaska_ee_qay_432,Kaalinta Shidaalka & Gaaska ee Qaybta 432 (Kilalka / Sheikh Nuur East),"Fuel station and LPG domestic gas distribution depot in Kilalka / Sheikh Nuur East residential & commercial grid, Hargeisa",9.57437,44.10008,Fuel Stations (Kaalmaha Shidaalka),fuel,Kilalka / Sheikh Nuur East,False,Fuel,Kaalmaha Shidaalka
wda_istaanka_gaadiidka_dadweynaha_ee_433,Istaanka Gaadiidka Dadweynaha ee Qaybta 433 (Goljano District),"Minibus terminal and designated passenger pick-and-drop stop in Goljano District residential & commercial grid, Hargeisa",9.56059,44.08604,Transport & Terminals,transit_station,Goljano District,False,Navigation,Istaannada & Gaadiidka
wda_isgoyska_weyn_ee_gaadiidka_ee_qa_434,Isgoyska Weyn ee Gaadiidka ee Qaybta 434 (Biyo Dhacay Area),"Major road intersection and inter-district transit artery in Biyo Dhacay Area residential & commercial grid, Hargeisa",9.55795,44.07877,Transport & Terminals,transit_station,Biyo Dhacay Area,False,Navigation,Istaannada & Gaadiidka
wda_huteelka_nasashada_martida_ee_qa_435,Huteelka Nasashada & Martida ee Qaybta 435 (Xero Awr / Hero Awr),"Comfortable guest lodging and family dining restaurant in Xero Awr / Hero Awr residential & commercial grid, Hargeisa",9.56829,44.05354,Hotels & Hospitality,hotel,Xero Awr / Hero Awr,False,Hotel,Huteellada & Maqaayadaha
wda_laanta_zaad_dahabshiil_ee_qaybta_436,Laanta ZAAD & Dahabshiil ee Qaybta 436 (Downtown Waheen),"Banking kiosk, e-remittance and ZAAD cash-in center in Downtown Waheen residential & commercial grid, Hargeisa",9.56293,44.06444,Banks & Financial,bank,Downtown Waheen,False,Landmark,Bangiyada & Xawaaladaha
wda_laanta_taaj_edahab_express_ee_qa_437,Laanta TAAJ & Edahab Express ee Qaybta 437 (Jigjiga Yar),"Financial services, money transfer and remittance desk in Jigjiga Yar residential & commercial grid, Hargeisa",9.57916,44.03054,Banks & Financial,bank,Jigjiga Yar,False,Landmark,Bangiyada & Xawaaladaha
wda_xafiiska_adeegga_somtel_telesom__438,Xafiiska Adeegga Somtel & Telesom ee Qaybta 438 (Ahmed Dhagax),"Telecommunications branch, SIM registration and fiber service hub in Ahmed Dhagax residential & commercial grid, Hargeisa",9.55639,44.04465,Corporate & Utilities,corporate,Ahmed Dhagax,False,Building2,Shirkadaha & Isgaadhsiinta
wda_xarunta_korontada_sompower_ee_qa_439,Xarunta Korontada Sompower ee Qaybta 439 (150 Highway),"District electrical distribution and bill payment center in 150 Highway residential & commercial grid, Hargeisa",9.58312,44.04576,Corporate & Utilities,utility,150 Highway,False,Zap,Korontada & Biyaha
wda_xafiiska_waaxda_dowladda_hoose_e_440,Xafiiska Waaxda Dowladda Hoose ee Qaybta 440 (Shaab / Institutional District),"Municipal sub-office and local civic administration center in Shaab / Institutional District residential & commercial grid, Hargeisa",9.56008,44.05384,Government & Civic,government,Shaab / Institutional District,False,Landmark,Hay'adaha Dowladda
wda_xaafada_deganaanshaha_ee_qaybta__441,Xaafada Deganaanshaha ee Qaybta 441 (Maxamed Mooge),"Quiet residential enclave and community living sector in Maxamed Mooge residential & commercial grid, Hargeisa",9.5207,44.09547,Xaafadaha (Districts),neighborhood,Maxamed Mooge,False,Home,Xaafadaha & Degmooyinka
wda_cusbitaalka_gurmadka_caafimaadka_442,Cusbitaalka Gurmadka Caafimaadka ee Qaybta 442 (New Hargeisa),"Specialized neighborhood clinic & emergency health post in New Hargeisa residential & commercial grid, Hargeisa",9.55547,44.08936,Hospitals & Healthcare,hospital,New Hargeisa,False,HeartPulse,Cusbitaallada & Rugaha Caafimaadka
wda_rugta_daryeelka_hooyada_dhallaan_443,Rugta Daryeelka Hooyada & Dhallaanka ee Qaybta 443 (Daami),"Maternal and child care dispensary center in Daami residential & commercial grid, Hargeisa",9.57624,44.07725,Hospitals & Healthcare,hospital,Daami,False,HeartPulse,Cusbitaallada & Rugaha Caafimaadka
wda_farmasiga_shacabka_caafimaadka_e_444,Farmasiga Shacabka & Caafimaadka ee Qaybta 444 (Shiraaqle),"24/7 community pharmacy and dispensary outpost in Shiraaqle residential & commercial grid, Hargeisa",9.56439,44.09665,Hospitals & Healthcare,hospital,Shiraaqle,False,HeartPulse,Cusbitaallada & Rugaha Caafimaadka
wda_dugsiga_hoose_dhexe_ee_waxbarash_445,Dugsiga Hoose/Dhexe ee Waxbarashada Qaybta 445 (Koodbuur),"Public primary & intermediate school campus in Koodbuur residential & commercial grid, Hargeisa",9.57531,44.03795,Schools & Universities,school,Koodbuur,False,GraduationCap,Dugsiyada & Waxbarashada
wda_akadeemiyada_casriga_ah_ee_qaybt_446,Akadeemiyada Casriga ah ee Qaybta 446 (Airport Zone / Masalaha),"Modern high school and STEM educational institute in Airport Zone / Masalaha residential & commercial grid, Hargeisa",9.52393,44.08058,Schools & Universities,school,Airport Zone / Masalaha,False,GraduationCap,Dugsiyada & Waxbarashada
wda_machadka_tababarka_xirfadaha_ee__447,Machadka Tababarka Xirfadaha ee Qaybta 447 (Kilalka / Sheikh Nuur East),"Vocational and technical training college center in Kilalka / Sheikh Nuur East residential & commercial grid, Hargeisa",9.57331,44.09045,Schools & Universities,university,Kilalka / Sheikh Nuur East,False,GraduationCap,Jaamacadaha & Kuliyadaha
wda_masjidka_jaamaca_ee_qaybta_448_g_448,Masjidka Jaamaca ee Qaybta 448 (Goljano District),"Congregational Friday mosque with community prayer hall in Goljano District residential & commercial grid, Hargeisa",9.55966,44.07754,Mosques (Masaajidda),place_of_worship,Goljano District,False,Moon,Masaajidda
wda_masjidka_al_imaan_ee_qaybta_449__449,Masjidka Al-Imaan ee Qaybta 449 (Biyo Dhacay Area),"Neighborhood community mosque and Quranic learning hub in Biyo Dhacay Area residential & commercial grid, Hargeisa",9.55708,44.07084,Mosques (Masaajidda),place_of_worship,Biyo Dhacay Area,False,Moon,Masaajidda
wda_suuqa_khdaarta_iyo_ganacsiga_ee__450,Suuqa Khdaarta iyo Ganacsiga ee Qaybta 450 (Xero Awr / Hero Awr),"Neighborhood open-air fresh market and commercial trade zone in Xero Awr / Hero Awr residential & commercial grid, Hargeisa",9.56736,44.04504,Markets & Malls,mall,Xero Awr / Hero Awr,False,ShoppingBag,Suuqyada & Xarumaha Ganacsiga
wda_xarunta_ganacsiga_supermarket_ee_451,Xarunta Ganacsiga & Supermarket ee Qaybta 451 (Downtown Waheen),"Modern multi-store retail grocery and provisions shopping center in Downtown Waheen residential & commercial grid, Hargeisa",9.55891,44.07001,Markets & Malls,mall,Downtown Waheen,False,ShoppingBag,Suuqyada & Xarumaha Ganacsiga
wda_kaalinta_shidaalka_hass_national_452,Kaalinta Shidaalka Hass / National ee Qaybta 452 (Jigjiga Yar),"Service petrol station, diesel dispenser and tire service in Jigjiga Yar residential & commercial grid, Hargeisa",9.57414,44.03751,Fuel Stations (Kaalmaha Shidaalka),fuel,Jigjiga Yar,False,Fuel,Kaalmaha Shidaalka
wda_kaalinta_shidaalka_gaaska_ee_qay_453,Kaalinta Shidaalka & Gaaska ee Qaybta 453 (Ahmed Dhagax),"Fuel station and LPG domestic gas distribution depot in Ahmed Dhagax residential & commercial grid, Hargeisa",9.55037,44.05302,Fuel Stations (Kaalmaha Shidaalka),fuel,Ahmed Dhagax,False,Fuel,Kaalmaha Shidaalka
wda_istaanka_gaadiidka_dadweynaha_ee_454,Istaanka Gaadiidka Dadweynaha ee Qaybta 454 (150 Highway),"Minibus terminal and designated passenger pick-and-drop stop in 150 Highway residential & commercial grid, Hargeisa",9.5761,44.05552,Transport & Terminals,transit_station,150 Highway,False,Navigation,Istaannada & Gaadiidka
wda_isgoyska_weyn_ee_gaadiidka_ee_qa_455,Isgoyska Weyn ee Gaadiidka ee Qaybta 455 (Shaab / Institutional District),"Major road intersection and inter-district transit artery in Shaab / Institutional District residential & commercial grid, Hargeisa",9.5554,44.06035,Transport & Terminals,transit_station,Shaab / Institutional District,False,Navigation,Istaannada & Gaadiidka
wda_huteelka_nasashada_martida_ee_qa_456,Huteelka Nasashada & Martida ee Qaybta 456 (Maxamed Mooge),"Comfortable guest lodging and family dining restaurant in Maxamed Mooge residential & commercial grid, Hargeisa",9.51334,44.10569,Hotels & Hospitality,hotel,Maxamed Mooge,False,Hotel,Huteellada & Maqaayadaha
wda_laanta_zaad_dahabshiil_ee_qaybta_457,Laanta ZAAD & Dahabshiil ee Qaybta 457 (New Hargeisa),"Banking kiosk, e-remittance and ZAAD cash-in center in New Hargeisa residential & commercial grid, Hargeisa",9.54911,44.09819,Banks & Financial,bank,New Hargeisa,False,Landmark,Bangiyada & Xawaaladaha
wda_laanta_taaj_edahab_express_ee_qa_458,Laanta TAAJ & Edahab Express ee Qaybta 458 (Daami),"Financial services, money transfer and remittance desk in Daami residential & commercial grid, Hargeisa",9.57089,44.08468,Banks & Financial,bank,Daami,False,Landmark,Bangiyada & Xawaaladaha
wda_xafiiska_adeegga_somtel_telesom__459,Xafiiska Adeegga Somtel & Telesom ee Qaybta 459 (Shiraaqle),"Telecommunications branch, SIM registration and fiber service hub in Shiraaqle residential & commercial grid, Hargeisa",9.55837,44.10502,Corporate & Utilities,corporate,Shiraaqle,False,Building2,Shirkadaha & Isgaadhsiinta
wda_xarunta_korontada_sompower_ee_qa_460,Xarunta Korontada Sompower ee Qaybta 460 (Koodbuur),"District electrical distribution and bill payment center in Koodbuur residential & commercial grid, Hargeisa",9.56963,44.04585,Corporate & Utilities,utility,Koodbuur,False,Zap,Korontada & Biyaha
wda_xafiiska_waaxda_dowladda_hoose_e_461,Xafiiska Waaxda Dowladda Hoose ee Qaybta 461 (Airport Zone / Masalaha),"Municipal sub-office and local civic administration center in Airport Zone / Masalaha residential & commercial grid, Hargeisa",9.51557,44.09219,Government & Civic,government,Airport Zone / Masalaha,False,Landmark,Hay'adaha Dowladda
wda_xaafada_deganaanshaha_ee_qaybta__462,Xaafada Deganaanshaha ee Qaybta 462 (Kilalka / Sheikh Nuur East),"Quiet residential enclave and community living sector in Kilalka / Sheikh Nuur East residential & commercial grid, Hargeisa",9.56763,44.09835,Xaafadaha (Districts),neighborhood,Kilalka / Sheikh Nuur East,False,Home,Xaafadaha & Degmooyinka
wda_cusbitaalka_gurmadka_caafimaadka_463,Cusbitaalka Gurmadka Caafimaadka ee Qaybta 463 (Goljano District),"Specialized neighborhood clinic & emergency health post in Goljano District residential & commercial grid, Hargeisa",9.55464,44.08451,Hospitals & Healthcare,hospital,Goljano District,False,HeartPulse,Cusbitaallada & Rugaha Caafimaadka
wda_rugta_daryeelka_hooyada_dhallaan_464,Rugta Daryeelka Hooyada & Dhallaanka ee Qaybta 464 (Biyo Dhacay Area),"Maternal and child care dispensary center in Biyo Dhacay Area residential & commercial grid, Hargeisa",9.5524,44.07735,Hospitals & Healthcare,hospital,Biyo Dhacay Area,False,HeartPulse,Cusbitaallada & Rugaha Caafimaadka
wda_farmasiga_shacabka_caafimaadka_e_465,Farmasiga Shacabka & Caafimaadka ee Qaybta 465 (Xero Awr / Hero Awr),"24/7 community pharmacy and dispensary outpost in Xero Awr / Hero Awr residential & commercial grid, Hargeisa",9.56234,44.05201,Hospitals & Healthcare,hospital,Xero Awr / Hero Awr,False,HeartPulse,Cusbitaallada & Rugaha Caafimaadka
wda_dugsiga_hoose_dhexe_ee_waxbarash_466,Dugsiga Hoose/Dhexe ee Waxbarashada Qaybta 466 (Downtown Waheen),"Public primary & intermediate school campus in Downtown Waheen residential & commercial grid, Hargeisa",9.56565,44.06864,Schools & Universities,school,Downtown Waheen,False,GraduationCap,Dugsiyada & Waxbarashada
wda_akadeemiyada_casriga_ah_ee_qaybt_467,Akadeemiyada Casriga ah ee Qaybta 467 (Jigjiga Yar),"Modern high school and STEM educational institute in Jigjiga Yar residential & commercial grid, Hargeisa",9.58256,44.03579,Schools & Universities,school,Jigjiga Yar,False,GraduationCap,Dugsiyada & Waxbarashada
wda_machadka_tababarka_xirfadaha_ee__468,Machadka Tababarka Xirfadaha ee Qaybta 468 (Ahmed Dhagax),"Vocational and technical training college center in Ahmed Dhagax residential & commercial grid, Hargeisa",9.56047,44.05095,Schools & Universities,university,Ahmed Dhagax,False,GraduationCap,Jaamacadaha & Kuliyadaha
wda_masjidka_jaamaca_ee_qaybta_469_1_469,Masjidka Jaamaca ee Qaybta 469 (150 Highway),"Congregational Friday mosque with community prayer hall in 150 Highway residential & commercial grid, Hargeisa",9.58788,44.05311,Mosques (Masaajidda),place_of_worship,150 Highway,False,Moon,Masaajidda
wda_masjidka_al_imaan_ee_qaybta_470__470,Masjidka Al-Imaan ee Qaybta 470 (Shaab / Institutional District),"Neighborhood community mosque and Quranic learning hub in Shaab / Institutional District residential & commercial grid, Hargeisa",9.56326,44.05874,Mosques (Masaajidda),place_of_worship,Shaab / Institutional District,False,Moon,Masaajidda
wda_suuqa_khdaarta_iyo_ganacsiga_ee__471,Suuqa Khdaarta iyo Ganacsiga ee Qaybta 471 (Maxamed Mooge),"Neighborhood open-air fresh market and commercial trade zone in Maxamed Mooge residential & commercial grid, Hargeisa",9.52569,44.10317,Markets & Malls,mall,Maxamed Mooge,False,ShoppingBag,Suuqyada & Xarumaha Ganacsiga
wda_xarunta_ganacsiga_supermarket_ee_472,Xarunta Ganacsiga & Supermarket ee Qaybta 472 (New Hargeisa),"Modern multi-store retail grocery and provisions shopping center in New Hargeisa residential & commercial grid, Hargeisa",9.55978,44.09601,Markets & Malls,mall,New Hargeisa,False,ShoppingBag,Suuqyada & Xarumaha Ganacsiga
wda_kaalinta_shidaalka_hass_national_473,Kaalinta Shidaalka Hass / National ee Qaybta 473 (Daami),"Service petrol station, diesel dispenser and tire service in Daami residential & commercial grid, Hargeisa",9.57986,44.08285,Fuel Stations (Kaalmaha Shidaalka),fuel,Daami,False,Fuel,Kaalmaha Shidaalka
wda_kaalinta_shidaalka_gaaska_ee_qay_474,Kaalinta Shidaalka & Gaaska ee Qaybta 474 (Shiraaqle),"Fuel station and LPG domestic gas distribution depot in Shiraaqle residential & commercial grid, Hargeisa",9.56847,44.10295,Fuel Stations (Kaalmaha Shidaalka),fuel,Shiraaqle,False,Fuel,Kaalmaha Shidaalka
wda_istaanka_gaadiidka_dadweynaha_ee_475,Istaanka Gaadiidka Dadweynaha ee Qaybta 475 (Koodbuur),"Minibus terminal and designated passenger pick-and-drop stop in Koodbuur residential & commercial grid, Hargeisa",9.57917,44.0439,Transport & Terminals,transit_station,Koodbuur,False,Navigation,Istaannada & Gaadiidka
wda_isgoyska_weyn_ee_gaadiidka_ee_qa_476,Isgoyska Weyn ee Gaadiidka ee Qaybta 476 (Airport Zone / Masalaha),"Major road intersection and inter-district transit artery in Airport Zone / Masalaha residential & commercial grid, Hargeisa",9.5296,44.08932,Transport & Terminals,transit_station,Airport Zone / Masalaha,False,Navigation,Istaannada & Gaadiidka
wda_huteelka_nasashada_martida_ee_qa_477,Huteelka Nasashada & Martida ee Qaybta 477 (Kilalka / Sheikh Nuur East),"Comfortable guest lodging and family dining restaurant in Kilalka / Sheikh Nuur East residential & commercial grid, Hargeisa",9.57717,44.0964,Hotels & Hospitality,hotel,Kilalka / Sheikh Nuur East,False,Hotel,Huteellada & Maqaayadaha
wda_laanta_zaad_dahabshiil_ee_qaybta_478,Laanta ZAAD & Dahabshiil ee Qaybta 478 (Goljano District),"Banking kiosk, e-remittance and ZAAD cash-in center in Goljano District residential & commercial grid, Hargeisa",9.56306,44.08279,Banks & Financial,bank,Goljano District,False,Landmark,Bangiyada & Xawaaladaha
wda_laanta_taaj_edahab_express_ee_qa_479,Laanta TAAJ & Edahab Express ee Qaybta 479 (Biyo Dhacay Area),"Financial services, money transfer and remittance desk in Biyo Dhacay Area residential & commercial grid, Hargeisa",9.56026,44.07574,Banks & Financial,bank,Biyo Dhacay Area,False,Landmark,Bangiyada & Xawaaladaha
wda_xafiiska_adeegga_somtel_telesom__480,Xafiiska Adeegga Somtel & Telesom ee Qaybta 480 (Xero Awr / Hero Awr),"Telecommunications branch, SIM registration and fiber service hub in Xero Awr / Hero Awr residential & commercial grid, Hargeisa",9.57076,44.05029,Corporate & Utilities,corporate,Xero Awr / Hero Awr,False,Building2,Shirkadaha & Isgaadhsiinta
wda_xarunta_korontada_sompower_ee_qa_481,Xarunta Korontada Sompower ee Qaybta 481 (Downtown Waheen),"District electrical distribution and bill payment center in Downtown Waheen residential & commercial grid, Hargeisa",9.55971,44.06501,Corporate & Utilities,utility,Downtown Waheen,False,Zap,Korontada & Biyaha
wda_xafiiska_waaxda_dowladda_hoose_e_482,Xafiiska Waaxda Dowladda Hoose ee Qaybta 482 (Jigjiga Yar),"Municipal sub-office and local civic administration center in Jigjiga Yar residential & commercial grid, Hargeisa",9.57514,44.03126,Government & Civic,government,Jigjiga Yar,False,Landmark,Hay'adaha Dowladda
wda_xaafada_deganaanshaha_ee_qaybta__483,Xaafada Deganaanshaha ee Qaybta 483 (Ahmed Dhagax),"Quiet residential enclave and community living sector in Ahmed Dhagax residential & commercial grid, Hargeisa",9.55157,44.04551,Xaafadaha (Districts),neighborhood,Ahmed Dhagax,False,Home,Xaafadaha & Degmooyinka
wda_cusbitaalka_gurmadka_caafimaadka_484,Cusbitaalka Gurmadka Caafimaadka ee Qaybta 484 (150 Highway),"Specialized neighborhood clinic & emergency health post in 150 Highway residential & commercial grid, Hargeisa",9.5775,44.04676,Hospitals & Healthcare,hospital,150 Highway,False,HeartPulse,Cusbitaallada & Rugaha Caafimaadka
wda_rugta_daryeelka_hooyada_dhallaan_485,Rugta Daryeelka Hooyada & Dhallaanka ee Qaybta 485 (Shaab / Institutional District),"Maternal and child care dispensary center in Shaab / Institutional District residential & commercial grid, Hargeisa",9.55633,44.05451,Hospitals & Healthcare,hospital,Shaab / Institutional District,False,HeartPulse,Cusbitaallada & Rugaha Caafimaadka
wda_farmasiga_shacabka_caafimaadka_e_486,Farmasiga Shacabka & Caafimaadka ee Qaybta 486 (Maxamed Mooge),"24/7 community pharmacy and dispensary outpost in Maxamed Mooge residential & commercial grid, Hargeisa",9.51481,44.09651,Hospitals & Healthcare,hospital,Maxamed Mooge,False,HeartPulse,Cusbitaallada & Rugaha Caafimaadka
wda_dugsiga_hoose_dhexe_ee_waxbarash_487,Dugsiga Hoose/Dhexe ee Waxbarashada Qaybta 487 (New Hargeisa),"Public primary & intermediate school campus in New Hargeisa residential & commercial grid, Hargeisa",9.55038,44.09026,Schools & Universities,school,New Hargeisa,False,GraduationCap,Dugsiyada & Waxbarashada
wda_akadeemiyada_casriga_ah_ee_qaybt_488,Akadeemiyada Casriga ah ee Qaybta 488 (Daami),"Modern high school and STEM educational institute in Daami residential & commercial grid, Hargeisa",9.57195,44.07801,Schools & Universities,school,Daami,False,GraduationCap,Dugsiyada & Waxbarashada
wda_machadka_tababarka_xirfadaha_ee__489,Machadka Tababarka Xirfadaha ee Qaybta 489 (Shiraaqle),"Vocational and technical training college center in Shiraaqle residential & commercial grid, Hargeisa",9.55957,44.09751,Schools & Universities,university,Shiraaqle,False,GraduationCap,Jaamacadaha & Kuliyadaha
wda_masjidka_jaamaca_ee_qaybta_490_k_490,Masjidka Jaamaca ee Qaybta 490 (Koodbuur),"Congregational Friday mosque with community prayer hall in Koodbuur residential & commercial grid, Hargeisa",9.57076,44.03876,Mosques (Masaajidda),place_of_worship,Koodbuur,False,Moon,Masaajidda
wda_masjidka_al_imaan_ee_qaybta_491__491,Masjidka Al-Imaan ee Qaybta 491 (Airport Zone / Masalaha),"Neighborhood community mosque and Quranic learning hub in Airport Zone / Masalaha residential & commercial grid, Hargeisa",9.51724,44.08177,Mosques (Masaajidda),place_of_worship,Airport Zone / Masalaha,False,Moon,Masaajidda
wda_suuqa_khdaarta_iyo_ganacsiga_ee__492,Suuqa Khdaarta iyo Ganacsiga ee Qaybta 492 (Kilalka / Sheikh Nuur East),"Neighborhood open-air fresh market and commercial trade zone in Kilalka / Sheikh Nuur East residential & commercial grid, Hargeisa",9.56876,44.09126,Markets & Malls,mall,Kilalka / Sheikh Nuur East,False,ShoppingBag,Suuqyada & Xarumaha Ganacsiga
wda_xarunta_ganacsiga_supermarket_ee_493,Xarunta Ganacsiga & Supermarket ee Qaybta 493 (Goljano District),"Modern multi-store retail grocery and provisions shopping center in Goljano District residential & commercial grid, Hargeisa",9.55564,44.07826,Markets & Malls,mall,Goljano District,False,ShoppingBag,Suuqyada & Xarumaha Ganacsiga
wda_kaalinta_shidaalka_hass_national_494,Kaalinta Shidaalka Hass / National ee Qaybta 494 (Biyo Dhacay Area),"Service petrol station, diesel dispenser and tire service in Biyo Dhacay Area residential & commercial grid, Hargeisa",9.55333,44.07151,Fuel Stations (Kaalmaha Shidaalka),fuel,Biyo Dhacay Area,False,Fuel,Kaalmaha Shidaalka
wda_kaalinta_shidaalka_gaaska_ee_qay_495,Kaalinta Shidaalka & Gaaska ee Qaybta 495 (Xero Awr / Hero Awr),"Fuel station and LPG domestic gas distribution depot in Xero Awr / Hero Awr residential & commercial grid, Hargeisa",9.56334,44.04576,Fuel Stations (Kaalmaha Shidaalka),fuel,Xero Awr / Hero Awr,False,Fuel,Kaalmaha Shidaalka
wda_istaanka_gaadiidka_dadweynaha_ee_496,Istaanka Gaadiidka Dadweynaha ee Qaybta 496 (Downtown Waheen),"Minibus terminal and designated passenger pick-and-drop stop in Downtown Waheen residential & commercial grid, Hargeisa",9.56169,44.0718,Transport & Terminals,transit_station,Downtown Waheen,False,Navigation,Istaannada & Gaadiidka
wda_isgoyska_weyn_ee_gaadiidka_ee_qa_497,Isgoyska Weyn ee Gaadiidka ee Qaybta 497 (Jigjiga Yar),"Major road intersection and inter-district transit artery in Jigjiga Yar residential & commercial grid, Hargeisa",9.57761,44.03976,Transport & Terminals,transit_station,Jigjiga Yar,False,Navigation,Istaannada & Gaadiidka
wda_huteelka_nasashada_martida_ee_qa_498,Huteelka Nasashada & Martida ee Qaybta 498 (Ahmed Dhagax),"Comfortable guest lodging and family dining restaurant in Ahmed Dhagax residential & commercial grid, Hargeisa",9.55453,44.05571,Hotels & Hospitality,hotel,Ahmed Dhagax,False,Hotel,Huteellada & Maqaayadaha
wda_laanta_zaad_dahabshiil_ee_qaybta_499,Laanta ZAAD & Dahabshiil ee Qaybta 499 (150 Highway),"Banking kiosk, e-remittance and ZAAD cash-in center in 150 Highway residential & commercial grid, Hargeisa",9.58096,44.05866,Banks & Financial,bank,150 Highway,False,Landmark,Bangiyada & Xawaaladaha
wda_laanta_taaj_edahab_express_ee_qa_500,Laanta TAAJ & Edahab Express ee Qaybta 500 (Shaab / Institutional District),"Financial services, money transfer and remittance desk in Shaab / Institutional District residential & commercial grid, Hargeisa",9.55864,44.06244,Banks & Financial,bank,Shaab / Institutional District,False,Landmark,Bangiyada & Xawaaladaha
wda_xafiiska_adeegga_somtel_telesom__501,Xafiiska Adeegga Somtel & Telesom ee Qaybta 501 (Maxamed Mooge),"Telecommunications branch, SIM registration and fiber service hub in Maxamed Mooge residential & commercial grid, Hargeisa",9.51843,44.10897,Corporate & Utilities,corporate,Maxamed Mooge,False,Building2,Shirkadaha & Isgaadhsiinta
wda_xarunta_korontada_sompower_ee_qa_502,Xarunta Korontada Sompower ee Qaybta 502 (New Hargeisa),"District electrical distribution and bill payment center in New Hargeisa residential & commercial grid, Hargeisa",9.55351,44.10102,Corporate & Utilities,utility,New Hargeisa,False,Zap,Korontada & Biyaha
wda_xafiiska_waaxda_dowladda_hoose_e_503,Xafiiska Waaxda Dowladda Hoose ee Qaybta 503 (Daami),"Municipal sub-office and local civic administration center in Daami residential & commercial grid, Hargeisa",9.57459,44.08707,Government & Civic,government,Daami,False,Landmark,Hay'adaha Dowladda
wda_xaafada_deganaanshaha_ee_qaybta__504,Xaafada Deganaanshaha ee Qaybta 504 (Shiraaqle),"Quiet residential enclave and community living sector in Shiraaqle residential & commercial grid, Hargeisa",9.56253,44.10771,Xaafadaha (Districts),neighborhood,Shiraaqle,False,Home,Xaafadaha & Degmooyinka
wda_cusbitaalka_gurmadka_caafimaadka_505,Cusbitaalka Gurmadka Caafimaadka ee Qaybta 505 (Koodbuur),"Specialized neighborhood clinic & emergency health post in Koodbuur residential & commercial grid, Hargeisa",9.57356,44.04839,Hospitals & Healthcare,hospital,Koodbuur,False,HeartPulse,Cusbitaallada & Rugaha Caafimaadka
wda_rugta_daryeelka_hooyada_dhallaan_506,Rugta Daryeelka Hooyada & Dhallaanka ee Qaybta 506 (Airport Zone / Masalaha),"Maternal and child care dispensary center in Airport Zone / Masalaha residential & commercial grid, Hargeisa",9.52135,44.09593,Hospitals & Healthcare,hospital,Airport Zone / Masalaha,False,HeartPulse,Cusbitaallada & Rugaha Caafimaadka
wda_farmasiga_shacabka_caafimaadka_e_507,Farmasiga Shacabka & Caafimaadka ee Qaybta 507 (Kilalka / Sheikh Nuur East),"24/7 community pharmacy and dispensary outpost in Kilalka / Sheikh Nuur East residential & commercial grid, Hargeisa",9.57156,44.10089,Hospitals & Healthcare,hospital,Kilalka / Sheikh Nuur East,False,HeartPulse,Cusbitaallada & Rugaha Caafimaadka
wda_dugsiga_hoose_dhexe_ee_waxbarash_508,Dugsiga Hoose/Dhexe ee Waxbarashada Qaybta 508 (Goljano District),"Public primary & intermediate school campus in Goljano District residential & commercial grid, Hargeisa",9.55811,44.08676,Schools & Universities,school,Goljano District,False,GraduationCap,Dugsiyada & Waxbarashada
wda_akadeemiyada_casriga_ah_ee_qaybt_509,Akadeemiyada Casriga ah ee Qaybta 509 (Biyo Dhacay Area),"Modern high school and STEM educational institute in Biyo Dhacay Area residential & commercial grid, Hargeisa",9.55564,44.07944,Schools & Universities,school,Biyo Dhacay Area,False,GraduationCap,Dugsiyada & Waxbarashada
wda_machadka_tababarka_xirfadaha_ee__510,Machadka Tababarka Xirfadaha ee Qaybta 510 (Xero Awr / Hero Awr),"Vocational and technical training college center in Xero Awr / Hero Awr residential & commercial grid, Hargeisa",9.56581,44.05426,Schools & Universities,university,Xero Awr / Hero Awr,False,GraduationCap,Jaamacadaha & Kuliyadaha
wda_masjidka_jaamaca_ee_qaybta_511_d_511,Masjidka Jaamaca ee Qaybta 511 (Downtown Waheen),"Congregational Friday mosque with community prayer hall in Downtown Waheen residential & commercial grid, Hargeisa",9.56479,44.06539,Mosques (Masaajidda),place_of_worship,Downtown Waheen,False,Moon,Masaajidda
wda_masjidka_al_imaan_ee_qaybta_512__512,Masjidka Al-Imaan ee Qaybta 512 (Jigjiga Yar),"Neighborhood community mosque and Quranic learning hub in Jigjiga Yar residential & commercial grid, Hargeisa",9.58148,44.03173,Mosques (Masaajidda),place_of_worship,Jigjiga Yar,False,Moon,Masaajidda
wda_suuqa_khdaarta_iyo_ganacsiga_ee__513,Suuqa Khdaarta iyo Ganacsiga ee Qaybta 513 (Ahmed Dhagax),"Neighborhood open-air fresh market and commercial trade zone in Ahmed Dhagax residential & commercial grid, Hargeisa",9.55918,44.04608,Markets & Malls,mall,Ahmed Dhagax,False,ShoppingBag,Suuqyada & Xarumaha Ganacsiga
wda_xarunta_ganacsiga_supermarket_ee_514,Xarunta Ganacsiga & Supermarket ee Qaybta 514 (150 Highway),"Modern multi-store retail grocery and provisions shopping center in 150 Highway residential & commercial grid, Hargeisa",9.58638,44.04742,Markets & Malls,mall,150 Highway,False,ShoppingBag,Suuqyada & Xarumaha Ganacsiga
wda_kaalinta_shidaalka_hass_national_515,Kaalinta Shidaalka Hass / National ee Qaybta 515 (Shaab / Institutional District),"Service petrol station, diesel dispenser and tire service in Shaab / Institutional District residential & commercial grid, Hargeisa",9.56225,44.05495,Fuel Stations (Kaalmaha Shidaalka),fuel,Shaab / Institutional District,False,Fuel,Kaalmaha Shidaalka
wda_kaalinta_shidaalka_gaaska_ee_qay_516,Kaalinta Shidaalka & Gaaska ee Qaybta 516 (Maxamed Mooge),"Fuel station and LPG domestic gas distribution depot in Maxamed Mooge residential & commercial grid, Hargeisa",9.52411,44.09721,Fuel Stations (Kaalmaha Shidaalka),fuel,Maxamed Mooge,False,Fuel,Kaalmaha Shidaalka
wda_istaanka_gaadiidka_dadweynaha_ee_517,Istaanka Gaadiidka Dadweynaha ee Qaybta 517 (New Hargeisa),"Minibus terminal and designated passenger pick-and-drop stop in New Hargeisa residential & commercial grid, Hargeisa",9.55841,44.09086,Transport & Terminals,transit_station,New Hargeisa,False,Navigation,Istaannada & Gaadiidka
wda_isgoyska_weyn_ee_gaadiidka_ee_qa_518,Isgoyska Weyn ee Gaadiidka ee Qaybta 518 (Daami),"Major road intersection and inter-district transit artery in Daami residential & commercial grid, Hargeisa",9.57872,44.07851,Transport & Terminals,transit_station,Daami,False,Navigation,Istaannada & Gaadiidka
wda_huteelka_nasashada_martida_ee_qa_519,Huteelka Nasashada & Martida ee Qaybta 519 (Shiraaqle),"Comfortable guest lodging and family dining restaurant in Shiraaqle residential & commercial grid, Hargeisa",9.56718,44.09808,Hotels & Hospitality,hotel,Shiraaqle,False,Hotel,Huteellada & Maqaayadaha
wda_laanta_zaad_dahabshiil_ee_qaybta_520,Laanta ZAAD & Dahabshiil ee Qaybta 520 (Koodbuur),"Banking kiosk, e-remittance and ZAAD cash-in center in Koodbuur residential & commercial grid, Hargeisa",9.57795,44.0393,Banks & Financial,bank,Koodbuur,False,Landmark,Bangiyada & Xawaaladaha
wda_laanta_taaj_edahab_express_ee_qa_521,Laanta TAAJ & Edahab Express ee Qaybta 521 (Airport Zone / Masalaha),"Financial services, money transfer and remittance desk in Airport Zone / Masalaha residential & commercial grid, Hargeisa",9.52781,44.08255,Banks & Financial,bank,Airport Zone / Masalaha,False,Landmark,Bangiyada & Xawaaladaha
wda_xafiiska_adeegga_somtel_telesom__522,Xafiiska Adeegga Somtel & Telesom ee Qaybta 522 (Kilalka / Sheikh Nuur East),"Telecommunications branch, SIM registration and fiber service hub in Kilalka / Sheikh Nuur East residential & commercial grid, Hargeisa",9.57595,44.0918,Corporate & Utilities,corporate,Kilalka / Sheikh Nuur East,False,Building2,Shirkadaha & Isgaadhsiinta
wda_xarunta_korontada_sompower_ee_qa_523,Xarunta Korontada Sompower ee Qaybta 523 (Goljano District),"District electrical distribution and bill payment center in Goljano District residential & commercial grid, Hargeisa",9.56198,44.07873,Corporate & Utilities,utility,Goljano District,False,Zap,Korontada & Biyaha
wda_xafiiska_waaxda_dowladda_hoose_e_524,Xafiiska Waaxda Dowladda Hoose ee Qaybta 524 (Biyo Dhacay Area),"Municipal sub-office and local civic administration center in Biyo Dhacay Area residential & commercial grid, Hargeisa",9.55925,44.07195,Government & Civic,government,Biyo Dhacay Area,False,Landmark,Hay'adaha Dowladda
wda_xaafada_deganaanshaha_ee_qaybta__525,Xaafada Deganaanshaha ee Qaybta 525 (Xero Awr / Hero Awr),"Quiet residential enclave and community living sector in Xero Awr / Hero Awr residential & commercial grid, Hargeisa",9.56968,44.04623,Xaafadaha (Districts),neighborhood,Xero Awr / Hero Awr,False,Home,Xaafadaha & Degmooyinka
wda_cusbitaalka_gurmadka_caafimaadka_526,Cusbitaalka Gurmadka Caafimaadka ee Qaybta 526 (Downtown Waheen),"Specialized neighborhood clinic & emergency health post in Downtown Waheen residential & commercial grid, Hargeisa",9.55817,44.06802,Hospitals & Healthcare,hospital,Downtown Waheen,False,HeartPulse,Cusbitaallada & Rugaha Caafimaadka
wda_rugta_daryeelka_hooyada_dhallaan_527,Rugta Daryeelka Hooyada & Dhallaanka ee Qaybta 527 (Jigjiga Yar),"Maternal and child care dispensary center in Jigjiga Yar residential & commercial grid, Hargeisa",9.57322,44.03502,Hospitals & Healthcare,hospital,Jigjiga Yar,False,HeartPulse,Cusbitaallada & Rugaha Caafimaadka
wda_farmasiga_shacabka_caafimaadka_e_528,Farmasiga Shacabka & Caafimaadka ee Qaybta 528 (Ahmed Dhagax),"24/7 community pharmacy and dispensary outpost in Ahmed Dhagax residential & commercial grid, Hargeisa",9.54926,44.05003,Hospitals & Healthcare,hospital,Ahmed Dhagax,False,HeartPulse,Cusbitaallada & Rugaha Caafimaadka
wda_dugsiga_hoose_dhexe_ee_waxbarash_529,Dugsiga Hoose/Dhexe ee Waxbarashada Qaybta 529 (150 Highway),"Public primary & intermediate school campus in 150 Highway residential & commercial grid, Hargeisa",9.5748,44.05203,Schools & Universities,school,150 Highway,False,GraduationCap,Dugsiyada & Waxbarashada
wda_akadeemiyada_casriga_ah_ee_qaybt_530,Akadeemiyada Casriga ah ee Qaybta 530 (Shaab / Institutional District),"Modern high school and STEM educational institute in Shaab / Institutional District residential & commercial grid, Hargeisa",9.55454,44.05802,Schools & Universities,school,Shaab / Institutional District,False,GraduationCap,Dugsiyada & Waxbarashada
wda_machadka_tababarka_xirfadaha_ee__531,Machadka Tababarka Xirfadaha ee Qaybta 531 (Maxamed Mooge),"Vocational and technical training college center in Maxamed Mooge residential & commercial grid, Hargeisa",9.51198,44.10203,Schools & Universities,university,Maxamed Mooge,False,GraduationCap,Jaamacadaha & Kuliyadaha
wda_masjidka_jaamaca_ee_qaybta_532_n_532,Masjidka Jaamaca ee Qaybta 532 (New Hargeisa),"Congregational Friday mosque with community prayer hall in New Hargeisa residential & commercial grid, Hargeisa",9.54794,44.09503,Mosques (Masaajidda),place_of_worship,New Hargeisa,False,Moon,Masaajidda
wda_masjidka_al_imaan_ee_qaybta_533__533,Masjidka Al-Imaan ee Qaybta 533 (Daami),"Neighborhood community mosque and Quranic learning hub in Daami residential & commercial grid, Hargeisa",9.5699,44.08203,Mosques (Masaajidda),place_of_worship,Daami,False,Moon,Masaajidda
wda_suuqa_khdaarta_iyo_ganacsiga_ee__534,Suuqa Khdaarta iyo Ganacsiga ee Qaybta 534 (Shiraaqle),"Neighborhood open-air fresh market and commercial trade zone in Shiraaqle residential & commercial grid, Hargeisa",9.55726,44.10203,Markets & Malls,mall,Shiraaqle,False,ShoppingBag,Suuqyada & Xarumaha Ganacsiga
wda_xarunta_ganacsiga_supermarket_ee_535,Xarunta Ganacsiga & Supermarket ee Qaybta 535 (Koodbuur),"Modern multi-store retail grocery and provisions shopping center in Koodbuur residential & commercial grid, Hargeisa",9.56858,44.04303,Markets & Malls,mall,Koodbuur,False,ShoppingBag,Suuqyada & Xarumaha Ganacsiga
wda_kaalinta_shidaalka_hass_national_536,Kaalinta Shidaalka Hass / National ee Qaybta 536 (Airport Zone / Masalaha),"Service petrol station, diesel dispenser and tire service in Airport Zone / Masalaha residential & commercial grid, Hargeisa",9.51403,44.08804,Fuel Stations (Kaalmaha Shidaalka),fuel,Airport Zone / Masalaha,False,Fuel,Kaalmaha Shidaalka
wda_kaalinta_shidaalka_gaaska_ee_qay_537,Kaalinta Shidaalka & Gaaska ee Qaybta 537 (Kilalka / Sheikh Nuur East),"Fuel station and LPG domestic gas distribution depot in Kilalka / Sheikh Nuur East residential & commercial grid, Hargeisa",9.56658,44.09553,Fuel Stations (Kaalmaha Shidaalka),fuel,Kilalka / Sheikh Nuur East,False,Fuel,Kaalmaha Shidaalka
wda_istaanka_gaadiidka_dadweynaha_ee_538,Istaanka Gaadiidka Dadweynaha ee Qaybta 538 (Goljano District),"Minibus terminal and designated passenger pick-and-drop stop in Goljano District residential & commercial grid, Hargeisa",9.55372,44.08202,Transport & Terminals,transit_station,Goljano District,False,Navigation,Istaannada & Gaadiidka
wda_isgoyska_weyn_ee_gaadiidka_ee_qa_539,Isgoyska Weyn ee Gaadiidka ee Qaybta 539 (Biyo Dhacay Area),"Major road intersection and inter-district transit artery in Biyo Dhacay Area residential & commercial grid, Hargeisa",9.55154,44.07502,Transport & Terminals,transit_station,Biyo Dhacay Area,False,Navigation,Istaannada & Gaadiidka
wda_huteelka_nasashada_martida_ee_qa_540,Huteelka Nasashada & Martida ee Qaybta 540 (Xero Awr / Hero Awr),"Comfortable guest lodging and family dining restaurant in Xero Awr / Hero Awr residential & commercial grid, Hargeisa",9.56142,44.04952,Hotels & Hospitality,hotel,Xero Awr / Hero Awr,False,Hotel,Huteellada & Maqaayadaha
wda_laanta_zaad_dahabshiil_ee_qaybta_541,Laanta ZAAD & Dahabshiil ee Qaybta 541 (Downtown Waheen),"Banking kiosk, e-remittance and ZAAD cash-in center in Downtown Waheen residential & commercial grid, Hargeisa",9.56486,44.07063,Banks & Financial,bank,Downtown Waheen,False,Landmark,Bangiyada & Xawaaladaha
wda_laanta_taaj_edahab_express_ee_qa_542,Laanta TAAJ & Edahab Express ee Qaybta 542 (Jigjiga Yar),"Financial services, money transfer and remittance desk in Jigjiga Yar residential & commercial grid, Hargeisa",9.58157,44.03829,Banks & Financial,bank,Jigjiga Yar,False,Landmark,Bangiyada & Xawaaladaha
wda_xafiiska_adeegga_somtel_telesom__543,Xafiiska Adeegga Somtel & Telesom ee Qaybta 543 (Ahmed Dhagax),"Telecommunications branch, SIM registration and fiber service hub in Ahmed Dhagax residential & commercial grid, Hargeisa",9.55929,44.05394,Corporate & Utilities,corporate,Ahmed Dhagax,False,Building2,Shirkadaha & Isgaadhsiinta
wda_xarunta_korontada_sompower_ee_qa_544,Xarunta Korontada Sompower ee Qaybta 544 (150 Highway),"District electrical distribution and bill payment center in 150 Highway residential & commercial grid, Hargeisa",9.5865,44.0566,Corporate & Utilities,utility,150 Highway,False,Zap,Korontada & Biyaha
wda_xafiiska_waaxda_dowladda_hoose_e_545,Xafiiska Waaxda Dowladda Hoose ee Qaybta 545 (Shaab / Institutional District),"Municipal sub-office and local civic administration center in Shaab / Institutional District residential & commercial grid, Hargeisa",9.56233,44.06107,Government & Civic,government,Shaab / Institutional District,False,Landmark,Hay'adaha Dowladda
wda_xaafada_deganaanshaha_ee_qaybta__546,Xaafada Deganaanshaha ee Qaybta 546 (Maxamed Mooge),"Quiet residential enclave and community living sector in Maxamed Mooge residential & commercial grid, Hargeisa",9.52424,44.10682,Xaafadaha (Districts),neighborhood,Maxamed Mooge,False,Home,Xaafadaha & Degmooyinka
wda_cusbitaalka_gurmadka_caafimaadka_547,Cusbitaalka Gurmadka Caafimaadka ee Qaybta 547 (New Hargeisa),"Specialized neighborhood clinic & emergency health post in New Hargeisa residential & commercial grid, Hargeisa",9.55852,44.09916,Hospitals & Healthcare,hospital,New Hargeisa,False,HeartPulse,Cusbitaallada & Rugaha Caafimaadka
wda_rugta_daryeelka_hooyada_dhallaan_548,Rugta Daryeelka Hooyada & Dhallaanka ee Qaybta 548 (Daami),"Maternal and child care dispensary center in Daami residential & commercial grid, Hargeisa",9.57881,44.0855,Hospitals & Healthcare,hospital,Daami,False,HeartPulse,Cusbitaallada & Rugaha Caafimaadka
wda_farmasiga_shacabka_caafimaadka_e_549,Farmasiga Shacabka & Caafimaadka ee Qaybta 549 (Shiraaqle),"24/7 community pharmacy and dispensary outpost in Shiraaqle residential & commercial grid, Hargeisa",9.56729,44.10594,Hospitals & Healthcare,hospital,Shiraaqle,False,HeartPulse,Cusbitaallada & Rugaha Caafimaadka
wda_dugsiga_hoose_dhexe_ee_waxbarash_550,Dugsiga Hoose/Dhexe ee Waxbarashada Qaybta 550 (Koodbuur),"Public primary & intermediate school campus in Koodbuur residential & commercial grid, Hargeisa",9.57805,44.04672,Schools & Universities,school,Koodbuur,False,GraduationCap,Dugsiyada & Waxbarashada
wda_akadeemiyada_casriga_ah_ee_qaybt_551,Akadeemiyada Casriga ah ee Qaybta 551 (Airport Zone / Masalaha),"Modern high school and STEM educational institute in Airport Zone / Masalaha residential & commercial grid, Hargeisa",9.52795,44.09347,Schools & Universities,school,Airport Zone / Masalaha,False,GraduationCap,Dugsiyada & Waxbarashada
wda_machadka_tababarka_xirfadaha_ee__552,Machadka Tababarka Xirfadaha ee Qaybta 552 (Kilalka / Sheikh Nuur East),"Vocational and technical training college center in Kilalka / Sheikh Nuur East residential & commercial grid, Hargeisa",9.57605,44.09922,Schools & Universities,university,Kilalka / Sheikh Nuur East,False,GraduationCap,Jaamacadaha & Kuliyadaha
wda_masjidka_jaamaca_ee_qaybta_553_g_553,Masjidka Jaamaca ee Qaybta 553 (Goljano District),"Congregational Friday mosque with community prayer hall in Goljano District residential & commercial grid, Hargeisa",9.56207,44.08529,Mosques (Masaajidda),place_of_worship,Goljano District,False,Moon,Masaajidda
wda_masjidka_al_imaan_ee_qaybta_554__554,Masjidka Al-Imaan ee Qaybta 554 (Biyo Dhacay Area),"Neighborhood community mosque and Quranic learning hub in Biyo Dhacay Area residential & commercial grid, Hargeisa",9.55933,44.07807,Mosques (Masaajidda),place_of_worship,Biyo Dhacay Area,False,Moon,Masaajidda
wda_suuqa_khdaarta_iyo_ganacsiga_ee__555,Suuqa Khdaarta iyo Ganacsiga ee Qaybta 555 (Xero Awr / Hero Awr),"Neighborhood open-air fresh market and commercial trade zone in Xero Awr / Hero Awr residential & commercial grid, Hargeisa",9.56977,44.05279,Markets & Malls,mall,Xero Awr / Hero Awr,False,ShoppingBag,Suuqyada & Xarumaha Ganacsiga
wda_xarunta_ganacsiga_supermarket_ee_556,Xarunta Ganacsiga & Supermarket ee Qaybta 556 (Downtown Waheen),"Modern multi-store retail grocery and provisions shopping center in Downtown Waheen residential & commercial grid, Hargeisa",9.56164,44.06407,Markets & Malls,mall,Downtown Waheen,False,ShoppingBag,Suuqyada & Xarumaha Ganacsiga
wda_kaalinta_shidaalka_hass_national_557,Kaalinta Shidaalka Hass / National ee Qaybta 557 (Jigjiga Yar),"Service petrol station, diesel dispenser and tire service in Jigjiga Yar residential & commercial grid, Hargeisa",9.57755,44.03009,Fuel Stations (Kaalmaha Shidaalka),fuel,Jigjiga Yar,False,Fuel,Kaalmaha Shidaalka
wda_kaalinta_shidaalka_gaaska_ee_qay_558,Kaalinta Shidaalka & Gaaska ee Qaybta 558 (Ahmed Dhagax),"Fuel station and LPG domestic gas distribution depot in Ahmed Dhagax residential & commercial grid, Hargeisa",9.55446,44.04411,Fuel Stations (Kaalmaha Shidaalka),fuel,Ahmed Dhagax,False,Fuel,Kaalmaha Shidaalka
wda_istaanka_gaadiidka_dadweynaha_ee_559,Istaanka Gaadiidka Dadweynaha ee Qaybta 559 (150 Highway),"Minibus terminal and designated passenger pick-and-drop stop in 150 Highway residential & commercial grid, Hargeisa",9.58087,44.04513,Transport & Terminals,transit_station,150 Highway,False,Navigation,Istaannada & Gaadiidka
wda_isgoyska_weyn_ee_gaadiidka_ee_qa_560,Isgoyska Weyn ee Gaadiidka ee Qaybta 560 (Shaab / Institutional District),"Major road intersection and inter-district transit artery in Shaab / Institutional District residential & commercial grid, Hargeisa",9.55858,44.05342,Transport & Terminals,transit_station,Shaab / Institutional District,False,Navigation,Istaannada & Gaadiidka
wda_huteelka_nasashada_martida_ee_qa_561,Huteelka Nasashada & Martida ee Qaybta 561 (Maxamed Mooge),"Comfortable guest lodging and family dining restaurant in Maxamed Mooge residential & commercial grid, Hargeisa",9.51834,44.0948,Hotels & Hospitality,hotel,Maxamed Mooge,False,Hotel,Huteellada & Maqaayadaha
wda_laanta_zaad_dahabshiil_ee_qaybta_562,Laanta ZAAD & Dahabshiil ee Qaybta 562 (New Hargeisa),"Banking kiosk, e-remittance and ZAAD cash-in center in New Hargeisa residential & commercial grid, Hargeisa",9.55343,44.08878,Banks & Financial,bank,New Hargeisa,False,Landmark,Bangiyada & Xawaaladaha
wda_laanta_taaj_edahab_express_ee_qa_563,Laanta TAAJ & Edahab Express ee Qaybta 563 (Daami),"Financial services, money transfer and remittance desk in Daami residential & commercial grid, Hargeisa",9.57452,44.07677,Banks & Financial,bank,Daami,False,Landmark,Bangiyada & Xawaaladaha
wda_xafiiska_adeegga_somtel_telesom__564,Xafiiska Adeegga Somtel & Telesom ee Qaybta 564 (Shiraaqle),"Telecommunications branch, SIM registration and fiber service hub in Shiraaqle residential & commercial grid, Hargeisa",9.56246,44.09611,Corporate & Utilities,corporate,Shiraaqle,False,Building2,Shirkadaha & Isgaadhsiinta
wda_xarunta_korontada_sompower_ee_qa_565,Xarunta Korontada Sompower ee Qaybta 565 (Koodbuur),"District electrical distribution and bill payment center in Koodbuur residential & commercial grid, Hargeisa",9.57349,44.03744,Corporate & Utilities,utility,Koodbuur,False,Zap,Korontada & Biyaha
wda_xafiiska_waaxda_dowladda_hoose_e_566,Xafiiska Waaxda Dowladda Hoose ee Qaybta 566 (Airport Zone / Masalaha),"Municipal sub-office and local civic administration center in Airport Zone / Masalaha residential & commercial grid, Hargeisa",9.52125,44.07982,Government & Civic,government,Airport Zone / Masalaha,False,Landmark,Hay'adaha Dowladda
wda_xaafada_deganaanshaha_ee_qaybta__567,Xaafada Deganaanshaha ee Qaybta 567 (Kilalka / Sheikh Nuur East),"Quiet residential enclave and community living sector in Kilalka / Sheikh Nuur East residential & commercial grid, Hargeisa",9.57149,44.08994,Xaafadaha (Districts),neighborhood,Kilalka / Sheikh Nuur East,False,Home,Xaafadaha & Degmooyinka
wda_cusbitaalka_gurmadka_caafimaadka_568,Cusbitaalka Gurmadka Caafimaadka ee Qaybta 568 (Goljano District),"Specialized neighborhood clinic & emergency health post in Goljano District residential & commercial grid, Hargeisa",9.55805,44.07709,Hospitals & Healthcare,hospital,Goljano District,False,HeartPulse,Cusbitaallada & Rugaha Caafimaadka
wda_rugta_daryeelka_hooyada_dhallaan_569,Rugta Daryeelka Hooyada & Dhallaanka ee Qaybta 569 (Biyo Dhacay Area),"Maternal and child care dispensary center in Biyo Dhacay Area residential & commercial grid, Hargeisa",9.55558,44.07042,Hospitals & Healthcare,hospital,Biyo Dhacay Area,False,HeartPulse,Cusbitaallada & Rugaha Caafimaadka
wda_farmasiga_shacabka_caafimaadka_e_570,Farmasiga Shacabka & Caafimaadka ee Qaybta 570 (Xero Awr / Hero Awr),"24/7 community pharmacy and dispensary outpost in Xero Awr / Hero Awr residential & commercial grid, Hargeisa",9.56575,44.04459,Hospitals & Healthcare,hospital,Xero Awr / Hero Awr,False,HeartPulse,Cusbitaallada & Rugaha Caafimaadka
wda_dugsiga_hoose_dhexe_ee_waxbarash_571,Dugsiga Hoose/Dhexe ee Waxbarashada Qaybta 571 (Downtown Waheen),"Public primary & intermediate school campus in Downtown Waheen residential & commercial grid, Hargeisa",9.55963,44.07116,Schools & Universities,school,Downtown Waheen,False,GraduationCap,Dugsiyada & Waxbarashada
wda_akadeemiyada_casriga_ah_ee_qaybt_572,Akadeemiyada Casriga ah ee Qaybta 572 (Jigjiga Yar),"Modern high school and STEM educational institute in Jigjiga Yar residential & commercial grid, Hargeisa",9.57504,44.03896,Schools & Universities,school,Jigjiga Yar,False,GraduationCap,Dugsiyada & Waxbarashada
wda_machadka_tababarka_xirfadaha_ee__573,Machadka Tababarka Xirfadaha ee Qaybta 573 (Ahmed Dhagax),"Vocational and technical training college center in Ahmed Dhagax residential & commercial grid, Hargeisa",9.55145,44.05475,Schools & Universities,university,Ahmed Dhagax,False,GraduationCap,Jaamacadaha & Kuliyadaha
wda_masjidka_jaamaca_ee_qaybta_574_1_574,Masjidka Jaamaca ee Qaybta 574 (150 Highway),"Congregational Friday mosque with community prayer hall in 150 Highway residential & commercial grid, Hargeisa",9.57736,44.05754,Mosques (Masaajidda),place_of_worship,150 Highway,False,Moon,Masaajidda
wda_masjidka_al_imaan_ee_qaybta_575__575,Masjidka Al-Imaan ee Qaybta 575 (Shaab / Institutional District),"Neighborhood community mosque and Quranic learning hub in Shaab / Institutional District residential & commercial grid, Hargeisa",9.55624,44.06169,Mosques (Masaajidda),place_of_worship,Shaab / Institutional District,False,Moon,Masaajidda
wda_suuqa_khdaarta_iyo_ganacsiga_ee__576,Suuqa Khdaarta iyo Ganacsiga ee Qaybta 576 (Maxamed Mooge),"Neighborhood open-air fresh market and commercial trade zone in Maxamed Mooge residential & commercial grid, Hargeisa",9.51466,44.1078,Markets & Malls,mall,Maxamed Mooge,False,ShoppingBag,Suuqyada & Xarumaha Ganacsiga
wda_xarunta_ganacsiga_supermarket_ee_577,Xarunta Ganacsiga & Supermarket ee Qaybta 577 (New Hargeisa),"Modern multi-store retail grocery and provisions shopping center in New Hargeisa residential & commercial grid, Hargeisa",9.55025,44.10001,Markets & Malls,mall,New Hargeisa,False,ShoppingBag,Suuqyada & Xarumaha Ganacsiga
wda_kaalinta_shidaalka_hass_national_578,Kaalinta Shidaalka Hass / National ee Qaybta 578 (Daami),"Service petrol station, diesel dispenser and tire service in Daami residential & commercial grid, Hargeisa",9.57184,44.08622,Fuel Stations (Kaalmaha Shidaalka),fuel,Daami,False,Fuel,Kaalmaha Shidaalka
wda_kaalinta_shidaalka_gaaska_ee_qay_579,Kaalinta Shidaalka & Gaaska ee Qaybta 579 (Shiraaqle),"Fuel station and LPG domestic gas distribution depot in Shiraaqle residential & commercial grid, Hargeisa",9.55945,44.10675,Fuel Stations (Kaalmaha Shidaalka),fuel,Shiraaqle,False,Fuel,Kaalmaha Shidaalka
wda_istaanka_gaadiidka_dadweynaha_ee_580,Istaanka Gaadiidka Dadweynaha ee Qaybta 580 (Koodbuur),"Minibus terminal and designated passenger pick-and-drop stop in Koodbuur residential & commercial grid, Hargeisa",9.57065,44.04748,Transport & Terminals,transit_station,Koodbuur,False,Navigation,Istaannada & Gaadiidka
wda_isgoyska_weyn_ee_gaadiidka_ee_qa_581,Isgoyska Weyn ee Gaadiidka ee Qaybta 581 (Airport Zone / Masalaha),"Major road intersection and inter-district transit artery in Airport Zone / Masalaha residential & commercial grid, Hargeisa",9.51707,44.09459,Transport & Terminals,transit_station,Airport Zone / Masalaha,False,Navigation,Istaannada & Gaadiidka
wda_huteelka_nasashada_martida_ee_qa_582,Huteelka Nasashada & Martida ee Qaybta 582 (Kilalka / Sheikh Nuur East),"Comfortable guest lodging and family dining restaurant in Kilalka / Sheikh Nuur East residential & commercial grid, Hargeisa",9.56865,44.09998,Hotels & Hospitality,hotel,Kilalka / Sheikh Nuur East,False,Hotel,Huteellada & Maqaayadaha
wda_laanta_zaad_dahabshiil_ee_qaybta_583,Laanta ZAAD & Dahabshiil ee Qaybta 583 (Goljano District),"Banking kiosk, e-remittance and ZAAD cash-in center in Goljano District residential & commercial grid, Hargeisa",9.55554,44.08596,Banks & Financial,bank,Goljano District,False,Landmark,Bangiyada & Xawaaladaha
wda_laanta_taaj_edahab_express_ee_qa_584,Laanta TAAJ & Edahab Express ee Qaybta 584 (Biyo Dhacay Area),"Financial services, money transfer and remittance desk in Biyo Dhacay Area residential & commercial grid, Hargeisa",9.55324,44.07869,Banks & Financial,bank,Biyo Dhacay Area,False,Landmark,Bangiyada & Xawaaladaha
wda_xafiiska_adeegga_somtel_telesom__585,Xafiiska Adeegga Somtel & Telesom ee Qaybta 585 (Xero Awr / Hero Awr),"Telecommunications branch, SIM registration and fiber service hub in Xero Awr / Hero Awr residential & commercial grid, Hargeisa",9.56324,44.05346,Corporate & Utilities,corporate,Xero Awr / Hero Awr,False,Building2,Shirkadaha & Isgaadhsiinta
wda_xarunta_korontada_sompower_ee_qa_586,Xarunta Korontada Sompower ee Qaybta 586 (Downtown Waheen),"District electrical distribution and bill payment center in Downtown Waheen residential & commercial grid, Hargeisa",9.56588,44.06728,Corporate & Utilities,utility,Downtown Waheen,False,Zap,Korontada & Biyaha
wda_xafiiska_waaxda_dowladda_hoose_e_587,Xafiiska Waaxda Dowladda Hoose ee Qaybta 587 (Jigjiga Yar),"Municipal sub-office and local civic administration center in Jigjiga Yar residential & commercial grid, Hargeisa",9.58285,44.0341,Government & Civic,government,Jigjiga Yar,False,Landmark,Hay'adaha Dowladda
wda_xaafada_deganaanshaha_ee_qaybta__588,Xaafada Deganaanshaha ee Qaybta 588 (Ahmed Dhagax),"Quiet residential enclave and community living sector in Ahmed Dhagax residential & commercial grid, Hargeisa",9.56082,44.04893,Xaafadaha (Districts),neighborhood,Ahmed Dhagax,False,Home,Xaafadaha & Degmooyinka
wda_cusbitaalka_gurmadka_caafimaadka_589,Cusbitaalka Gurmadka Caafimaadka ee Qaybta 589 (150 Highway),"Specialized neighborhood clinic & emergency health post in 150 Highway residential & commercial grid, Hargeisa",9.58829,44.05075,Hospitals & Healthcare,hospital,150 Highway,False,HeartPulse,Cusbitaallada & Rugaha Caafimaadka
wda_rugta_daryeelka_hooyada_dhallaan_590,Rugta Daryeelka Hooyada & Dhallaanka ee Qaybta 590 (Shaab / Institutional District),"Maternal and child care dispensary center in Shaab / Institutional District residential & commercial grid, Hargeisa",9.56353,44.05716,Hospitals & Healthcare,hospital,Shaab / Institutional District,False,HeartPulse,Cusbitaallada & Rugaha Caafimaadka
wda_farmasiga_shacabka_caafimaadka_e_591,Farmasiga Shacabka & Caafimaadka ee Qaybta 591 (Maxamed Mooge),"24/7 community pharmacy and dispensary outpost in Maxamed Mooge residential & commercial grid, Hargeisa",9.52612,44.10069,Hospitals & Healthcare,hospital,Maxamed Mooge,False,HeartPulse,Cusbitaallada & Rugaha Caafimaadka
wda_dugsiga_hoose_dhexe_ee_waxbarash_592,Dugsiga Hoose/Dhexe ee Waxbarashada Qaybta 592 (New Hargeisa),"Public primary & intermediate school campus in New Hargeisa residential & commercial grid, Hargeisa",9.56015,44.09387,Schools & Universities,school,New Hargeisa,False,GraduationCap,Dugsiyada & Waxbarashada
wda_akadeemiyada_casriga_ah_ee_qaybt_593,Akadeemiyada Casriga ah ee Qaybta 593 (Daami),"Modern high school and STEM educational institute in Daami residential & commercial grid, Hargeisa",9.58018,44.08104,Schools & Universities,school,Daami,False,GraduationCap,Dugsiyada & Waxbarashada
wda_machadka_tababarka_xirfadaha_ee__594,Machadka Tababarka Xirfadaha ee Qaybta 594 (Shiraaqle),"Vocational and technical training college center in Shiraaqle residential & commercial grid, Hargeisa",9.56882,44.10093,Schools & Universities,university,Shiraaqle,False,GraduationCap,Jaamacadaha & Kuliyadaha
wda_masjidka_jaamaca_ee_qaybta_595_k_595,Masjidka Jaamaca ee Qaybta 595 (Koodbuur),"Congregational Friday mosque with community prayer hall in Koodbuur residential & commercial grid, Hargeisa",9.5795,44.04199,Mosques (Masaajidda),place_of_worship,Koodbuur,False,Moon,Masaajidda
wda_masjidka_al_imaan_ee_qaybta_596__596,Masjidka Al-Imaan ee Qaybta 596 (Airport Zone / Masalaha),"Neighborhood community mosque and Quranic learning hub in Airport Zone / Masalaha residential & commercial grid, Hargeisa",9.53009,44.08651,Mosques (Masaajidda),place_of_worship,Airport Zone / Masalaha,False,Moon,Masaajidda
wda_suuqa_khdaarta_iyo_ganacsiga_ee__597,Suuqa Khdaarta iyo Ganacsiga ee Qaybta 597 (Kilalka / Sheikh Nuur East),"Neighborhood open-air fresh market and commercial trade zone in Kilalka / Sheikh Nuur East residential & commercial grid, Hargeisa",9.5775,44.09449,Markets & Malls,mall,Kilalka / Sheikh Nuur East,False,ShoppingBag,Suuqyada & Xarumaha Ganacsiga
wda_xarunta_ganacsiga_supermarket_ee_598,Xarunta Ganacsiga & Supermarket ee Qaybta 598 (Goljano District),"Modern multi-store retail grocery and provisions shopping center in Goljano District residential & commercial grid, Hargeisa",9.56335,44.0811,Markets & Malls,mall,Goljano District,False,ShoppingBag,Suuqyada & Xarumaha Ganacsiga
wda_kaalinta_shidaalka_hass_national_599,Kaalinta Shidaalka Hass / National ee Qaybta 599 (Biyo Dhacay Area),"Service petrol station, diesel dispenser and tire service in Biyo Dhacay Area residential & commercial grid, Hargeisa",9.56053,44.07416,Fuel Stations (Kaalmaha Shidaalka),fuel,Biyo Dhacay Area,False,Fuel,Kaalmaha Shidaalka
wda_kaalinta_shidaalka_gaaska_ee_qay_600,Kaalinta Shidaalka & Gaaska ee Qaybta 600 (Xero Awr / Hero Awr),"Fuel station and LPG domestic gas distribution depot in Xero Awr / Hero Awr residential & commercial grid, Hargeisa",9.57105,44.0486,Fuel Stations (Kaalmaha Shidaalka),fuel,Xero Awr / Hero Awr,False,Fuel,Kaalmaha Shidaalka
wda_istaanka_gaadiidka_dadweynaha_ee_601,Istaanka Gaadiidka Dadweynaha ee Qaybta 601 (Downtown Waheen),"Minibus terminal and designated passenger pick-and-drop stop in Downtown Waheen residential & commercial grid, Hargeisa",9.55864,44.06585,Transport & Terminals,transit_station,Downtown Waheen,False,Navigation,Istaannada & Gaadiidka
wda_isgoyska_weyn_ee_gaadiidka_ee_qa_602,Isgoyska Weyn ee Gaadiidka ee Qaybta 602 (Jigjiga Yar),"Major road intersection and inter-district transit artery in Jigjiga Yar residential & commercial grid, Hargeisa",9.57379,44.03232,Transport & Terminals,transit_station,Jigjiga Yar,False,Navigation,Istaannada & Gaadiidka
wda_huteelka_nasashada_martida_ee_qa_603,Huteelka Nasashada & Martida ee Qaybta 603 (Ahmed Dhagax),"Comfortable guest lodging and family dining restaurant in Ahmed Dhagax residential & commercial grid, Hargeisa",9.54995,44.04678,Hotels & Hospitality,hotel,Ahmed Dhagax,False,Hotel,Huteellada & Maqaayadaha
wda_laanta_zaad_dahabshiil_ee_qaybta_604,Laanta ZAAD & Dahabshiil ee Qaybta 604 (150 Highway),"Banking kiosk, e-remittance and ZAAD cash-in center in 150 Highway residential & commercial grid, Hargeisa",9.57561,44.04824,Banks & Financial,bank,150 Highway,False,Landmark,Bangiyada & Xawaaladaha
wda_laanta_taaj_edahab_express_ee_qa_605,Laanta TAAJ & Edahab Express ee Qaybta 605 (Shaab / Institutional District),"Financial services, money transfer and remittance desk in Shaab / Institutional District residential & commercial grid, Hargeisa",9.55507,44.0555,Banks & Financial,bank,Shaab / Institutional District,False,Landmark,Bangiyada & Xawaaladaha
wda_xafiiska_adeegga_somtel_telesom__606,Xafiiska Adeegga Somtel & Telesom ee Qaybta 606 (Maxamed Mooge),"Telecommunications branch, SIM registration and fiber service hub in Maxamed Mooge residential & commercial grid, Hargeisa",9.51283,44.09806,Corporate & Utilities,corporate,Maxamed Mooge,False,Building2,Shirkadaha & Isgaadhsiinta
wda_xarunta_korontada_sompower_ee_qa_607,Xarunta Korontada Sompower ee Qaybta 607 (New Hargeisa),"District electrical distribution and bill payment center in New Hargeisa residential & commercial grid, Hargeisa",9.54867,44.0916,Corporate & Utilities,utility,New Hargeisa,False,Zap,Korontada & Biyaha
wda_xafiiska_waaxda_dowladda_hoose_e_608,Xafiiska Waaxda Dowladda Hoose ee Qaybta 608 (Daami),"Municipal sub-office and local civic administration center in Daami residential & commercial grid, Hargeisa",9.57051,44.07914,Government & Civic,government,Daami,False,Landmark,Hay'adaha Dowladda
wda_xaafada_deganaanshaha_ee_qaybta__609,Xaafada Deganaanshaha ee Qaybta 609 (Shiraaqle),"Quiet residential enclave and community living sector in Shiraaqle residential & commercial grid, Hargeisa",9.55795,44.09878,Xaafadaha (Districts),neighborhood,Shiraaqle,False,Home,Xaafadaha & Degmooyinka
wda_cusbitaalka_gurmadka_caafimaadka_610,Cusbitaalka Gurmadka Caafimaadka ee Qaybta 610 (Koodbuur),"Specialized neighborhood clinic & emergency health post in Koodbuur residential & commercial grid, Hargeisa",9.56923,44.03996,Hospitals & Healthcare,hospital,Koodbuur,False,HeartPulse,Cusbitaallada & Rugaha Caafimaadka
wda_rugta_daryeelka_hooyada_dhallaan_611,Rugta Daryeelka Hooyada & Dhallaanka ee Qaybta 611 (Airport Zone / Masalaha),"Maternal and child care dispensary center in Airport Zone / Masalaha residential & commercial grid, Hargeisa",9.51499,44.08353,Hospitals & Healthcare,hospital,Airport Zone / Masalaha,False,HeartPulse,Cusbitaallada & Rugaha Caafimaadka
wda_farmasiga_shacabka_caafimaadka_e_612,Farmasiga Shacabka & Caafimaadka ee Qaybta 612 (Kilalka / Sheikh Nuur East),"24/7 community pharmacy and dispensary outpost in Kilalka / Sheikh Nuur East residential & commercial grid, Hargeisa",9.56723,44.09246,Hospitals & Healthcare,hospital,Kilalka / Sheikh Nuur East,False,HeartPulse,Cusbitaallada & Rugaha Caafimaadka
wda_dugsiga_hoose_dhexe_ee_waxbarash_613,Dugsiga Hoose/Dhexe ee Waxbarashada Qaybta 613 (Goljano District),"Public primary & intermediate school campus in Goljano District residential & commercial grid, Hargeisa",9.55429,44.07932,Schools & Universities,school,Goljano District,False,GraduationCap,Dugsiyada & Waxbarashada
wda_akadeemiyada_casriga_ah_ee_qaybt_614,Akadeemiyada Casriga ah ee Qaybta 614 (Biyo Dhacay Area),"Modern high school and STEM educational institute in Biyo Dhacay Area residential & commercial grid, Hargeisa",9.55207,44.0725,Schools & Universities,school,Biyo Dhacay Area,False,GraduationCap,Dugsiyada & Waxbarashada
wda_machadka_tababarka_xirfadaha_ee__615,Machadka Tababarka Xirfadaha ee Qaybta 615 (Xero Awr / Hero Awr),"Vocational and technical training college center in Xero Awr / Hero Awr residential & commercial grid, Hargeisa",9.56199,44.04682,Schools & Universities,university,Xero Awr / Hero Awr,False,GraduationCap,Jaamacadaha & Kuliyadaha
wda_masjidka_jaamaca_ee_qaybta_616_d_616,Masjidka Jaamaca ee Qaybta 616 (Downtown Waheen),"Congregational Friday mosque with community prayer hall in Downtown Waheen residential & commercial grid, Hargeisa",9.56306,44.07192,Mosques (Masaajidda),place_of_worship,Downtown Waheen,False,Moon,Masaajidda
wda_masjidka_al_imaan_ee_qaybta_617__617,Masjidka Al-Imaan ee Qaybta 617 (Jigjiga Yar),"Neighborhood community mosque and Quranic learning hub in Jigjiga Yar residential & commercial grid, Hargeisa",9.57932,44.03989,Mosques (Masaajidda),place_of_worship,Jigjiga Yar,False,Moon,Masaajidda
wda_suuqa_khdaarta_iyo_ganacsiga_ee__618,Suuqa Khdaarta iyo Ganacsiga ee Qaybta 618 (Ahmed Dhagax),"Neighborhood open-air fresh market and commercial trade zone in Ahmed Dhagax residential & commercial grid, Hargeisa",9.55659,44.05587,Markets & Malls,mall,Ahmed Dhagax,False,ShoppingBag,Suuqyada & Xarumaha Ganacsiga
wda_xarunta_ganacsiga_supermarket_ee_619,Xarunta Ganacsiga & Supermarket ee Qaybta 619 (150 Highway),"Modern multi-store retail grocery and provisions shopping center in 150 Highway residential & commercial grid, Hargeisa",9.58335,44.05885,Markets & Malls,mall,150 Highway,False,ShoppingBag,Suuqyada & Xarumaha Ganacsiga
wda_kaalinta_shidaalka_hass_national_620,Kaalinta Shidaalka Hass / National ee Qaybta 620 (Shaab / Institutional District),"Service petrol station, diesel dispenser and tire service in Shaab / Institutional District residential & commercial grid, Hargeisa",9.56023,44.06257,Fuel Stations (Kaalmaha Shidaalka),fuel,Shaab / Institutional District,False,Fuel,Kaalmaha Shidaalka
wda_kaalinta_shidaalka_gaaska_ee_qay_621,Kaalinta Shidaalka & Gaaska ee Qaybta 621 (Maxamed Mooge),"Fuel station and LPG domestic gas distribution depot in Maxamed Mooge residential & commercial grid, Hargeisa",9.52094,44.10918,Fuel Stations (Kaalmaha Shidaalka),fuel,Maxamed Mooge,False,Fuel,Kaalmaha Shidaalka
wda_istaanka_gaadiidka_dadweynaha_ee_622,Istaanka Gaadiidka Dadweynaha ee Qaybta 622 (New Hargeisa),"Minibus terminal and designated passenger pick-and-drop stop in New Hargeisa residential & commercial grid, Hargeisa",9.55568,44.1012,Transport & Terminals,transit_station,New Hargeisa,False,Navigation,Istaannada & Gaadiidka
wda_isgoyska_weyn_ee_gaadiidka_ee_qa_623,Isgoyska Weyn ee Gaadiidka ee Qaybta 623 (Daami),"Major road intersection and inter-district transit artery in Daami residential & commercial grid, Hargeisa",9.57641,44.08722,Transport & Terminals,transit_station,Daami,False,Navigation,Istaannada & Gaadiidka
wda_huteelka_nasashada_martida_ee_qa_624,Huteelka Nasashada & Martida ee Qaybta 624 (Shiraaqle),"Comfortable guest lodging and family dining restaurant in Shiraaqle residential & commercial grid, Hargeisa",9.56459,44.10787,Hotels & Hospitality,hotel,Shiraaqle,False,Hotel,Huteellada & Maqaayadaha
wda_laanta_zaad_dahabshiil_ee_qaybta_625,Laanta ZAAD & Dahabshiil ee Qaybta 625 (Koodbuur),"Banking kiosk, e-remittance and ZAAD cash-in center in Koodbuur residential & commercial grid, Hargeisa",9.5755,44.04855,Banks & Financial,bank,Koodbuur,False,Landmark,Bangiyada & Xawaaladaha
wda_laanta_taaj_edahab_express_ee_qa_626,Laanta TAAJ & Edahab Express ee Qaybta 626 (Airport Zone / Masalaha),"Financial services, money transfer and remittance desk in Airport Zone / Masalaha residential & commercial grid, Hargeisa",9.5242,44.09616,Banks & Financial,bank,Airport Zone / Masalaha,False,Landmark,Bangiyada & Xawaaladaha
wda_xafiiska_adeegga_somtel_telesom__627,Xafiiska Adeegga Somtel & Telesom ee Qaybta 627 (Kilalka / Sheikh Nuur East),"Telecommunications branch, SIM registration and fiber service hub in Kilalka / Sheikh Nuur East residential & commercial grid, Hargeisa",9.5735,44.10105,Corporate & Utilities,corporate,Kilalka / Sheikh Nuur East,False,Building2,Shirkadaha & Isgaadhsiinta
wda_xarunta_korontada_sompower_ee_qa_628,Xarunta Korontada Sompower ee Qaybta 628 (Goljano District),"District electrical distribution and bill payment center in Goljano District residential & commercial grid, Hargeisa",9.55982,44.08689,Corporate & Utilities,utility,Goljano District,False,Zap,Korontada & Biyaha
wda_xafiiska_waaxda_dowladda_hoose_e_629,Xafiiska Waaxda Dowladda Hoose ee Qaybta 629 (Biyo Dhacay Area),"Municipal sub-office and local civic administration center in Biyo Dhacay Area residential & commercial grid, Hargeisa",9.55723,44.07957,Government & Civic,government,Biyo Dhacay Area,False,Landmark,Hay'adaha Dowladda
wda_xaafada_deganaanshaha_ee_qaybta__630,Xaafada Deganaanshaha ee Qaybta 630 (Xero Awr / Hero Awr),"Quiet residential enclave and community living sector in Xero Awr / Hero Awr residential & commercial grid, Hargeisa",9.56752,44.05439,Xaafadaha (Districts),neighborhood,Xero Awr / Hero Awr,False,Home,Xaafadaha & Degmooyinka
wda_cusbitaalka_gurmadka_caafimaadka_631,Cusbitaalka Gurmadka Caafimaadka ee Qaybta 631 (Downtown Waheen),"Specialized neighborhood clinic & emergency health post in Downtown Waheen residential & commercial grid, Hargeisa",9.56384,44.06436,Hospitals & Healthcare,hospital,Downtown Waheen,False,HeartPulse,Cusbitaallada & Rugaha Caafimaadka
wda_rugta_daryeelka_hooyada_dhallaan_632,Rugta Daryeelka Hooyada & Dhallaanka ee Qaybta 632 (Jigjiga Yar),"Maternal and child care dispensary center in Jigjiga Yar residential & commercial grid, Hargeisa",9.5803,44.03045,Hospitals & Healthcare,hospital,Jigjiga Yar,False,HeartPulse,Cusbitaallada & Rugaha Caafimaadka
wda_farmasiga_shacabka_caafimaadka_e_633,Farmasiga Shacabka & Caafimaadka ee Qaybta 633 (Ahmed Dhagax),"24/7 community pharmacy and dispensary outpost in Ahmed Dhagax residential & commercial grid, Hargeisa",9.55776,44.04454,Hospitals & Healthcare,hospital,Ahmed Dhagax,False,HeartPulse,Cusbitaallada & Rugaha Caafimaadka
wda_dugsiga_hoose_dhexe_ee_waxbarash_634,Dugsiga Hoose/Dhexe ee Waxbarashada Qaybta 634 (150 Highway),"Public primary & intermediate school campus in 150 Highway residential & commercial grid, Hargeisa",9.58472,44.04563,Schools & Universities,school,150 Highway,False,GraduationCap,Dugsiyada & Waxbarashada
wda_akadeemiyada_casriga_ah_ee_qaybt_635,Akadeemiyada Casriga ah ee Qaybta 635 (Shaab / Institutional District),"Modern high school and STEM educational institute in Shaab / Institutional District residential & commercial grid, Hargeisa",9.56115,44.05376,Schools & Universities,school,Shaab / Institutional District,False,GraduationCap,Dugsiyada & Waxbarashada
wda_machadka_tababarka_xirfadaha_ee__636,Machadka Tababarka Xirfadaha ee Qaybta 636 (Maxamed Mooge),"Vocational and technical training college center in Maxamed Mooge residential & commercial grid, Hargeisa",9.52237,44.09533,Schools & Universities,university,Maxamed Mooge,False,GraduationCap,Jaamacadaha & Kuliyadaha
wda_masjidka_jaamaca_ee_qaybta_637_n_637,Masjidka Jaamaca ee Qaybta 637 (New Hargeisa),"Congregational Friday mosque with community prayer hall in New Hargeisa residential & commercial grid, Hargeisa",9.55691,44.08924,Mosques (Masaajidda),place_of_worship,New Hargeisa,False,Moon,Masaajidda
wda_masjidka_al_imaan_ee_qaybta_638__638,Masjidka Al-Imaan ee Qaybta 638 (Daami),"Neighborhood community mosque and Quranic learning hub in Daami residential & commercial grid, Hargeisa",9.57745,44.07715,Mosques (Masaajidda),place_of_worship,Daami,False,Moon,Masaajidda
wda_suuqa_khdaarta_iyo_ganacsiga_ee__639,Suuqa Khdaarta iyo Ganacsiga ee Qaybta 639 (Shiraaqle),"Neighborhood open-air fresh market and commercial trade zone in Shiraaqle residential & commercial grid, Hargeisa",9.56576,44.09654,Markets & Malls,mall,Shiraaqle,False,ShoppingBag,Suuqyada & Xarumaha Ganacsiga
wda_xarunta_ganacsiga_supermarket_ee_640,Xarunta Ganacsiga & Supermarket ee Qaybta 640 (Koodbuur),"Modern multi-store retail grocery and provisions shopping center in Koodbuur residential & commercial grid, Hargeisa",9.57661,44.03785,Markets & Malls,mall,Koodbuur,False,ShoppingBag,Suuqyada & Xarumaha Ganacsiga
wda_kaalinta_shidaalka_hass_national_641,Kaalinta Shidaalka Hass / National ee Qaybta 641 (Airport Zone / Masalaha),"Service petrol station, diesel dispenser and tire service in Airport Zone / Masalaha residential & commercial grid, Hargeisa",9.52584,44.08042,Fuel Stations (Kaalmaha Shidaalka),fuel,Airport Zone / Masalaha,False,Fuel,Kaalmaha Shidaalka
wda_kaalinta_shidaalka_gaaska_ee_qay_642,Kaalinta Shidaalka & Gaaska ee Qaybta 642 (Kilalka / Sheikh Nuur East),"Fuel station and LPG domestic gas distribution depot in Kilalka / Sheikh Nuur East residential & commercial grid, Hargeisa",9.57461,44.09035,Fuel Stations (Kaalmaha Shidaalka),fuel,Kilalka / Sheikh Nuur East,False,Fuel,Kaalmaha Shidaalka
wda_istaanka_gaadiidka_dadweynaha_ee_643,Istaanka Gaadiidka Dadweynaha ee Qaybta 643 (Goljano District),"Minibus terminal and designated passenger pick-and-drop stop in Goljano District residential & commercial grid, Hargeisa",9.5608,44.07745,Transport & Terminals,transit_station,Goljano District,False,Navigation,Istaannada & Gaadiidka
wda_isgoyska_weyn_ee_gaadiidka_ee_qa_644,Isgoyska Weyn ee Gaadiidka ee Qaybta 644 (Biyo Dhacay Area),"Major road intersection and inter-district transit artery in Biyo Dhacay Area residential & commercial grid, Hargeisa",9.55815,44.07076,Transport & Terminals,transit_station,Biyo Dhacay Area,False,Navigation,Istaannada & Gaadiidka
wda_huteelka_nasashada_martida_ee_qa_645,Huteelka Nasashada & Martida ee Qaybta 645 (Xero Awr / Hero Awr),"Comfortable guest lodging and family dining restaurant in Xero Awr / Hero Awr residential & commercial grid, Hargeisa",9.5685,44.04495,Hotels & Hospitality,hotel,Xero Awr / Hero Awr,False,Hotel,Huteellada & Maqaayadaha
wda_laanta_zaad_dahabshiil_ee_qaybta_646,Laanta ZAAD & Dahabshiil ee Qaybta 646 (Downtown Waheen),"Banking kiosk, e-remittance and ZAAD cash-in center in Downtown Waheen residential & commercial grid, Hargeisa",9.55819,44.06943,Banks & Financial,bank,Downtown Waheen,False,Landmark,Bangiyada & Xawaaladaha
wda_laanta_taaj_edahab_express_ee_qa_647,Laanta TAAJ & Edahab Express ee Qaybta 647 (Jigjiga Yar),"Financial services, money transfer and remittance desk in Jigjiga Yar residential & commercial grid, Hargeisa",9.57324,44.03679,Banks & Financial,bank,Jigjiga Yar,False,Landmark,Bangiyada & Xawaaladaha
wda_xafiiska_adeegga_somtel_telesom__648,Xafiiska Adeegga Somtel & Telesom ee Qaybta 648 (Ahmed Dhagax),"Telecommunications branch, SIM registration and fiber service hub in Ahmed Dhagax residential & commercial grid, Hargeisa",9.54929,44.05215,Corporate & Utilities,corporate,Ahmed Dhagax,False,Building2,Shirkadaha & Isgaadhsiinta
wda_xarunta_korontada_sompower_ee_qa_649,Xarunta Korontada Sompower ee Qaybta 649 (150 Highway),"District electrical distribution and bill payment center in 150 Highway residential & commercial grid, Hargeisa",9.57484,44.0545,Corporate & Utilities,utility,150 Highway,False,Zap,Korontada & Biyaha
wda_xafiiska_waaxda_dowladda_hoose_e_650,Xafiiska Waaxda Dowladda Hoose ee Qaybta 650 (Shaab / Institutional District),"Municipal sub-office and local civic administration center in Shaab / Institutional District residential & commercial grid, Hargeisa",9.55456,44.05967,Government & Civic,government,Shaab / Institutional District,False,Landmark,Hay'adaha Dowladda
wda_xaafada_deganaanshaha_ee_qaybta__651,Xaafada Deganaanshaha ee Qaybta 651 (Maxamed Mooge),"Quiet residential enclave and community living sector in Maxamed Mooge residential & commercial grid, Hargeisa",9.51202,44.10462,Xaafadaha (Districts),neighborhood,Maxamed Mooge,False,Home,Xaafadaha & Degmooyinka
wda_cusbitaalka_gurmadka_caafimaadka_652,Cusbitaalka Gurmadka Caafimaadka ee Qaybta 652 (New Hargeisa),"Specialized neighborhood clinic & emergency health post in New Hargeisa residential & commercial grid, Hargeisa",9.54797,44.09727,Hospitals & Healthcare,hospital,New Hargeisa,False,HeartPulse,Cusbitaallada & Rugaha Caafimaadka
wda_rugta_daryeelka_hooyada_dhallaan_653,Rugta Daryeelka Hooyada & Dhallaanka ee Qaybta 653 (Daami),"Maternal and child care dispensary center in Daami residential & commercial grid, Hargeisa",9.56992,44.08391,Hospitals & Healthcare,hospital,Daami,False,HeartPulse,Cusbitaallada & Rugaha Caafimaadka
wda_farmasiga_shacabka_caafimaadka_e_654,Farmasiga Shacabka & Caafimaadka ee Qaybta 654 (Shiraaqle),"24/7 community pharmacy and dispensary outpost in Shiraaqle residential & commercial grid, Hargeisa",9.55729,44.10415,Hospitals & Healthcare,hospital,Shiraaqle,False,HeartPulse,Cusbitaallada & Rugaha Caafimaadka
wda_dugsiga_hoose_dhexe_ee_waxbarash_655,Dugsiga Hoose/Dhexe ee Waxbarashada Qaybta 655 (Koodbuur),"Public primary & intermediate school campus in Koodbuur residential & commercial grid, Hargeisa",9.56861,44.04503,Schools & Universities,school,Koodbuur,False,GraduationCap,Dugsiyada & Waxbarashada
wda_akadeemiyada_casriga_ah_ee_qaybt_656,Akadeemiyada Casriga ah ee Qaybta 656 (Airport Zone / Masalaha),"Modern high school and STEM educational institute in Airport Zone / Masalaha residential & commercial grid, Hargeisa",9.51407,44.09098,Schools & Universities,school,Airport Zone / Masalaha,False,GraduationCap,Dugsiyada & Waxbarashada
wda_machadka_tababarka_xirfadaha_ee__657,Machadka Tababarka Xirfadaha ee Qaybta 657 (Kilalka / Sheikh Nuur East),"Vocational and technical training college center in Kilalka / Sheikh Nuur East residential & commercial grid, Hargeisa",9.56661,44.09753,Schools & Universities,university,Kilalka / Sheikh Nuur East,False,GraduationCap,Jaamacadaha & Kuliyadaha
wda_masjidka_jaamaca_ee_qaybta_658_g_658,Masjidka Jaamaca ee Qaybta 658 (Goljano District),"Congregational Friday mosque with community prayer hall in Goljano District residential & commercial grid, Hargeisa",9.55374,44.08379,Mosques (Masaajidda),place_of_worship,Goljano District,False,Moon,Masaajidda
wda_masjidka_al_imaan_ee_qaybta_659__659,Masjidka Al-Imaan ee Qaybta 659 (Biyo Dhacay Area),"Neighborhood community mosque and Quranic learning hub in Biyo Dhacay Area residential & commercial grid, Hargeisa",9.55156,44.07667,Mosques (Masaajidda),place_of_worship,Biyo Dhacay Area,False,Moon,Masaajidda
wda_suuqa_khdaarta_iyo_ganacsiga_ee__660,Suuqa Khdaarta iyo Ganacsiga ee Qaybta 660 (Xero Awr / Hero Awr),"Neighborhood open-air fresh market and commercial trade zone in Xero Awr / Hero Awr residential & commercial grid, Hargeisa",9.56144,44.05129,Markets & Malls,mall,Xero Awr / Hero Awr,False,ShoppingBag,Suuqyada & Xarumaha Ganacsiga
wda_xarunta_ganacsiga_supermarket_ee_661,Xarunta Ganacsiga & Supermarket ee Qaybta 661 (Downtown Waheen),"Modern multi-store retail grocery and provisions shopping center in Downtown Waheen residential & commercial grid, Hargeisa",9.56579,44.06956,Markets & Malls,mall,Downtown Waheen,False,ShoppingBag,Suuqyada & Xarumaha Ganacsiga
wda_kaalinta_shidaalka_hass_national_662,Kaalinta Shidaalka Hass / National ee Qaybta 662 (Jigjiga Yar),"Service petrol station, diesel dispenser and tire service in Jigjiga Yar residential & commercial grid, Hargeisa",9.58273,44.03695,Fuel Stations (Kaalmaha Shidaalka),fuel,Jigjiga Yar,False,Fuel,Kaalmaha Shidaalka
wda_kaalinta_shidaalka_gaaska_ee_qay_663,Kaalinta Shidaalka & Gaaska ee Qaybta 663 (Ahmed Dhagax),"Fuel station and LPG domestic gas distribution depot in Ahmed Dhagax residential & commercial grid, Hargeisa",9.56068,44.05234,Fuel Stations (Kaalmaha Shidaalka),fuel,Ahmed Dhagax,False,Fuel,Kaalmaha Shidaalka
wda_istaanka_gaadiidka_dadweynaha_ee_664,Istaanka Gaadiidka Dadweynaha ee Qaybta 664 (150 Highway),"Minibus terminal and designated passenger pick-and-drop stop in 150 Highway residential & commercial grid, Hargeisa",9.58812,44.05474,Transport & Terminals,transit_station,150 Highway,False,Navigation,Istaannada & Gaadiidka
wda_isgoyska_weyn_ee_gaadiidka_ee_qa_665,Isgoyska Weyn ee Gaadiidka ee Qaybta 665 (Shaab / Institutional District),"Major road intersection and inter-district transit artery in Shaab / Institutional District residential & commercial grid, Hargeisa",9.56342,44.05982,Transport & Terminals,transit_station,Shaab / Institutional District,False,Navigation,Istaannada & Gaadiidka
wda_huteelka_nasashada_martida_ee_qa_666,Huteelka Nasashada & Martida ee Qaybta 666 (Maxamed Mooge),"Comfortable guest lodging and family dining restaurant in Maxamed Mooge residential & commercial grid, Hargeisa",9.52594,44.10486,Hotels & Hospitality,hotel,Maxamed Mooge,False,Hotel,Huteellada & Maqaayadaha
wda_laanta_zaad_dahabshiil_ee_qaybta_667,Laanta ZAAD & Dahabshiil ee Qaybta 667 (New Hargeisa),"Banking kiosk, e-remittance and ZAAD cash-in center in New Hargeisa residential & commercial grid, Hargeisa",9.55999,44.09747,Banks & Financial,bank,New Hargeisa,False,Landmark,Bangiyada & Xawaaladaha
wda_laanta_taaj_edahab_express_ee_qa_668,Laanta TAAJ & Edahab Express ee Qaybta 668 (Daami),"Financial services, money transfer and remittance desk in Daami residential & commercial grid, Hargeisa",9.58005,44.08408,Banks & Financial,bank,Daami,False,Landmark,Bangiyada & Xawaaladaha
wda_xafiiska_adeegga_somtel_telesom__669,Xafiiska Adeegga Somtel & Telesom ee Qaybta 669 (Shiraaqle),"Telecommunications branch, SIM registration and fiber service hub in Shiraaqle residential & commercial grid, Hargeisa",9.56868,44.10434,Corporate & Utilities,corporate,Shiraaqle,False,Building2,Shirkadaha & Isgaadhsiinta
wda_xarunta_korontada_sompower_ee_qa_670,Xarunta Korontada Sompower ee Qaybta 670 (Koodbuur),"District electrical distribution and bill payment center in Koodbuur residential & commercial grid, Hargeisa",9.57936,44.04521,Corporate & Utilities,utility,Koodbuur,False,Zap,Korontada & Biyaha
wda_xafiiska_waaxda_dowladda_hoose_e_671,Xafiiska Waaxda Dowladda Hoose ee Qaybta 671 (Airport Zone / Masalaha),"Municipal sub-office and local civic administration center in Airport Zone / Masalaha residential & commercial grid, Hargeisa",9.52989,44.09126,Government & Civic,government,Airport Zone / Masalaha,False,Landmark,Hay'adaha Dowladda
wda_xaafada_deganaanshaha_ee_qaybta__672,Xaafada Deganaanshaha ee Qaybta 672 (Kilalka / Sheikh Nuur East),"Quiet residential enclave and community living sector in Kilalka / Sheikh Nuur East residential & commercial grid, Hargeisa",9.57736,44.09771,Xaafadaha (Districts),neighborhood,Kilalka / Sheikh Nuur East,False,Home,Xaafadaha & Degmooyinka
wda_cusbitaalka_gurmadka_caafimaadka_673,Cusbitaalka Gurmadka Caafimaadka ee Qaybta 673 (Goljano District),"Specialized neighborhood clinic & emergency health post in Goljano District residential & commercial grid, Hargeisa",9.56323,44.08395,Hospitals & Healthcare,hospital,Goljano District,False,HeartPulse,Cusbitaallada & Rugaha Caafimaadka
wda_rugta_daryeelka_hooyada_dhallaan_674,Rugta Daryeelka Hooyada & Dhallaanka ee Qaybta 674 (Biyo Dhacay Area),"Maternal and child care dispensary center in Biyo Dhacay Area residential & commercial grid, Hargeisa",9.56042,44.07682,Hospitals & Healthcare,hospital,Biyo Dhacay Area,False,HeartPulse,Cusbitaallada & Rugaha Caafimaadka
wda_farmasiga_shacabka_caafimaadka_e_675,Farmasiga Shacabka & Caafimaadka ee Qaybta 675 (Xero Awr / Hero Awr),"24/7 community pharmacy and dispensary outpost in Xero Awr / Hero Awr residential & commercial grid, Hargeisa",9.57093,44.05145,Hospitals & Healthcare,hospital,Xero Awr / Hero Awr,False,HeartPulse,Cusbitaallada & Rugaha Caafimaadka
wda_dugsiga_hoose_dhexe_ee_waxbarash_676,Dugsiga Hoose/Dhexe ee Waxbarashada Qaybta 676 (Downtown Waheen),"Public primary & intermediate school campus in Downtown Waheen residential & commercial grid, Hargeisa",9.56024,44.06423,Schools & Universities,school,Downtown Waheen,False,GraduationCap,Dugsiyada & Waxbarashada
wda_akadeemiyada_casriga_ah_ee_qaybt_677,Akadeemiyada Casriga ah ee Qaybta 677 (Jigjiga Yar),"Modern high school and STEM educational institute in Jigjiga Yar residential & commercial grid, Hargeisa",9.5758,44.03029,Schools & Universities,school,Jigjiga Yar,False,GraduationCap,Dugsiyada & Waxbarashada
wda_machadka_tababarka_xirfadaha_ee__678,Machadka Tababarka Xirfadaha ee Qaybta 678 (Ahmed Dhagax),"Vocational and technical training college center in Ahmed Dhagax residential & commercial grid, Hargeisa",9.55236,44.04434,Schools & Universities,university,Ahmed Dhagax,False,GraduationCap,Jaamacadaha & Kuliyadaha
wda_masjidka_jaamaca_ee_qaybta_679_1_679,Masjidka Jaamaca ee Qaybta 679 (150 Highway),"Congregational Friday mosque with community prayer hall in 150 Highway residential & commercial grid, Hargeisa",9.57842,44.0454,Mosques (Masaajidda),place_of_worship,150 Highway,False,Moon,Masaajidda
wda_masjidka_al_imaan_ee_qaybta_680__680,Masjidka Al-Imaan ee Qaybta 680 (Shaab / Institutional District),"Neighborhood community mosque and Quranic learning hub in Shaab / Institutional District residential & commercial grid, Hargeisa",9.55694,44.0536,Mosques (Masaajidda),place_of_worship,Shaab / Institutional District,False,Moon,Masaajidda
wda_suuqa_khdaarta_iyo_ganacsiga_ee__681,Suuqa Khdaarta iyo Ganacsiga ee Qaybta 681 (Maxamed Mooge),"Neighborhood open-air fresh market and commercial trade zone in Maxamed Mooge residential & commercial grid, Hargeisa",9.51577,44.09509,Markets & Malls,mall,Maxamed Mooge,False,ShoppingBag,Suuqyada & Xarumaha Ganacsiga
wda_xarunta_ganacsiga_supermarket_ee_682,Xarunta Ganacsiga & Supermarket ee Qaybta 682 (New Hargeisa),"Modern multi-store retail grocery and provisions shopping center in New Hargeisa residential & commercial grid, Hargeisa",9.55121,44.08903,Markets & Malls,mall,New Hargeisa,False,ShoppingBag,Suuqyada & Xarumaha Ganacsiga
wda_kaalinta_shidaalka_hass_national_683,Kaalinta Shidaalka Hass / National ee Qaybta 683 (Daami),"Service petrol station, diesel dispenser and tire service in Daami residential & commercial grid, Hargeisa",9.57265,44.07697,Fuel Stations (Kaalmaha Shidaalka),fuel,Daami,False,Fuel,Kaalmaha Shidaalka
wda_kaalinta_shidaalka_gaaska_ee_qay_684,Kaalinta Shidaalka & Gaaska ee Qaybta 684 (Shiraaqle),"Fuel station and LPG domestic gas distribution depot in Shiraaqle residential & commercial grid, Hargeisa",9.56036,44.09634,Fuel Stations (Kaalmaha Shidaalka),fuel,Shiraaqle,False,Fuel,Kaalmaha Shidaalka
wda_istaanka_gaadiidka_dadweynaha_ee_685,Istaanka Gaadiidka Dadweynaha ee Qaybta 685 (Koodbuur),"Minibus terminal and designated passenger pick-and-drop stop in Koodbuur residential & commercial grid, Hargeisa",9.5715,44.03766,Transport & Terminals,transit_station,Koodbuur,False,Navigation,Istaannada & Gaadiidka
wda_isgoyska_weyn_ee_gaadiidka_ee_qa_686,Isgoyska Weyn ee Gaadiidka ee Qaybta 686 (Airport Zone / Masalaha),"Major road intersection and inter-district transit artery in Airport Zone / Masalaha residential & commercial grid, Hargeisa",9.51833,44.08015,Transport & Terminals,transit_station,Airport Zone / Masalaha,False,Navigation,Istaannada & Gaadiidka
wda_huteelka_nasashada_martida_ee_qa_687,Huteelka Nasashada & Martida ee Qaybta 687 (Kilalka / Sheikh Nuur East),"Comfortable guest lodging and family dining restaurant in Kilalka / Sheikh Nuur East residential & commercial grid, Hargeisa",9.5695,44.09016,Hotels & Hospitality,hotel,Kilalka / Sheikh Nuur East,False,Hotel,Huteellada & Maqaayadaha
wda_laanta_zaad_dahabshiil_ee_qaybta_688,Laanta ZAAD & Dahabshiil ee Qaybta 688 (Goljano District),"Banking kiosk, e-remittance and ZAAD cash-in center in Goljano District residential & commercial grid, Hargeisa",9.5563,44.07729,Banks & Financial,bank,Goljano District,False,Landmark,Bangiyada & Xawaaladaha
wda_laanta_taaj_edahab_express_ee_qa_689,Laanta TAAJ & Edahab Express ee Qaybta 689 (Biyo Dhacay Area),"Financial services, money transfer and remittance desk in Biyo Dhacay Area residential & commercial grid, Hargeisa",9.55394,44.0706,Banks & Financial,bank,Biyo Dhacay Area,False,Landmark,Bangiyada & Xawaaladaha
wda_xafiiska_adeegga_somtel_telesom__690,Xafiiska Adeegga Somtel & Telesom ee Qaybta 690 (Xero Awr / Hero Awr),"Telecommunications branch, SIM registration and fiber service hub in Xero Awr / Hero Awr residential & commercial grid, Hargeisa",9.564,44.04479,Corporate & Utilities,corporate,Xero Awr / Hero Awr,False,Building2,Shirkadaha & Isgaadhsiinta
wda_xarunta_korontada_sompower_ee_qa_691,Xarunta Korontada Sompower ee Qaybta 691 (Downtown Waheen),"District electrical distribution and bill payment center in Downtown Waheen residential & commercial grid, Hargeisa",9.56078,44.07201,Corporate & Utilities,utility,Downtown Waheen,False,Zap,Korontada & Biyaha
wda_xafiiska_waaxda_dowladda_hoose_e_692,Xafiiska Waaxda Dowladda Hoose ee Qaybta 692 (Jigjiga Yar),"Municipal sub-office and local civic administration center in Jigjiga Yar residential & commercial grid, Hargeisa",9.57647,44.04002,Government & Civic,government,Jigjiga Yar,False,Landmark,Hay'adaha Dowladda
wda_xaafada_deganaanshaha_ee_qaybta__693,Xaafada Deganaanshaha ee Qaybta 693 (Ahmed Dhagax),"Quiet residential enclave and community living sector in Ahmed Dhagax residential & commercial grid, Hargeisa",9.55317,44.05602,Xaafadaha (Districts),neighborhood,Ahmed Dhagax,False,Home,Xaafadaha & Degmooyinka
wda_cusbitaalka_gurmadka_caafimaadka_694,Cusbitaalka Gurmadka Caafimaadka ee Qaybta 694 (150 Highway),"Specialized neighborhood clinic & emergency health post in 150 Highway residential & commercial grid, Hargeisa",9.57936,44.05902,Hospitals & Healthcare,hospital,150 Highway,False,HeartPulse,Cusbitaallada & Rugaha Caafimaadka
wda_rugta_daryeelka_hooyada_dhallaan_695,Rugta Daryeelka Hooyada & Dhallaanka ee Qaybta 695 (Shaab / Institutional District),"Maternal and child care dispensary center in Shaab / Institutional District residential & commercial grid, Hargeisa",9.55758,44.06268,Hospitals & Healthcare,hospital,Shaab / Institutional District,False,HeartPulse,Cusbitaallada & Rugaha Caafimaadka
wda_farmasiga_shacabka_caafimaadka_e_696,Farmasiga Shacabka & Caafimaadka ee Qaybta 696 (Maxamed Mooge),"24/7 community pharmacy and dispensary outpost in Maxamed Mooge residential & commercial grid, Hargeisa",9.51676,44.10936,Hospitals & Healthcare,hospital,Maxamed Mooge,False,HeartPulse,Cusbitaallada & Rugaha Caafimaadka
wda_dugsiga_hoose_dhexe_ee_waxbarash_697,Dugsiga Hoose/Dhexe ee Waxbarashada Qaybta 697 (New Hargeisa),"Public primary & intermediate school campus in New Hargeisa residential & commercial grid, Hargeisa",9.55207,44.10135,Schools & Universities,school,New Hargeisa,False,GraduationCap,Dugsiyada & Waxbarashada
wda_akadeemiyada_casriga_ah_ee_qaybt_698,Akadeemiyada Casriga ah ee Qaybta 698 (Daami),"Modern high school and STEM educational institute in Daami residential & commercial grid, Hargeisa",9.57337,44.08735,Schools & Universities,school,Daami,False,GraduationCap,Dugsiyada & Waxbarashada
wda_machadka_tababarka_xirfadaha_ee__699,Machadka Tababarka Xirfadaha ee Qaybta 699 (Shiraaqle),"Vocational and technical training college center in Shiraaqle residential & commercial grid, Hargeisa",9.56117,44.10802,Schools & Universities,university,Shiraaqle,False,GraduationCap,Jaamacadaha & Kuliyadaha
wda_masjidka_jaamaca_ee_qaybta_700_k_700,Masjidka Jaamaca ee Qaybta 700 (Koodbuur),"Congregational Friday mosque with community prayer hall in Koodbuur residential & commercial grid, Hargeisa",9.57227,44.04869,Mosques (Masaajidda),place_of_worship,Koodbuur,False,Moon,Masaajidda
wda_masjidka_al_imaan_ee_qaybta_701__701,Masjidka Al-Imaan ee Qaybta 701 (Airport Zone / Masalaha),"Neighborhood community mosque and Quranic learning hub in Airport Zone / Masalaha residential & commercial grid, Hargeisa",9.51946,44.09636,Mosques (Masaajidda),place_of_worship,Airport Zone / Masalaha,False,Moon,Masaajidda
wda_suuqa_khdaarta_iyo_ganacsiga_ee__702,Suuqa Khdaarta iyo Ganacsiga ee Qaybta 702 (Kilalka / Sheikh Nuur East),"Neighborhood open-air fresh market and commercial trade zone in Kilalka / Sheikh Nuur East residential & commercial grid, Hargeisa",9.57027,44.10119,Markets & Malls,mall,Kilalka / Sheikh Nuur East,False,ShoppingBag,Suuqyada & Xarumaha Ganacsiga
wda_xarunta_ganacsiga_supermarket_ee_703,Xarunta Ganacsiga & Supermarket ee Qaybta 703 (Goljano District),"Modern multi-store retail grocery and provisions shopping center in Goljano District residential & commercial grid, Hargeisa",9.55697,44.08702,Markets & Malls,mall,Goljano District,False,ShoppingBag,Suuqyada & Xarumaha Ganacsiga
wda_kaalinta_shidaalka_hass_national_704,Kaalinta Shidaalka Hass / National ee Qaybta 704 (Biyo Dhacay Area),"Service petrol station, diesel dispenser and tire service in Biyo Dhacay Area residential & commercial grid, Hargeisa",9.55458,44.07968,Fuel Stations (Kaalmaha Shidaalka),fuel,Biyo Dhacay Area,False,Fuel,Kaalmaha Shidaalka
wda_kaalinta_shidaalka_gaaska_ee_qay_705,Kaalinta Shidaalka & Gaaska ee Qaybta 705 (Xero Awr / Hero Awr),"Fuel station and LPG domestic gas distribution depot in Xero Awr / Hero Awr residential & commercial grid, Hargeisa",9.56467,44.05452,Fuel Stations (Kaalmaha Shidaalka),fuel,Xero Awr / Hero Awr,False,Fuel,Kaalmaha Shidaalka
wda_istaanka_gaadiidka_dadweynaha_ee_706,Istaanka Gaadiidka Dadweynaha ee Qaybta 706 (Downtown Waheen),"Minibus terminal and designated passenger pick-and-drop stop in Downtown Waheen residential & commercial grid, Hargeisa",9.5656,44.06586,Transport & Terminals,transit_station,Downtown Waheen,False,Navigation,Istaannada & Gaadiidka
wda_isgoyska_weyn_ee_gaadiidka_ee_qa_707,Isgoyska Weyn ee Gaadiidka ee Qaybta 707 (Jigjiga Yar),"Major road intersection and inter-district transit artery in Jigjiga Yar residential & commercial grid, Hargeisa",9.5825,44.03233,Transport & Terminals,transit_station,Jigjiga Yar,False,Navigation,Istaannada & Gaadiidka
wda_huteelka_nasashada_martida_ee_qa_708,Huteelka Nasashada & Martida ee Qaybta 708 (Ahmed Dhagax),"Comfortable guest lodging and family dining restaurant in Ahmed Dhagax residential & commercial grid, Hargeisa",9.56039,44.04679,Hotels & Hospitality,hotel,Ahmed Dhagax,False,Hotel,Huteellada & Maqaayadaha
wda_laanta_zaad_dahabshiil_ee_qaybta_709,Laanta ZAAD & Dahabshiil ee Qaybta 709 (150 Highway),"Banking kiosk, e-remittance and ZAAD cash-in center in 150 Highway residential & commercial grid, Hargeisa",9.58779,44.04826,Banks & Financial,bank,150 Highway,False,Landmark,Bangiyada & Xawaaladaha
wda_laanta_taaj_edahab_express_ee_qa_710,Laanta TAAJ & Edahab Express ee Qaybta 710 (Shaab / Institutional District),"Financial services, money transfer and remittance desk in Shaab / Institutional District residential & commercial grid, Hargeisa",9.5632,44.05551,Banks & Financial,bank,Shaab / Institutional District,False,Landmark,Bangiyada & Xawaaladaha
wda_xafiiska_adeegga_somtel_telesom__711,Xafiiska Adeegga Somtel & Telesom ee Qaybta 711 (Maxamed Mooge),"Telecommunications branch, SIM registration and fiber service hub in Maxamed Mooge residential & commercial grid, Hargeisa",9.52559,44.09808,Corporate & Utilities,corporate,Maxamed Mooge,False,Building2,Shirkadaha & Isgaadhsiinta
wda_xarunta_korontada_sompower_ee_qa_712,Xarunta Korontada Sompower ee Qaybta 712 (New Hargeisa),"District electrical distribution and bill payment center in New Hargeisa residential & commercial grid, Hargeisa",9.55969,44.09162,Corporate & Utilities,utility,New Hargeisa,False,Zap,Korontada & Biyaha
wda_xafiiska_waaxda_dowladda_hoose_e_713,Xafiiska Waaxda Dowladda Hoose ee Qaybta 713 (Daami),"Municipal sub-office and local civic administration center in Daami residential & commercial grid, Hargeisa",9.57979,44.07915,Government & Civic,government,Daami,False,Landmark,Hay'adaha Dowladda
wda_xaafada_deganaanshaha_ee_qaybta__714,Xaafada Deganaanshaha ee Qaybta 714 (Shiraaqle),"Quiet residential enclave and community living sector in Shiraaqle residential & commercial grid, Hargeisa",9.56839,44.09879,Xaafadaha (Districts),neighborhood,Shiraaqle,False,Home,Xaafadaha & Degmooyinka
wda_cusbitaalka_gurmadka_caafimaadka_715,Cusbitaalka Gurmadka Caafimaadka ee Qaybta 715 (Koodbuur),"Specialized neighborhood clinic & emergency health post in Koodbuur residential & commercial grid, Hargeisa",9.57909,44.03997,Hospitals & Healthcare,hospital,Koodbuur,False,HeartPulse,Cusbitaallada & Rugaha Caafimaadka
wda_rugta_daryeelka_hooyada_dhallaan_716,Rugta Daryeelka Hooyada & Dhallaanka ee Qaybta 716 (Airport Zone / Masalaha),"Maternal and child care dispensary center in Airport Zone / Masalaha residential & commercial grid, Hargeisa",9.52949,44.08355,Hospitals & Healthcare,hospital,Airport Zone / Masalaha,False,HeartPulse,Cusbitaallada & Rugaha Caafimaadka
wda_farmasiga_shacabka_caafimaadka_e_717,Farmasiga Shacabka & Caafimaadka ee Qaybta 717 (Kilalka / Sheikh Nuur East),"24/7 community pharmacy and dispensary outpost in Kilalka / Sheikh Nuur East residential & commercial grid, Hargeisa",9.57709,44.09247,Hospitals & Healthcare,hospital,Kilalka / Sheikh Nuur East,False,HeartPulse,Cusbitaallada & Rugaha Caafimaadka
wda_dugsiga_hoose_dhexe_ee_waxbarash_718,Dugsiga Hoose/Dhexe ee Waxbarashada Qaybta 718 (Goljano District),"Public primary & intermediate school campus in Goljano District residential & commercial grid, Hargeisa",9.563,44.07933,Schools & Universities,school,Goljano District,False,GraduationCap,Dugsiyada & Waxbarashada
wda_akadeemiyada_casriga_ah_ee_qaybt_719,Akadeemiyada Casriga ah ee Qaybta 719 (Biyo Dhacay Area),"Modern high school and STEM educational institute in Biyo Dhacay Area residential & commercial grid, Hargeisa",9.5602,44.07251,Schools & Universities,school,Biyo Dhacay Area,False,GraduationCap,Dugsiyada & Waxbarashada
wda_machadka_tababarka_xirfadaha_ee__720,Machadka Tababarka Xirfadaha ee Qaybta 720 (Xero Awr / Hero Awr),"Vocational and technical training college center in Xero Awr / Hero Awr residential & commercial grid, Hargeisa",9.5707,44.04683,Schools & Universities,university,Xero Awr / Hero Awr,False,GraduationCap,Jaamacadaha & Kuliyadaha
wda_masjidka_jaamaca_ee_qaybta_721_d_721,Masjidka Jaamaca ee Qaybta 721 (Downtown Waheen),"Congregational Friday mosque with community prayer hall in Downtown Waheen residential & commercial grid, Hargeisa",9.5579,44.06711,Mosques (Masaajidda),place_of_worship,Downtown Waheen,False,Moon,Masaajidda
wda_masjidka_al_imaan_ee_qaybta_722__722,Masjidka Al-Imaan ee Qaybta 722 (Jigjiga Yar),"Neighborhood community mosque and Quranic learning hub in Jigjiga Yar residential & commercial grid, Hargeisa",9.57287,44.03388,Mosques (Masaajidda),place_of_worship,Jigjiga Yar,False,Moon,Masaajidda
wda_suuqa_khdaarta_iyo_ganacsiga_ee__723,Suuqa Khdaarta iyo Ganacsiga ee Qaybta 723 (Ahmed Dhagax),"Neighborhood open-air fresh market and commercial trade zone in Ahmed Dhagax residential & commercial grid, Hargeisa",9.54885,44.04866,Markets & Malls,mall,Ahmed Dhagax,False,ShoppingBag,Suuqyada & Xarumaha Ganacsiga
wda_xarunta_ganacsiga_supermarket_ee_724,Xarunta Ganacsiga & Supermarket ee Qaybta 724 (150 Highway),"Modern multi-store retail grocery and provisions shopping center in 150 Highway residential & commercial grid, Hargeisa",9.57432,44.05044,Markets & Malls,mall,150 Highway,False,ShoppingBag,Suuqyada & Xarumaha Ganacsiga
wda_kaalinta_shidaalka_hass_national_725,Kaalinta Shidaalka Hass / National ee Qaybta 725 (Shaab / Institutional District),"Service petrol station, diesel dispenser and tire service in Shaab / Institutional District residential & commercial grid, Hargeisa",9.55422,44.05696,Fuel Stations (Kaalmaha Shidaalka),fuel,Shaab / Institutional District,False,Fuel,Kaalmaha Shidaalka
wda_kaalinta_shidaalka_gaaska_ee_qay_726,Kaalinta Shidaalka & Gaaska ee Qaybta 726 (Maxamed Mooge),"Fuel station and LPG domestic gas distribution depot in Maxamed Mooge residential & commercial grid, Hargeisa",9.51148,44.10036,Fuel Stations (Kaalmaha Shidaalka),fuel,Maxamed Mooge,False,Fuel,Kaalmaha Shidaalka
wda_istaanka_gaadiidka_dadweynaha_ee_727,Istaanka Gaadiidka Dadweynaha ee Qaybta 727 (New Hargeisa),"Minibus terminal and designated passenger pick-and-drop stop in New Hargeisa residential & commercial grid, Hargeisa",9.54751,44.09359,Transport & Terminals,transit_station,New Hargeisa,False,Navigation,Istaannada & Gaadiidka
wda_isgoyska_weyn_ee_gaadiidka_ee_qa_728,Isgoyska Weyn ee Gaadiidka ee Qaybta 728 (Daami),"Major road intersection and inter-district transit artery in Daami residential & commercial grid, Hargeisa",9.56953,44.08081,Transport & Terminals,transit_station,Daami,False,Navigation,Istaannada & Gaadiidka
wda_huteelka_nasashada_martida_ee_qa_729,Huteelka Nasashada & Martida ee Qaybta 729 (Shiraaqle),"Comfortable guest lodging and family dining restaurant in Shiraaqle residential & commercial grid, Hargeisa",9.55685,44.10066,Hotels & Hospitality,hotel,Shiraaqle,False,Hotel,Huteellada & Maqaayadaha
wda_laanta_zaad_dahabshiil_ee_qaybta_730,Laanta ZAAD & Dahabshiil ee Qaybta 730 (Koodbuur),"Banking kiosk, e-remittance and ZAAD cash-in center in Koodbuur residential & commercial grid, Hargeisa",9.56819,44.04173,Banks & Financial,bank,Koodbuur,False,Landmark,Bangiyada & Xawaaladaha
wda_laanta_taaj_edahab_express_ee_qa_731,Laanta TAAJ & Edahab Express ee Qaybta 731 (Airport Zone / Masalaha),"Financial services, money transfer and remittance desk in Airport Zone / Masalaha residential & commercial grid, Hargeisa",9.51346,44.08614,Banks & Financial,bank,Airport Zone / Masalaha,False,Landmark,Bangiyada & Xawaaladaha
wda_xafiiska_adeegga_somtel_telesom__732,Xafiiska Adeegga Somtel & Telesom ee Qaybta 732 (Kilalka / Sheikh Nuur East),"Telecommunications branch, SIM registration and fiber service hub in Kilalka / Sheikh Nuur East residential & commercial grid, Hargeisa",9.56619,44.09423,Corporate & Utilities,corporate,Kilalka / Sheikh Nuur East,False,Building2,Shirkadaha & Isgaadhsiinta
wda_xarunta_korontada_sompower_ee_qa_733,Xarunta Korontada Sompower ee Qaybta 733 (Goljano District),"District electrical distribution and bill payment center in Goljano District residential & commercial grid, Hargeisa",9.55337,44.08088,Corporate & Utilities,utility,Goljano District,False,Zap,Korontada & Biyaha
wda_xafiiska_waaxda_dowladda_hoose_e_734,Xafiiska Waaxda Dowladda Hoose ee Qaybta 734 (Biyo Dhacay Area),"Municipal sub-office and local civic administration center in Biyo Dhacay Area residential & commercial grid, Hargeisa",9.55122,44.07396,Government & Civic,government,Biyo Dhacay Area,False,Landmark,Hay'adaha Dowladda
wda_xaafada_deganaanshaha_ee_qaybta__735,Xaafada Deganaanshaha ee Qaybta 735 (Xero Awr / Hero Awr),"Quiet residential enclave and community living sector in Xero Awr / Hero Awr residential & commercial grid, Hargeisa",9.56107,44.04838,Xaafadaha (Districts),neighborhood,Xero Awr / Hero Awr,False,Home,Xaafadaha & Degmooyinka
wda_cusbitaalka_gurmadka_caafimaadka_736,Cusbitaalka Gurmadka Caafimaadka ee Qaybta 736 (Downtown Waheen),"Specialized neighborhood clinic & emergency health post in Downtown Waheen residential & commercial grid, Hargeisa",9.56444,44.07149,Hospitals & Healthcare,hospital,Downtown Waheen,False,HeartPulse,Cusbitaallada & Rugaha Caafimaadka
wda_rugta_daryeelka_hooyada_dhallaan_737,Rugta Daryeelka Hooyada & Dhallaanka ee Qaybta 737 (Jigjiga Yar),"Maternal and child care dispensary center in Jigjiga Yar residential & commercial grid, Hargeisa",9.58106,44.03936,Hospitals & Healthcare,hospital,Jigjiga Yar,False,HeartPulse,Cusbitaallada & Rugaha Caafimaadka
wda_farmasiga_shacabka_caafimaadka_e_738,Farmasiga Shacabka & Caafimaadka ee Qaybta 738 (Ahmed Dhagax),"24/7 community pharmacy and dispensary outpost in Ahmed Dhagax residential & commercial grid, Hargeisa",9.55867,44.05523,Hospitals & Healthcare,hospital,Ahmed Dhagax,False,HeartPulse,Cusbitaallada & Rugaha Caafimaadka
wda_dugsiga_hoose_dhexe_ee_waxbarash_739,Dugsiga Hoose/Dhexe ee Waxbarashada Qaybta 739 (150 Highway),"Public primary & intermediate school campus in 150 Highway residential & commercial grid, Hargeisa",9.58578,44.05811,Schools & Universities,school,150 Highway,False,GraduationCap,Dugsiyada & Waxbarashada
wda_akadeemiyada_casriga_ah_ee_qaybt_740,Akadeemiyada Casriga ah ee Qaybta 740 (Shaab / Institutional District),"Modern high school and STEM educational institute in Shaab / Institutional District residential & commercial grid, Hargeisa",9.56185,44.06207,Schools & Universities,school,Shaab / Institutional District,False,GraduationCap,Dugsiyada & Waxbarashada
wda_machadka_tababarka_xirfadaha_ee__741,Machadka Tababarka Xirfadaha ee Qaybta 741 (Maxamed Mooge),"Vocational and technical training college center in Maxamed Mooge residential & commercial grid, Hargeisa",9.52348,44.1084,Schools & Universities,university,Maxamed Mooge,False,GraduationCap,Jaamacadaha & Kuliyadaha
wda_masjidka_jaamaca_ee_qaybta_742_n_742,Masjidka Jaamaca ee Qaybta 742 (New Hargeisa),"Congregational Friday mosque with community prayer hall in New Hargeisa residential & commercial grid, Hargeisa",9.55787,44.10052,Mosques (Masaajidda),place_of_worship,New Hargeisa,False,Moon,Masaajidda
wda_masjidka_al_imaan_ee_qaybta_743__743,Masjidka Al-Imaan ee Qaybta 743 (Daami),"Neighborhood community mosque and Quranic learning hub in Daami residential & commercial grid, Hargeisa",9.57826,44.08665,Mosques (Masaajidda),place_of_worship,Daami,False,Moon,Masaajidda
wda_suuqa_khdaarta_iyo_ganacsiga_ee__744,Suuqa Khdaarta iyo Ganacsiga ee Qaybta 744 (Shiraaqle),"Neighborhood open-air fresh market and commercial trade zone in Shiraaqle residential & commercial grid, Hargeisa",9.56667,44.10723,Markets & Malls,mall,Shiraaqle,False,ShoppingBag,Suuqyada & Xarumaha Ganacsiga
wda_xarunta_ganacsiga_supermarket_ee_745,Xarunta Ganacsiga & Supermarket ee Qaybta 745 (Koodbuur),"Modern multi-store retail grocery and provisions shopping center in Koodbuur residential & commercial grid, Hargeisa",9.57746,44.04794,Markets & Malls,mall,Koodbuur,False,ShoppingBag,Suuqyada & Xarumaha Ganacsiga
wda_kaalinta_shidaalka_hass_national_746,Kaalinta Shidaalka Hass / National ee Qaybta 746 (Airport Zone / Masalaha),"Service petrol station, diesel dispenser and tire service in Airport Zone / Masalaha residential & commercial grid, Hargeisa",9.52709,44.09527,Fuel Stations (Kaalmaha Shidaalka),fuel,Airport Zone / Masalaha,False,Fuel,Kaalmaha Shidaalka
wda_kaalinta_shidaalka_gaaska_ee_qay_747,Kaalinta Shidaalka & Gaaska ee Qaybta 747 (Kilalka / Sheikh Nuur East),"Fuel station and LPG domestic gas distribution depot in Kilalka / Sheikh Nuur East residential & commercial grid, Hargeisa",9.57546,44.10044,Fuel Stations (Kaalmaha Shidaalka),fuel,Kilalka / Sheikh Nuur East,False,Fuel,Kaalmaha Shidaalka
wda_istaanka_gaadiidka_dadweynaha_ee_748,Istaanka Gaadiidka Dadweynaha ee Qaybta 748 (Goljano District),"Minibus terminal and designated passenger pick-and-drop stop in Goljano District residential & commercial grid, Hargeisa",9.56156,44.08636,Transport & Terminals,transit_station,Goljano District,False,Navigation,Istaannada & Gaadiidka
wda_isgoyska_weyn_ee_gaadiidka_ee_qa_749,Isgoyska Weyn ee Gaadiidka ee Qaybta 749 (Biyo Dhacay Area),"Major road intersection and inter-district transit artery in Biyo Dhacay Area residential & commercial grid, Hargeisa",9.55885,44.07907,Transport & Terminals,transit_station,Biyo Dhacay Area,False,Navigation,Istaannada & Gaadiidka
wda_huteelka_nasashada_martida_ee_qa_750,Huteelka Nasashada & Martida ee Qaybta 750 (Xero Awr / Hero Awr),"Comfortable guest lodging and family dining restaurant in Xero Awr / Hero Awr residential & commercial grid, Hargeisa",9.56926,44.05386,Hotels & Hospitality,hotel,Xero Awr / Hero Awr,False,Hotel,Huteellada & Maqaayadaha
wda_laanta_zaad_dahabshiil_ee_qaybta_751,Laanta ZAAD & Dahabshiil ee Qaybta 751 (Downtown Waheen),"Banking kiosk, e-remittance and ZAAD cash-in center in Downtown Waheen residential & commercial grid, Hargeisa",9.56253,44.06373,Banks & Financial,bank,Downtown Waheen,False,Landmark,Bangiyada & Xawaaladaha
wda_laanta_taaj_edahab_express_ee_qa_752,Laanta TAAJ & Edahab Express ee Qaybta 752 (Jigjiga Yar),"Financial services, money transfer and remittance desk in Jigjiga Yar residential & commercial grid, Hargeisa",9.57866,44.02966,Banks & Financial,bank,Jigjiga Yar,False,Landmark,Bangiyada & Xawaaladaha
wda_xafiiska_adeegga_somtel_telesom__753,Xafiiska Adeegga Somtel & Telesom ee Qaybta 753 (Ahmed Dhagax),"Telecommunications branch, SIM registration and fiber service hub in Ahmed Dhagax residential & commercial grid, Hargeisa",9.55579,44.04359,Corporate & Utilities,corporate,Ahmed Dhagax,False,Building2,Shirkadaha & Isgaadhsiinta
wda_xarunta_korontada_sompower_ee_qa_754,Xarunta Korontada Sompower ee Qaybta 754 (150 Highway),"District electrical distribution and bill payment center in 150 Highway residential & commercial grid, Hargeisa",9.58242,44.04452,Corporate & Utilities,utility,150 Highway,False,Zap,Korontada & Biyaha
wda_xafiiska_waaxda_dowladda_hoose_e_755,Xafiiska Waaxda Dowladda Hoose ee Qaybta 755 (Shaab / Institutional District),"Municipal sub-office and local civic administration center in Shaab / Institutional District residential & commercial grid, Hargeisa",9.55961,44.05301,Government & Civic,government,Shaab / Institutional District,False,Landmark,Hay'adaha Dowladda
wda_xaafada_deganaanshaha_ee_qaybta__756,Xaafada Deganaanshaha ee Qaybta 756 (Maxamed Mooge),"Quiet residential enclave and community living sector in Maxamed Mooge residential & commercial grid, Hargeisa",9.51996,44.09417,Xaafadaha (Districts),neighborhood,Maxamed Mooge,False,Home,Xaafadaha & Degmooyinka
wda_cusbitaalka_gurmadka_caafimaadka_757,Cusbitaalka Gurmadka Caafimaadka ee Qaybta 757 (New Hargeisa),"Specialized neighborhood clinic & emergency health post in New Hargeisa residential & commercial grid, Hargeisa",9.55483,44.08823,Hospitals & Healthcare,hospital,New Hargeisa,False,HeartPulse,Cusbitaallada & Rugaha Caafimaadka
wda_rugta_daryeelka_hooyada_dhallaan_758,Rugta Daryeelka Hooyada & Dhallaanka ee Qaybta 758 (Daami),"Maternal and child care dispensary center in Daami residential & commercial grid, Hargeisa",9.5757,44.0763,Hospitals & Healthcare,hospital,Daami,False,HeartPulse,Cusbitaallada & Rugaha Caafimaadka
wda_farmasiga_shacabka_caafimaadka_e_759,Farmasiga Shacabka & Caafimaadka ee Qaybta 759 (Shiraaqle),"24/7 community pharmacy and dispensary outpost in Shiraaqle residential & commercial grid, Hargeisa",9.56379,44.09559,Hospitals & Healthcare,hospital,Shiraaqle,False,HeartPulse,Cusbitaallada & Rugaha Caafimaadka
wda_dugsiga_hoose_dhexe_ee_waxbarash_760,Dugsiga Hoose/Dhexe ee Waxbarashada Qaybta 760 (Koodbuur),"Public primary & intermediate school campus in Koodbuur residential & commercial grid, Hargeisa",9.57474,44.03695,Schools & Universities,school,Koodbuur,False,GraduationCap,Dugsiyada & Waxbarashada
wda_akadeemiyada_casriga_ah_ee_qaybt_761,Akadeemiyada Casriga ah ee Qaybta 761 (Airport Zone / Masalaha),"Modern high school and STEM educational institute in Airport Zone / Masalaha residential & commercial grid, Hargeisa",9.52309,44.0791,Schools & Universities,school,Airport Zone / Masalaha,False,GraduationCap,Dugsiyada & Waxbarashada
wda_machadka_tababarka_xirfadaha_ee__762,Machadka Tababarka Xirfadaha ee Qaybta 762 (Kilalka / Sheikh Nuur East),"Vocational and technical training college center in Kilalka / Sheikh Nuur East residential & commercial grid, Hargeisa",9.57274,44.08945,Schools & Universities,university,Kilalka / Sheikh Nuur East,False,GraduationCap,Jaamacadaha & Kuliyadaha
wda_masjidka_jaamaca_ee_qaybta_763_g_763,Masjidka Jaamaca ee Qaybta 763 (Goljano District),"Congregational Friday mosque with community prayer hall in Goljano District residential & commercial grid, Hargeisa",9.55916,44.07666,Mosques (Masaajidda),place_of_worship,Goljano District,False,Moon,Masaajidda
wda_masjidka_al_imaan_ee_qaybta_764__764,Masjidka Al-Imaan ee Qaybta 764 (Biyo Dhacay Area),"Neighborhood community mosque and Quranic learning hub in Biyo Dhacay Area residential & commercial grid, Hargeisa",9.55661,44.07001,Mosques (Masaajidda),place_of_worship,Biyo Dhacay Area,False,Moon,Masaajidda
wda_suuqa_khdaarta_iyo_ganacsiga_ee__765,Suuqa Khdaarta iyo Ganacsiga ee Qaybta 765 (Xero Awr / Hero Awr),"Neighborhood open-air fresh market and commercial trade zone in Xero Awr / Hero Awr residential & commercial grid, Hargeisa",9.56686,44.04416,Markets & Malls,mall,Xero Awr / Hero Awr,False,ShoppingBag,Suuqyada & Xarumaha Ganacsiga
wda_xarunta_ganacsiga_supermarket_ee_766,Xarunta Ganacsiga & Supermarket ee Qaybta 766 (Downtown Waheen),"Modern multi-store retail grocery and provisions shopping center in Downtown Waheen residential & commercial grid, Hargeisa",9.55875,44.07081,Markets & Malls,mall,Downtown Waheen,False,ShoppingBag,Suuqyada & Xarumaha Ganacsiga
wda_kaalinta_shidaalka_hass_national_767,Kaalinta Shidaalka Hass / National ee Qaybta 767 (Jigjiga Yar),"Service petrol station, diesel dispenser and tire service in Jigjiga Yar residential & commercial grid, Hargeisa",9.57393,44.03851,Fuel Stations (Kaalmaha Shidaalka),fuel,Jigjiga Yar,False,Fuel,Kaalmaha Shidaalka
wda_kaalinta_shidaalka_gaaska_ee_qay_768,Kaalinta Shidaalka & Gaaska ee Qaybta 768 (Ahmed Dhagax),"Fuel station and LPG domestic gas distribution depot in Ahmed Dhagax residential & commercial grid, Hargeisa",9.55012,44.05421,Fuel Stations (Kaalmaha Shidaalka),fuel,Ahmed Dhagax,False,Fuel,Kaalmaha Shidaalka
wda_istaanka_gaadiidka_dadweynaha_ee_769,Istaanka Gaadiidka Dadweynaha ee Qaybta 769 (150 Highway),"Minibus terminal and designated passenger pick-and-drop stop in 150 Highway residential & commercial grid, Hargeisa",9.57581,44.05691,Transport & Terminals,transit_station,150 Highway,False,Navigation,Istaannada & Gaadiidka
wda_isgoyska_weyn_ee_gaadiidka_ee_qa_770,Isgoyska Weyn ee Gaadiidka ee Qaybta 770 (Shaab / Institutional District),"Major road intersection and inter-district transit artery in Shaab / Institutional District residential & commercial grid, Hargeisa",9.5552,44.06128,Transport & Terminals,transit_station,Shaab / Institutional District,False,Navigation,Istaannada & Gaadiidka
wda_huteelka_nasashada_martida_ee_qa_771,Huteelka Nasashada & Martida ee Qaybta 771 (Maxamed Mooge),"Comfortable guest lodging and family dining restaurant in Maxamed Mooge residential & commercial grid, Hargeisa",9.51304,44.10715,Hotels & Hospitality,hotel,Maxamed Mooge,False,Hotel,Huteellada & Maqaayadaha
wda_laanta_zaad_dahabshiil_ee_qaybta_772,Laanta ZAAD & Dahabshiil ee Qaybta 772 (New Hargeisa),"Banking kiosk, e-remittance and ZAAD cash-in center in New Hargeisa residential & commercial grid, Hargeisa",9.54885,44.09945,Banks & Financial,bank,New Hargeisa,False,Landmark,Bangiyada & Xawaaladaha
wda_laanta_taaj_edahab_express_ee_qa_773,Laanta TAAJ & Edahab Express ee Qaybta 773 (Daami),"Financial services, money transfer and remittance desk in Daami residential & commercial grid, Hargeisa",9.57066,44.08574,Banks & Financial,bank,Daami,False,Landmark,Bangiyada & Xawaaladaha
wda_xafiiska_adeegga_somtel_telesom__774,Xafiiska Adeegga Somtel & Telesom ee Qaybta 774 (Shiraaqle),"Telecommunications branch, SIM registration and fiber service hub in Shiraaqle residential & commercial grid, Hargeisa",9.55812,44.10621,Corporate & Utilities,corporate,Shiraaqle,False,Building2,Shirkadaha & Isgaadhsiinta
wda_xarunta_korontada_sompower_ee_qa_775,Xarunta Korontada Sompower ee Qaybta 775 (Koodbuur),"District electrical distribution and bill payment center in Koodbuur residential & commercial grid, Hargeisa",9.56939,44.04698,Corporate & Utilities,utility,Koodbuur,False,Zap,Korontada & Biyaha
wda_xafiiska_waaxda_dowladda_hoose_e_776,Xafiiska Waaxda Dowladda Hoose ee Qaybta 776 (Airport Zone / Masalaha),"Municipal sub-office and local civic administration center in Airport Zone / Masalaha residential & commercial grid, Hargeisa",9.51522,44.09385,Government & Civic,government,Airport Zone / Masalaha,False,Landmark,Hay'adaha Dowladda
wda_xaafada_deganaanshaha_ee_qaybta__777,Xaafada Deganaanshaha ee Qaybta 777 (Kilalka / Sheikh Nuur East),"Quiet residential enclave and community living sector in Kilalka / Sheikh Nuur East residential & commercial grid, Hargeisa",9.56739,44.09948,Xaafadaha (Districts),neighborhood,Kilalka / Sheikh Nuur East,False,Home,Xaafadaha & Degmooyinka
wda_cusbitaalka_gurmadka_caafimaadka_778,Cusbitaalka Gurmadka Caafimaadka ee Qaybta 778 (Goljano District),"Specialized neighborhood clinic & emergency health post in Goljano District residential & commercial grid, Hargeisa",9.55443,44.08551,Hospitals & Healthcare,hospital,Goljano District,False,HeartPulse,Cusbitaallada & Rugaha Caafimaadka
wda_rugta_daryeelka_hooyada_dhallaan_779,Rugta Daryeelka Hooyada & Dhallaanka ee Qaybta 779 (Biyo Dhacay Area),"Maternal and child care dispensary center in Biyo Dhacay Area residential & commercial grid, Hargeisa",9.5522,44.07828,Hospitals & Healthcare,hospital,Biyo Dhacay Area,False,HeartPulse,Cusbitaallada & Rugaha Caafimaadka
wda_farmasiga_shacabka_caafimaadka_e_780,Farmasiga Shacabka & Caafimaadka ee Qaybta 780 (Xero Awr / Hero Awr),"24/7 community pharmacy and dispensary outpost in Xero Awr / Hero Awr residential & commercial grid, Hargeisa",9.56213,44.05301,Hospitals & Healthcare,hospital,Xero Awr / Hero Awr,False,HeartPulse,Cusbitaallada & Rugaha Caafimaadka
wda_dugsiga_hoose_dhexe_ee_waxbarash_781,Dugsiga Hoose/Dhexe ee Waxbarashada Qaybta 781 (Downtown Waheen),"Public primary & intermediate school campus in Downtown Waheen residential & commercial grid, Hargeisa",9.56629,44.06816,Schools & Universities,school,Downtown Waheen,False,GraduationCap,Dugsiyada & Waxbarashada
wda_akadeemiyada_casriga_ah_ee_qaybt_782,Akadeemiyada Casriga ah ee Qaybta 782 (Jigjiga Yar),"Modern high school and STEM educational institute in Jigjiga Yar residential & commercial grid, Hargeisa",9.58337,44.0352,Schools & Universities,school,Jigjiga Yar,False,GraduationCap,Dugsiyada & Waxbarashada
wda_machadka_tababarka_xirfadaha_ee__783,Machadka Tababarka Xirfadaha ee Qaybta 783 (Ahmed Dhagax),"Vocational and technical training college center in Ahmed Dhagax residential & commercial grid, Hargeisa",9.56144,44.05024,Schools & Universities,university,Ahmed Dhagax,False,GraduationCap,Jaamacadaha & Kuliyadaha
wda_masjidka_jaamaca_ee_qaybta_784_1_784,Masjidka Jaamaca ee Qaybta 784 (150 Highway),"Congregational Friday mosque with community prayer hall in 150 Highway residential & commercial grid, Hargeisa",9.58902,44.05228,Mosques (Masaajidda),place_of_worship,150 Highway,False,Moon,Masaajidda
wda_masjidka_al_imaan_ee_qaybta_785__785,Masjidka Al-Imaan ee Qaybta 785 (Shaab / Institutional District),"Neighborhood community mosque and Quranic learning hub in Shaab / Institutional District residential & commercial grid, Hargeisa",9.56401,44.05819,Mosques (Masaajidda),place_of_worship,Shaab / Institutional District,False,Moon,Masaajidda
wda_suuqa_khdaarta_iyo_ganacsiga_ee__786,Suuqa Khdaarta iyo Ganacsiga ee Qaybta 786 (Maxamed Mooge),"Neighborhood open-air fresh market and commercial trade zone in Maxamed Mooge residential & commercial grid, Hargeisa",9.52687,44.10229,Markets & Malls,mall,Maxamed Mooge,False,ShoppingBag,Suuqyada & Xarumaha Ganacsiga
wda_xarunta_ganacsiga_supermarket_ee_787,Xarunta Ganacsiga & Supermarket ee Qaybta 787 (New Hargeisa),"Modern multi-store retail grocery and provisions shopping center in New Hargeisa residential & commercial grid, Hargeisa",9.5608,44.09525,Markets & Malls,mall,New Hargeisa,False,ShoppingBag,Suuqyada & Xarumaha Ganacsiga
wda_kaalinta_shidaalka_hass_national_788,Kaalinta Shidaalka Hass / National ee Qaybta 788 (Daami),"Service petrol station, diesel dispenser and tire service in Daami residential & commercial grid, Hargeisa",9.58073,44.08221,Fuel Stations (Kaalmaha Shidaalka),fuel,Daami,False,Fuel,Kaalmaha Shidaalka
wda_kaalinta_shidaalka_gaaska_ee_qay_789,Kaalinta Shidaalka & Gaaska ee Qaybta 789 (Shiraaqle),"Fuel station and LPG domestic gas distribution depot in Shiraaqle residential & commercial grid, Hargeisa",9.56944,44.10224,Fuel Stations (Kaalmaha Shidaalka),fuel,Shiraaqle,False,Fuel,Kaalmaha Shidaalka
wda_istaanka_gaadiidka_dadweynaha_ee_790,Istaanka Gaadiidka Dadweynaha ee Qaybta 790 (Koodbuur),"Minibus terminal and designated passenger pick-and-drop stop in Koodbuur residential & commercial grid, Hargeisa",9.58008,44.04323,Transport & Terminals,transit_station,Koodbuur,False,Navigation,Istaannada & Gaadiidka
wda_isgoyska_weyn_ee_gaadiidka_ee_qa_791,Isgoyska Weyn ee Gaadiidka ee Qaybta 791 (Airport Zone / Masalaha),"Major road intersection and inter-district transit artery in Airport Zone / Masalaha residential & commercial grid, Hargeisa",9.53095,44.08833,Transport & Terminals,transit_station,Airport Zone / Masalaha,False,Navigation,Istaannada & Gaadiidka
wda_huteelka_nasashada_martida_ee_qa_792,Huteelka Nasashada & Martida ee Qaybta 792 (Kilalka / Sheikh Nuur East),"Comfortable guest lodging and family dining restaurant in Kilalka / Sheikh Nuur East residential & commercial grid, Hargeisa",9.57808,44.09573,Hotels & Hospitality,hotel,Kilalka / Sheikh Nuur East,False,Hotel,Huteellada & Maqaayadaha
wda_laanta_zaad_dahabshiil_ee_qaybta_793,Laanta ZAAD & Dahabshiil ee Qaybta 793 (Goljano District),"Banking kiosk, e-remittance and ZAAD cash-in center in Goljano District residential & commercial grid, Hargeisa",9.56387,44.0822,Banks & Financial,bank,Goljano District,False,Landmark,Bangiyada & Xawaaladaha
wda_laanta_taaj_edahab_express_ee_qa_794,Laanta TAAJ & Edahab Express ee Qaybta 794 (Biyo Dhacay Area),"Financial services, money transfer and remittance desk in Biyo Dhacay Area residential & commercial grid, Hargeisa",9.56101,44.07519,Banks & Financial,bank,Biyo Dhacay Area,False,Landmark,Bangiyada & Xawaaladaha
wda_xafiiska_adeegga_somtel_telesom__795,Xafiiska Adeegga Somtel & Telesom ee Qaybta 795 (Xero Awr / Hero Awr),"Telecommunications branch, SIM registration and fiber service hub in Xero Awr / Hero Awr residential & commercial grid, Hargeisa",9.57157,44.0497,Corporate & Utilities,corporate,Xero Awr / Hero Awr,False,Building2,Shirkadaha & Isgaadhsiinta
wda_xarunta_korontada_sompower_ee_qa_796,Xarunta Korontada Sompower ee Qaybta 796 (Downtown Waheen),"District electrical distribution and bill payment center in Downtown Waheen residential & commercial grid, Hargeisa",9.55892,44.06492,Corporate & Utilities,utility,Downtown Waheen,False,Zap,Korontada & Biyaha
wda_xafiiska_waaxda_dowladda_hoose_e_797,Xafiiska Waaxda Dowladda Hoose ee Qaybta 797 (Jigjiga Yar),"Municipal sub-office and local civic administration center in Jigjiga Yar residential & commercial grid, Hargeisa",9.57415,44.03115,Government & Civic,government,Jigjiga Yar,False,Landmark,Hay'adaha Dowladda
wda_xaafada_deganaanshaha_ee_qaybta__798,Xaafada Deganaanshaha ee Qaybta 798 (Ahmed Dhagax),"Quiet residential enclave and community living sector in Ahmed Dhagax residential & commercial grid, Hargeisa",9.55038,44.04538,Xaafadaha (Districts),neighborhood,Ahmed Dhagax,False,Home,Xaafadaha & Degmooyinka
wda_cusbitaalka_gurmadka_caafimaadka_799,Cusbitaalka Gurmadka Caafimaadka ee Qaybta 799 (150 Highway),"Specialized neighborhood clinic & emergency health post in 150 Highway residential & commercial grid, Hargeisa",9.57611,44.04662,Hospitals & Healthcare,hospital,150 Highway,False,HeartPulse,Cusbitaallada & Rugaha Caafimaadka
wda_rugta_daryeelka_hooyada_dhallaan_800,Rugta Daryeelka Hooyada & Dhallaanka ee Qaybta 800 (Shaab / Institutional District),"Maternal and child care dispensary center in Shaab / Institutional District residential & commercial grid, Hargeisa",9.55541,44.05441,Hospitals & Healthcare,hospital,Shaab / Institutional District,False,HeartPulse,Cusbitaallada & Rugaha Caafimaadka
wda_farmasiga_shacabka_caafimaadka_e_801,Farmasiga Shacabka & Caafimaadka ee Qaybta 801 (Maxamed Mooge),"24/7 community pharmacy and dispensary outpost in Maxamed Mooge residential & commercial grid, Hargeisa",9.51336,44.09636,Hospitals & Healthcare,hospital,Maxamed Mooge,False,HeartPulse,Cusbitaallada & Rugaha Caafimaadka
wda_dugsiga_hoose_dhexe_ee_waxbarash_802,Dugsiga Hoose/Dhexe ee Waxbarashada Qaybta 802 (New Hargeisa),"Public primary & intermediate school campus in New Hargeisa residential & commercial grid, Hargeisa",9.54913,44.09013,Schools & Universities,school,New Hargeisa,False,GraduationCap,Dugsiyada & Waxbarashada
wda_akadeemiyada_casriga_ah_ee_qaybt_803,Akadeemiyada Casriga ah ee Qaybta 803 (Daami),"Modern high school and STEM educational institute in Daami residential & commercial grid, Hargeisa",9.57089,44.0779,Schools & Universities,school,Daami,False,GraduationCap,Dugsiyada & Waxbarashada
wda_machadka_tababarka_xirfadaha_ee__804,Machadka Tababarka Xirfadaha ee Qaybta 804 (Shiraaqle),"Vocational and technical training college center in Shiraaqle residential & commercial grid, Hargeisa",9.55838,44.09738,Schools & Universities,university,Shiraaqle,False,GraduationCap,Jaamacadaha & Kuliyadaha
wda_masjidka_jaamaca_ee_qaybta_805_k_805,Masjidka Jaamaca ee Qaybta 805 (Koodbuur),"Congregational Friday mosque with community prayer hall in Koodbuur residential & commercial grid, Hargeisa",9.56964,44.03864,Mosques (Masaajidda),place_of_worship,Koodbuur,False,Moon,Masaajidda
wda_masjidka_al_imaan_ee_qaybta_806__806,Masjidka Al-Imaan ee Qaybta 806 (Airport Zone / Masalaha),"Neighborhood community mosque and Quranic learning hub in Airport Zone / Masalaha residential & commercial grid, Hargeisa",9.51559,44.08159,Mosques (Masaajidda),place_of_worship,Airport Zone / Masalaha,False,Moon,Masaajidda
wda_suuqa_khdaarta_iyo_ganacsiga_ee__807,Suuqa Khdaarta iyo Ganacsiga ee Qaybta 807 (Kilalka / Sheikh Nuur East),"Neighborhood open-air fresh market and commercial trade zone in Kilalka / Sheikh Nuur East residential & commercial grid, Hargeisa",9.56764,44.09114,Markets & Malls,mall,Kilalka / Sheikh Nuur East,False,ShoppingBag,Suuqyada & Xarumaha Ganacsiga
wda_xarunta_ganacsiga_supermarket_ee_808,Xarunta Ganacsiga & Supermarket ee Qaybta 808 (Goljano District),"Modern multi-store retail grocery and provisions shopping center in Goljano District residential & commercial grid, Hargeisa",9.55465,44.07815,Markets & Malls,mall,Goljano District,False,ShoppingBag,Suuqyada & Xarumaha Ganacsiga
wda_kaalinta_shidaalka_hass_national_809,Kaalinta Shidaalka Hass / National ee Qaybta 809 (Biyo Dhacay Area),"Service petrol station, diesel dispenser and tire service in Biyo Dhacay Area residential & commercial grid, Hargeisa",9.55241,44.07141,Fuel Stations (Kaalmaha Shidaalka),fuel,Biyo Dhacay Area,False,Fuel,Kaalmaha Shidaalka
wda_kaalinta_shidaalka_gaaska_ee_qay_810,Kaalinta Shidaalka & Gaaska ee Qaybta 810 (Xero Awr / Hero Awr),"Fuel station and LPG domestic gas distribution depot in Xero Awr / Hero Awr residential & commercial grid, Hargeisa",9.56235,44.04565,Fuel Stations (Kaalmaha Shidaalka),fuel,Xero Awr / Hero Awr,False,Fuel,Kaalmaha Shidaalka
wda_istaanka_gaadiidka_dadweynaha_ee_811,Istaanka Gaadiidka Dadweynaha ee Qaybta 811 (Downtown Waheen),"Minibus terminal and designated passenger pick-and-drop stop in Downtown Waheen residential & commercial grid, Hargeisa",9.56222,44.0724,Transport & Terminals,transit_station,Downtown Waheen,False,Navigation,Istaannada & Gaadiidka
wda_isgoyska_weyn_ee_gaadiidka_ee_qa_812,Isgoyska Weyn ee Gaadiidka ee Qaybta 812 (Jigjiga Yar),"Major road intersection and inter-district transit artery in Jigjiga Yar residential & commercial grid, Hargeisa",9.57828,44.0405,Transport & Terminals,transit_station,Jigjiga Yar,False,Navigation,Istaannada & Gaadiidka
wda_huteelka_nasashada_martida_ee_qa_813,Huteelka Nasashada & Martida ee Qaybta 813 (Ahmed Dhagax),"Comfortable guest lodging and family dining restaurant in Ahmed Dhagax residential & commercial grid, Hargeisa",9.55533,44.0566,Hotels & Hospitality,hotel,Ahmed Dhagax,False,Hotel,Huteellada & Maqaayadaha
wda_laanta_zaad_dahabshiil_ee_qaybta_814,Laanta ZAAD & Dahabshiil ee Qaybta 814 (150 Highway),"Banking kiosk, e-remittance and ZAAD cash-in center in 150 Highway residential & commercial grid, Hargeisa",9.58189,44.05971,Banks & Financial,bank,150 Highway,False,Landmark,Bangiyada & Xawaaladaha
wda_laanta_taaj_edahab_express_ee_qa_815,Laanta TAAJ & Edahab Express ee Qaybta 815 (Shaab / Institutional District),"Financial services, money transfer and remittance desk in Shaab / Institutional District residential & commercial grid, Hargeisa",9.55926,44.06314,Banks & Financial,bank,Shaab / Institutional District,False,Landmark,Bangiyada & Xawaaladaha
wda_xafiiska_adeegga_somtel_telesom__816,Xafiiska Adeegga Somtel & Telesom ee Qaybta 816 (Maxamed Mooge),"Telecommunications branch, SIM registration and fiber service hub in Maxamed Mooge residential & commercial grid, Hargeisa",9.51941,44.11007,Corporate & Utilities,corporate,Maxamed Mooge,False,Building2,Shirkadaha & Isgaadhsiinta
wda_xarunta_korontada_sompower_ee_qa_817,Xarunta Korontada Sompower ee Qaybta 817 (New Hargeisa),"District electrical distribution and bill payment center in New Hargeisa residential & commercial grid, Hargeisa",9.55435,44.10197,Corporate & Utilities,utility,New Hargeisa,False,Zap,Korontada & Biyaha
wda_xafiiska_waaxda_dowladda_hoose_e_818,Xafiiska Waaxda Dowladda Hoose ee Qaybta 818 (Daami),"Municipal sub-office and local civic administration center in Daami residential & commercial grid, Hargeisa",9.5753,44.08787,Government & Civic,government,Daami,False,Landmark,Hay'adaha Dowladda
wda_xaafada_deganaanshaha_ee_qaybta__819,Xaafada Deganaanshaha ee Qaybta 819 (Shiraaqle),"Quiet residential enclave and community living sector in Shiraaqle residential & commercial grid, Hargeisa",9.56333,44.1086,Xaafadaha (Districts),neighborhood,Shiraaqle,False,Home,Xaafadaha & Degmooyinka
wda_cusbitaalka_gurmadka_caafimaadka_820,Cusbitaalka Gurmadka Caafimaadka ee Qaybta 820 (Koodbuur),"Specialized neighborhood clinic & emergency health post in Koodbuur residential & commercial grid, Hargeisa",9.57431,44.04924,Hospitals & Healthcare,hospital,Koodbuur,False,HeartPulse,Cusbitaallada & Rugaha Caafimaadka
wda_rugta_daryeelka_hooyada_dhallaan_821,Rugta Daryeelka Hooyada & Dhallaanka ee Qaybta 821 (Airport Zone / Masalaha),"Maternal and child care dispensary center in Airport Zone / Masalaha residential & commercial grid, Hargeisa",9.52246,44.09717,Hospitals & Healthcare,hospital,Airport Zone / Masalaha,False,HeartPulse,Cusbitaallada & Rugaha Caafimaadka
wda_farmasiga_shacabka_caafimaadka_e_822,Farmasiga Shacabka & Caafimaadka ee Qaybta 822 (Kilalka / Sheikh Nuur East),"24/7 community pharmacy and dispensary outpost in Kilalka / Sheikh Nuur East residential & commercial grid, Hargeisa",9.57231,44.10174,Hospitals & Healthcare,hospital,Kilalka / Sheikh Nuur East,False,HeartPulse,Cusbitaallada & Rugaha Caafimaadka
wda_dugsiga_hoose_dhexe_ee_waxbarash_823,Dugsiga Hoose/Dhexe ee Waxbarashada Qaybta 823 (Goljano District),"Public primary & intermediate school campus in Goljano District residential & commercial grid, Hargeisa",9.55878,44.0875,Schools & Universities,school,Goljano District,False,GraduationCap,Dugsiyada & Waxbarashada
wda_akadeemiyada_casriga_ah_ee_qaybt_824,Akadeemiyada Casriga ah ee Qaybta 824 (Biyo Dhacay Area),"Modern high school and STEM educational institute in Biyo Dhacay Area residential & commercial grid, Hargeisa",9.55626,44.08014,Schools & Universities,school,Biyo Dhacay Area,False,GraduationCap,Dugsiyada & Waxbarashada
wda_machadka_tababarka_xirfadaha_ee__825,Machadka Tababarka Xirfadaha ee Qaybta 825 (Xero Awr / Hero Awr),"Vocational and technical training college center in Xero Awr / Hero Awr residential & commercial grid, Hargeisa",9.56648,44.055,Schools & Universities,university,Xero Awr / Hero Awr,False,GraduationCap,Jaamacadaha & Kuliyadaha
wda_masjidka_jaamaca_ee_qaybta_826_d_826,Masjidka Jaamaca ee Qaybta 826 (Downtown Waheen),"Congregational Friday mosque with community prayer hall in Downtown Waheen residential & commercial grid, Hargeisa",9.56478,44.06458,Mosques (Masaajidda),place_of_worship,Downtown Waheen,False,Moon,Masaajidda
wda_masjidka_al_imaan_ee_qaybta_827__827,Masjidka Al-Imaan ee Qaybta 827 (Jigjiga Yar),"Neighborhood community mosque and Quranic learning hub in Jigjiga Yar residential & commercial grid, Hargeisa",9.58148,44.03073,Mosques (Masaajidda),place_of_worship,Jigjiga Yar,False,Moon,Masaajidda
wda_suuqa_khdaarta_iyo_ganacsiga_ee__828,Suuqa Khdaarta iyo Ganacsiga ee Qaybta 828 (Ahmed Dhagax),"Neighborhood open-air fresh market and commercial trade zone in Ahmed Dhagax residential & commercial grid, Hargeisa",9.55918,44.04487,Markets & Malls,mall,Ahmed Dhagax,False,ShoppingBag,Suuqyada & Xarumaha Ganacsiga
wda_xarunta_ganacsiga_supermarket_ee_829,Xarunta Ganacsiga & Supermarket ee Qaybta 829 (150 Highway),"Modern multi-store retail grocery and provisions shopping center in 150 Highway residential & commercial grid, Hargeisa",9.58637,44.04602,Markets & Malls,mall,150 Highway,False,ShoppingBag,Suuqyada & Xarumaha Ganacsiga
wda_kaalinta_shidaalka_hass_national_830,Kaalinta Shidaalka Hass / National ee Qaybta 830 (Shaab / Institutional District),"Service petrol station, diesel dispenser and tire service in Shaab / Institutional District residential & commercial grid, Hargeisa",9.56225,44.05401,Fuel Stations (Kaalmaha Shidaalka),fuel,Shaab / Institutional District,False,Fuel,Kaalmaha Shidaalka
wda_kaalinta_shidaalka_gaaska_ee_qay_831,Kaalinta Shidaalka & Gaaska ee Qaybta 831 (Maxamed Mooge),"Fuel station and LPG domestic gas distribution depot in Maxamed Mooge residential & commercial grid, Hargeisa",9.52411,44.09573,Fuel Stations (Kaalmaha Shidaalka),fuel,Maxamed Mooge,False,Fuel,Kaalmaha Shidaalka
wda_istaanka_gaadiidka_dadweynaha_ee_832,Istaanka Gaadiidka Dadweynaha ee Qaybta 832 (New Hargeisa),"Minibus terminal and designated passenger pick-and-drop stop in New Hargeisa residential & commercial grid, Hargeisa",9.55841,44.08959,Transport & Terminals,transit_station,New Hargeisa,False,Navigation,Istaannada & Gaadiidka
wda_isgoyska_weyn_ee_gaadiidka_ee_qa_833,Isgoyska Weyn ee Gaadiidka ee Qaybta 833 (Daami),"Major road intersection and inter-district transit artery in Daami residential & commercial grid, Hargeisa",9.57871,44.07744,Transport & Terminals,transit_station,Daami,False,Navigation,Istaannada & Gaadiidka
wda_huteelka_nasashada_martida_ee_qa_834,Huteelka Nasashada & Martida ee Qaybta 834 (Shiraaqle),"Comfortable guest lodging and family dining restaurant in Shiraaqle residential & commercial grid, Hargeisa",9.56718,44.09687,Hotels & Hospitality,hotel,Shiraaqle,False,Hotel,Huteellada & Maqaayadaha
wda_laanta_zaad_dahabshiil_ee_qaybta_835,Laanta ZAAD & Dahabshiil ee Qaybta 835 (Koodbuur),"Banking kiosk, e-remittance and ZAAD cash-in center in Koodbuur residential & commercial grid, Hargeisa",9.57795,44.03816,Banks & Financial,bank,Koodbuur,False,Landmark,Bangiyada & Xawaaladaha
wda_laanta_taaj_edahab_express_ee_qa_836,Laanta TAAJ & Edahab Express ee Qaybta 836 (Airport Zone / Masalaha),"Financial services, money transfer and remittance desk in Airport Zone / Masalaha residential & commercial grid, Hargeisa",9.5278,44.08088,Banks & Financial,bank,Airport Zone / Masalaha,False,Landmark,Bangiyada & Xawaaladaha
wda_xafiiska_adeegga_somtel_telesom__837,Xafiiska Adeegga Somtel & Telesom ee Qaybta 837 (Kilalka / Sheikh Nuur East),"Telecommunications branch, SIM registration and fiber service hub in Kilalka / Sheikh Nuur East residential & commercial grid, Hargeisa",9.57595,44.09066,Corporate & Utilities,corporate,Kilalka / Sheikh Nuur East,False,Building2,Shirkadaha & Isgaadhsiinta
wda_xarunta_korontada_sompower_ee_qa_838,Xarunta Korontada Sompower ee Qaybta 838 (Goljano District),"District electrical distribution and bill payment center in Goljano District residential & commercial grid, Hargeisa",9.56198,44.07773,Corporate & Utilities,utility,Goljano District,False,Zap,Korontada & Biyaha
wda_xafiiska_waaxda_dowladda_hoose_e_839,Xafiiska Waaxda Dowladda Hoose ee Qaybta 839 (Biyo Dhacay Area),"Municipal sub-office and local civic administration center in Biyo Dhacay Area residential & commercial grid, Hargeisa",9.55925,44.07101,Government & Civic,government,Biyo Dhacay Area,False,Landmark,Hay'adaha Dowladda
wda_xaafada_deganaanshaha_ee_qaybta__840,Xaafada Deganaanshaha ee Qaybta 840 (Xero Awr / Hero Awr),"Quiet residential enclave and community living sector in Xero Awr / Hero Awr residential & commercial grid, Hargeisa",9.56968,44.04523,Xaafadaha (Districts),neighborhood,Xero Awr / Hero Awr,False,Home,Xaafadaha & Degmooyinka
wda_cusbitaalka_gurmadka_caafimaadka_841,Cusbitaalka Gurmadka Caafimaadka ee Qaybta 841 (Downtown Waheen),"Specialized neighborhood clinic & emergency health post in Downtown Waheen residential & commercial grid, Hargeisa",9.55765,44.06862,Hospitals & Healthcare,hospital,Downtown Waheen,False,HeartPulse,Cusbitaallada & Rugaha Caafimaadka
wda_rugta_daryeelka_hooyada_dhallaan_842,Rugta Daryeelka Hooyada & Dhallaanka ee Qaybta 842 (Jigjiga Yar),"Maternal and child care dispensary center in Jigjiga Yar residential & commercial grid, Hargeisa",9.57256,44.03577,Hospitals & Healthcare,hospital,Jigjiga Yar,False,HeartPulse,Cusbitaallada & Rugaha Caafimaadka
wda_farmasiga_shacabka_caafimaadka_e_843,Farmasiga Shacabka & Caafimaadka ee Qaybta 843 (Ahmed Dhagax),"24/7 community pharmacy and dispensary outpost in Ahmed Dhagax residential & commercial grid, Hargeisa",9.54847,44.05092,Hospitals & Healthcare,hospital,Ahmed Dhagax,False,HeartPulse,Cusbitaallada & Rugaha Caafimaadka
wda_dugsiga_hoose_dhexe_ee_waxbarash_844,Dugsiga Hoose/Dhexe ee Waxbarashada Qaybta 844 (150 Highway),"Public primary & intermediate school campus in 150 Highway residential & commercial grid, Hargeisa",9.57388,44.05308,Schools & Universities,school,150 Highway,False,GraduationCap,Dugsiyada & Waxbarashada
wda_akadeemiyada_casriga_ah_ee_qaybt_845,Akadeemiyada Casriga ah ee Qaybta 845 (Shaab / Institutional District),"Modern high school and STEM educational institute in Shaab / Institutional District residential & commercial grid, Hargeisa",9.55392,44.05872,Schools & Universities,school,Shaab / Institutional District,False,GraduationCap,Dugsiyada & Waxbarashada
wda_machadka_tababarka_xirfadaha_ee__846,Machadka Tababarka Xirfadaha ee Qaybta 846 (Maxamed Mooge),"Vocational and technical training college center in Maxamed Mooge residential & commercial grid, Hargeisa",9.51102,44.10313,Schools & Universities,university,Maxamed Mooge,False,GraduationCap,Jaamacadaha & Kuliyadaha
wda_masjidka_jaamaca_ee_qaybta_847_n_847,Masjidka Jaamaca ee Qaybta 847 (New Hargeisa),"Congregational Friday mosque with community prayer hall in New Hargeisa residential & commercial grid, Hargeisa",9.54711,44.09598,Mosques (Masaajidda),place_of_worship,New Hargeisa,False,Moon,Masaajidda
wda_masjidka_al_imaan_ee_qaybta_848__848,Masjidka Al-Imaan ee Qaybta 848 (Daami),"Neighborhood community mosque and Quranic learning hub in Daami residential & commercial grid, Hargeisa",9.56919,44.08282,Mosques (Masaajidda),place_of_worship,Daami,False,Moon,Masaajidda
wda_suuqa_khdaarta_iyo_ganacsiga_ee__849,Suuqa Khdaarta iyo Ganacsiga ee Qaybta 849 (Shiraaqle),"Neighborhood open-air fresh market and commercial trade zone in Shiraaqle residential & commercial grid, Hargeisa",9.55647,44.10292,Markets & Malls,mall,Shiraaqle,False,ShoppingBag,Suuqyada & Xarumaha Ganacsiga
wda_xarunta_ganacsiga_supermarket_ee_850,Xarunta Ganacsiga & Supermarket ee Qaybta 850 (Koodbuur),"Modern multi-store retail grocery and provisions shopping center in Koodbuur residential & commercial grid, Hargeisa",9.56783,44.04387,Markets & Malls,mall,Koodbuur,False,ShoppingBag,Suuqyada & Xarumaha Ganacsiga
wda_kaalinta_shidaalka_hass_national_851,Kaalinta Shidaalka Hass / National ee Qaybta 851 (Airport Zone / Masalaha),"Service petrol station, diesel dispenser and tire service in Airport Zone / Masalaha residential & commercial grid, Hargeisa",9.51293,44.08928,Fuel Stations (Kaalmaha Shidaalka),fuel,Airport Zone / Masalaha,False,Fuel,Kaalmaha Shidaalka
wda_kaalinta_shidaalka_gaaska_ee_qay_852,Kaalinta Shidaalka & Gaaska ee Qaybta 852 (Kilalka / Sheikh Nuur East),"Fuel station and LPG domestic gas distribution depot in Kilalka / Sheikh Nuur East residential & commercial grid, Hargeisa",9.56583,44.09637,Fuel Stations (Kaalmaha Shidaalka),fuel,Kilalka / Sheikh Nuur East,False,Fuel,Kaalmaha Shidaalka
wda_istaanka_gaadiidka_dadweynaha_ee_853,Istaanka Gaadiidka Dadweynaha ee Qaybta 853 (Goljano District),"Minibus terminal and designated passenger pick-and-drop stop in Goljano District residential & commercial grid, Hargeisa",9.55306,44.08277,Transport & Terminals,transit_station,Goljano District,False,Navigation,Istaannada & Gaadiidka
wda_isgoyska_weyn_ee_gaadiidka_ee_qa_854,Isgoyska Weyn ee Gaadiidka ee Qaybta 854 (Biyo Dhacay Area),"Major road intersection and inter-district transit artery in Biyo Dhacay Area residential & commercial grid, Hargeisa",9.55092,44.07572,Transport & Terminals,transit_station,Biyo Dhacay Area,False,Navigation,Istaannada & Gaadiidka
wda_huteelka_nasashada_martida_ee_qa_855,Huteelka Nasashada & Martida ee Qaybta 855 (Xero Awr / Hero Awr),"Comfortable guest lodging and family dining restaurant in Xero Awr / Hero Awr residential & commercial grid, Hargeisa",9.56076,44.05027,Hotels & Hospitality,hotel,Xero Awr / Hero Awr,False,Hotel,Huteellada & Maqaayadaha
wda_laanta_zaad_dahabshiil_ee_qaybta_856,Laanta ZAAD & Dahabshiil ee Qaybta 856 (Downtown Waheen),"Banking kiosk, e-remittance and ZAAD cash-in center in Downtown Waheen residential & commercial grid, Hargeisa",9.56564,44.07054,Banks & Financial,bank,Downtown Waheen,False,Landmark,Bangiyada & Xawaaladaha
wda_laanta_taaj_edahab_express_ee_qa_857,Laanta TAAJ & Edahab Express ee Qaybta 857 (Jigjiga Yar),"Financial services, money transfer and remittance desk in Jigjiga Yar residential & commercial grid, Hargeisa",9.58255,44.03818,Banks & Financial,bank,Jigjiga Yar,False,Landmark,Bangiyada & Xawaaladaha
wda_xafiiska_adeegga_somtel_telesom__858,Xafiiska Adeegga Somtel & Telesom ee Qaybta 858 (Ahmed Dhagax),"Telecommunications branch, SIM registration and fiber service hub in Ahmed Dhagax residential & commercial grid, Hargeisa",9.56046,44.05381,Corporate & Utilities,corporate,Ahmed Dhagax,False,Building2,Shirkadaha & Isgaadhsiinta
wda_xarunta_korontada_sompower_ee_qa_859,Xarunta Korontada Sompower ee Qaybta 859 (150 Highway),"District electrical distribution and bill payment center in 150 Highway residential & commercial grid, Hargeisa",9.58787,44.05645,Corporate & Utilities,utility,150 Highway,False,Zap,Korontada & Biyaha
wda_xafiiska_waaxda_dowladda_hoose_e_860,Xafiiska Waaxda Dowladda Hoose ee Qaybta 860 (Shaab / Institutional District),"Municipal sub-office and local civic administration center in Shaab / Institutional District residential & commercial grid, Hargeisa",9.56325,44.06097,Government & Civic,government,Shaab / Institutional District,False,Landmark,Hay'adaha Dowladda
wda_xaafada_deganaanshaha_ee_qaybta__861,Xaafada Deganaanshaha ee Qaybta 861 (Maxamed Mooge),"Quiet residential enclave and community living sector in Maxamed Mooge residential & commercial grid, Hargeisa",9.52568,44.10666,Xaafadaha (Districts),neighborhood,Maxamed Mooge,False,Home,Xaafadaha & Degmooyinka
wda_cusbitaalka_gurmadka_caafimaadka_862,Cusbitaalka Gurmadka Caafimaadka ee Qaybta 862 (New Hargeisa),"Specialized neighborhood clinic & emergency health post in New Hargeisa residential & commercial grid, Hargeisa",9.55977,44.09903,Hospitals & Healthcare,hospital,New Hargeisa,False,HeartPulse,Cusbitaallada & Rugaha Caafimaadka
wda_rugta_daryeelka_hooyada_dhallaan_863,Rugta Daryeelka Hooyada & Dhallaanka ee Qaybta 863 (Daami),"Maternal and child care dispensary center in Daami residential & commercial grid, Hargeisa",9.57985,44.08539,Hospitals & Healthcare,hospital,Daami,False,HeartPulse,Cusbitaallada & Rugaha Caafimaadka
wda_farmasiga_shacabka_caafimaadka_e_864,Farmasiga Shacabka & Caafimaadka ee Qaybta 864 (Shiraaqle),"24/7 community pharmacy and dispensary outpost in Shiraaqle residential & commercial grid, Hargeisa",9.56846,44.10581,Hospitals & Healthcare,hospital,Shiraaqle,False,HeartPulse,Cusbitaallada & Rugaha Caafimaadka
wda_dugsiga_hoose_dhexe_ee_waxbarash_865,Dugsiga Hoose/Dhexe ee Waxbarashada Qaybta 865 (Koodbuur),"Public primary & intermediate school campus in Koodbuur residential & commercial grid, Hargeisa",9.57916,44.0466,Schools & Universities,school,Koodbuur,False,GraduationCap,Dugsiyada & Waxbarashada
wda_akadeemiyada_casriga_ah_ee_qaybt_866,Akadeemiyada Casriga ah ee Qaybta 866 (Airport Zone / Masalaha),"Modern high school and STEM educational institute in Airport Zone / Masalaha residential & commercial grid, Hargeisa",9.52959,44.0933,Schools & Universities,school,Airport Zone / Masalaha,False,GraduationCap,Dugsiyada & Waxbarashada
wda_machadka_tababarka_xirfadaha_ee__867,Machadka Tababarka Xirfadaha ee Qaybta 867 (Kilalka / Sheikh Nuur East),"Vocational and technical training college center in Kilalka / Sheikh Nuur East residential & commercial grid, Hargeisa",9.57716,44.0991,Schools & Universities,university,Kilalka / Sheikh Nuur East,False,GraduationCap,Jaamacadaha & Kuliyadaha
wda_masjidka_jaamaca_ee_qaybta_868_g_868,Masjidka Jaamaca ee Qaybta 868 (Goljano District),"Congregational Friday mosque with community prayer hall in Goljano District residential & commercial grid, Hargeisa",9.56305,44.08518,Mosques (Masaajidda),place_of_worship,Goljano District,False,Moon,Masaajidda
wda_masjidka_al_imaan_ee_qaybta_869__869,Masjidka Al-Imaan ee Qaybta 869 (Biyo Dhacay Area),"Neighborhood community mosque and Quranic learning hub in Biyo Dhacay Area residential & commercial grid, Hargeisa",9.56025,44.07797,Mosques (Masaajidda),place_of_worship,Biyo Dhacay Area,False,Moon,Masaajidda
wda_suuqa_khdaarta_iyo_ganacsiga_ee__870,Suuqa Khdaarta iyo Ganacsiga ee Qaybta 870 (Xero Awr / Hero Awr),"Neighborhood open-air fresh market and commercial trade zone in Xero Awr / Hero Awr residential & commercial grid, Hargeisa",9.57075,44.05268,Markets & Malls,mall,Xero Awr / Hero Awr,False,ShoppingBag,Suuqyada & Xarumaha Ganacsiga
wda_xarunta_ganacsiga_supermarket_ee_871,Xarunta Ganacsiga & Supermarket ee Qaybta 871 (Downtown Waheen),"Modern multi-store retail grocery and provisions shopping center in Downtown Waheen residential & commercial grid, Hargeisa",9.561,44.06361,Markets & Malls,mall,Downtown Waheen,False,ShoppingBag,Suuqyada & Xarumaha Ganacsiga
wda_kaalinta_shidaalka_hass_national_872,Kaalinta Shidaalka Hass / National ee Qaybta 872 (Jigjiga Yar),"Service petrol station, diesel dispenser and tire service in Jigjiga Yar residential & commercial grid, Hargeisa",9.57675,44.02951,Fuel Stations (Kaalmaha Shidaalka),fuel,Jigjiga Yar,False,Fuel,Kaalmaha Shidaalka
wda_kaalinta_shidaalka_gaaska_ee_qay_873,Kaalinta Shidaalka & Gaaska ee Qaybta 873 (Ahmed Dhagax),"Fuel station and LPG domestic gas distribution depot in Ahmed Dhagax residential & commercial grid, Hargeisa",9.5535,44.04341,Fuel Stations (Kaalmaha Shidaalka),fuel,Ahmed Dhagax,False,Fuel,Kaalmaha Shidaalka
wda_istaanka_gaadiidka_dadweynaha_ee_874,Istaanka Gaadiidka Dadweynaha ee Qaybta 874 (150 Highway),"Minibus terminal and designated passenger pick-and-drop stop in 150 Highway residential & commercial grid, Hargeisa",9.57976,44.04431,Transport & Terminals,transit_station,150 Highway,False,Navigation,Istaannada & Gaadiidka
wda_isgoyska_weyn_ee_gaadiidka_ee_qa_875,Isgoyska Weyn ee Gaadiidka ee Qaybta 875 (Shaab / Institutional District),"Major road intersection and inter-district transit artery in Shaab / Institutional District residential & commercial grid, Hargeisa",9.55784,44.05288,Transport & Terminals,transit_station,Shaab / Institutional District,False,Navigation,Istaannada & Gaadiidka
wda_huteelka_nasashada_martida_ee_qa_876,Huteelka Nasashada & Martida ee Qaybta 876 (Maxamed Mooge),"Comfortable guest lodging and family dining restaurant in Maxamed Mooge residential & commercial grid, Hargeisa",9.51717,44.09395,Hotels & Hospitality,hotel,Maxamed Mooge,False,Hotel,Huteellada & Maqaayadaha
wda_laanta_zaad_dahabshiil_ee_qaybta_877,Laanta ZAAD & Dahabshiil ee Qaybta 877 (New Hargeisa),"Banking kiosk, e-remittance and ZAAD cash-in center in New Hargeisa residential & commercial grid, Hargeisa",9.55242,44.08804,Banks & Financial,bank,New Hargeisa,False,Landmark,Bangiyada & Xawaaladaha
wda_laanta_taaj_edahab_express_ee_qa_878,Laanta TAAJ & Edahab Express ee Qaybta 878 (Daami),"Financial services, money transfer and remittance desk in Daami residential & commercial grid, Hargeisa",9.57367,44.07614,Banks & Financial,bank,Daami,False,Landmark,Bangiyada & Xawaaladaha
wda_xafiiska_adeegga_somtel_telesom__879,Xafiiska Adeegga Somtel & Telesom ee Qaybta 879 (Shiraaqle),"Telecommunications branch, SIM registration and fiber service hub in Shiraaqle residential & commercial grid, Hargeisa",9.5615,44.09541,Corporate & Utilities,corporate,Shiraaqle,False,Building2,Shirkadaha & Isgaadhsiinta
wda_xarunta_korontada_sompower_ee_qa_880,Xarunta Korontada Sompower ee Qaybta 880 (Koodbuur),"District electrical distribution and bill payment center in Koodbuur residential & commercial grid, Hargeisa",9.57259,44.03678,Corporate & Utilities,utility,Koodbuur,False,Zap,Korontada & Biyaha
wda_xafiiska_waaxda_dowladda_hoose_e_881,Xafiiska Waaxda Dowladda Hoose ee Qaybta 881 (Airport Zone / Masalaha),"Municipal sub-office and local civic administration center in Airport Zone / Masalaha residential & commercial grid, Hargeisa",9.51992,44.07885,Government & Civic,government,Airport Zone / Masalaha,False,Landmark,Hay'adaha Dowladda
wda_xaafada_deganaanshaha_ee_qaybta__882,Xaafada Deganaanshaha ee Qaybta 882 (Kilalka / Sheikh Nuur East),"Quiet residential enclave and community living sector in Kilalka / Sheikh Nuur East residential & commercial grid, Hargeisa",9.57059,44.08928,Xaafadaha (Districts),neighborhood,Kilalka / Sheikh Nuur East,False,Home,Xaafadaha & Degmooyinka
wda_cusbitaalka_gurmadka_caafimaadka_883,Cusbitaalka Gurmadka Caafimaadka ee Qaybta 883 (Goljano District),"Specialized neighborhood clinic & emergency health post in Goljano District residential & commercial grid, Hargeisa",9.55725,44.07651,Hospitals & Healthcare,hospital,Goljano District,False,HeartPulse,Cusbitaallada & Rugaha Caafimaadka
wda_rugta_daryeelka_hooyada_dhallaan_884,Rugta Daryeelka Hooyada & Dhallaanka ee Qaybta 884 (Biyo Dhacay Area),"Maternal and child care dispensary center in Biyo Dhacay Area residential & commercial grid, Hargeisa",9.55484,44.06988,Hospitals & Healthcare,hospital,Biyo Dhacay Area,False,HeartPulse,Cusbitaallada & Rugaha Caafimaadka
wda_farmasiga_shacabka_caafimaadka_e_885,Farmasiga Shacabka & Caafimaadka ee Qaybta 885 (Xero Awr / Hero Awr),"24/7 community pharmacy and dispensary outpost in Xero Awr / Hero Awr residential & commercial grid, Hargeisa",9.56495,44.04401,Hospitals & Healthcare,hospital,Xero Awr / Hero Awr,False,HeartPulse,Cusbitaallada & Rugaha Caafimaadka
wda_dugsiga_hoose_dhexe_ee_waxbarash_886,Dugsiga Hoose/Dhexe ee Waxbarashada Qaybta 886 (Downtown Waheen),"Public primary & intermediate school campus in Downtown Waheen residential & commercial grid, Hargeisa",9.5598,44.07194,Schools & Universities,school,Downtown Waheen,False,GraduationCap,Dugsiyada & Waxbarashada
wda_akadeemiyada_casriga_ah_ee_qaybt_887,Akadeemiyada Casriga ah ee Qaybta 887 (Jigjiga Yar),"Modern high school and STEM educational institute in Jigjiga Yar residential & commercial grid, Hargeisa",9.57525,44.03993,Schools & Universities,school,Jigjiga Yar,False,GraduationCap,Dugsiyada & Waxbarashada
wda_machadka_tababarka_xirfadaha_ee__888,Machadka Tababarka Xirfadaha ee Qaybta 888 (Ahmed Dhagax),"Vocational and technical training college center in Ahmed Dhagax residential & commercial grid, Hargeisa",9.5517,44.05591,Schools & Universities,university,Ahmed Dhagax,False,GraduationCap,Jaamacadaha & Kuliyadaha
wda_masjidka_jaamaca_ee_qaybta_889_1_889,Masjidka Jaamaca ee Qaybta 889 (150 Highway),"Congregational Friday mosque with community prayer hall in 150 Highway residential & commercial grid, Hargeisa",9.57765,44.0589,Mosques (Masaajidda),place_of_worship,150 Highway,False,Moon,Masaajidda
wda_masjidka_al_imaan_ee_qaybta_890__890,Masjidka Al-Imaan ee Qaybta 890 (Shaab / Institutional District),"Neighborhood community mosque and Quranic learning hub in Shaab / Institutional District residential & commercial grid, Hargeisa",9.55643,44.0626,Mosques (Masaajidda),place_of_worship,Shaab / Institutional District,False,Moon,Masaajidda
wda_suuqa_khdaarta_iyo_ganacsiga_ee__891,Suuqa Khdaarta iyo Ganacsiga ee Qaybta 891 (Maxamed Mooge),"Neighborhood open-air fresh market and commercial trade zone in Maxamed Mooge residential & commercial grid, Hargeisa",9.51496,44.10923,Markets & Malls,mall,Maxamed Mooge,False,ShoppingBag,Suuqyada & Xarumaha Ganacsiga
wda_xarunta_ganacsiga_supermarket_ee_892,Xarunta Ganacsiga & Supermarket ee Qaybta 892 (New Hargeisa),"Modern multi-store retail grocery and provisions shopping center in New Hargeisa residential & commercial grid, Hargeisa",9.55051,44.10124,Markets & Malls,mall,New Hargeisa,False,ShoppingBag,Suuqyada & Xarumaha Ganacsiga
wda_kaalinta_shidaalka_hass_national_893,Kaalinta Shidaalka Hass / National ee Qaybta 893 (Daami),"Service petrol station, diesel dispenser and tire service in Daami residential & commercial grid, Hargeisa",9.57206,44.08726,Fuel Stations (Kaalmaha Shidaalka),fuel,Daami,False,Fuel,Kaalmaha Shidaalka
wda_kaalinta_shidaalka_gaaska_ee_qay_894,Kaalinta Shidaalka & Gaaska ee Qaybta 894 (Shiraaqle),"Fuel station and LPG domestic gas distribution depot in Shiraaqle residential & commercial grid, Hargeisa",9.5597,44.10791,Fuel Stations (Kaalmaha Shidaalka),fuel,Shiraaqle,False,Fuel,Kaalmaha Shidaalka
wda_istaanka_gaadiidka_dadweynaha_ee_895,Istaanka Gaadiidka Dadweynaha ee Qaybta 895 (Koodbuur),"Minibus terminal and designated passenger pick-and-drop stop in Koodbuur residential & commercial grid, Hargeisa",9.57088,44.04859,Transport & Terminals,transit_station,Koodbuur,False,Navigation,Istaannada & Gaadiidka
wda_isgoyska_weyn_ee_gaadiidka_ee_qa_896,Isgoyska Weyn ee Gaadiidka ee Qaybta 896 (Airport Zone / Masalaha),"Major road intersection and inter-district transit artery in Airport Zone / Masalaha residential & commercial grid, Hargeisa",9.51741,44.09621,Transport & Terminals,transit_station,Airport Zone / Masalaha,False,Navigation,Istaannada & Gaadiidka
wda_huteelka_nasashada_martida_ee_qa_897,Huteelka Nasashada & Martida ee Qaybta 897 (Kilalka / Sheikh Nuur East),"Comfortable guest lodging and family dining restaurant in Kilalka / Sheikh Nuur East residential & commercial grid, Hargeisa",9.56888,44.10109,Hotels & Hospitality,hotel,Kilalka / Sheikh Nuur East,False,Hotel,Huteellada & Maqaayadaha
wda_laanta_zaad_dahabshiil_ee_qaybta_898,Laanta ZAAD & Dahabshiil ee Qaybta 898 (Goljano District),"Banking kiosk, e-remittance and ZAAD cash-in center in Goljano District residential & commercial grid, Hargeisa",9.55575,44.08693,Banks & Financial,bank,Goljano District,False,Landmark,Bangiyada & Xawaaladaha
wda_laanta_taaj_edahab_express_ee_qa_899,Laanta TAAJ & Edahab Express ee Qaybta 899 (Biyo Dhacay Area),"Financial services, money transfer and remittance desk in Biyo Dhacay Area residential & commercial grid, Hargeisa",9.55343,44.0796,Banks & Financial,bank,Biyo Dhacay Area,False,Landmark,Bangiyada & Xawaaladaha
wda_xafiiska_adeegga_somtel_telesom__900,Xafiiska Adeegga Somtel & Telesom ee Qaybta 900 (Xero Awr / Hero Awr),"Telecommunications branch, SIM registration and fiber service hub in Xero Awr / Hero Awr residential & commercial grid, Hargeisa",9.56345,44.05443,Corporate & Utilities,corporate,Xero Awr / Hero Awr,False,Building2,Shirkadaha & Isgaadhsiinta
wda_xarunta_korontada_sompower_ee_qa_901,Xarunta Korontada Sompower ee Qaybta 901 (Downtown Waheen),"District electrical distribution and bill payment center in Downtown Waheen residential & commercial grid, Hargeisa",9.56627,44.06659,Corporate & Utilities,utility,Downtown Waheen,False,Zap,Korontada & Biyaha
wda_xafiiska_waaxda_dowladda_hoose_e_902,Xafiiska Waaxda Dowladda Hoose ee Qaybta 902 (Jigjiga Yar),"Municipal sub-office and local civic administration center in Jigjiga Yar residential & commercial grid, Hargeisa",9.58334,44.03324,Government & Civic,government,Jigjiga Yar,False,Landmark,Hay'adaha Dowladda
wda_xaafada_deganaanshaha_ee_qaybta__903,Xaafada Deganaanshaha ee Qaybta 903 (Ahmed Dhagax),"Quiet residential enclave and community living sector in Ahmed Dhagax residential & commercial grid, Hargeisa",9.56141,44.04789,Xaafadaha (Districts),neighborhood,Ahmed Dhagax,False,Home,Xaafadaha & Degmooyinka
wda_cusbitaalka_gurmadka_caafimaadka_904,Cusbitaalka Gurmadka Caafimaadka ee Qaybta 904 (150 Highway),"Specialized neighborhood clinic & emergency health post in 150 Highway residential & commercial grid, Hargeisa",9.58898,44.04954,Hospitals & Healthcare,hospital,150 Highway,False,HeartPulse,Cusbitaallada & Rugaha Caafimaadka
wda_rugta_daryeelka_hooyada_dhallaan_905,Rugta Daryeelka Hooyada & Dhallaanka ee Qaybta 905 (Shaab / Institutional District),"Maternal and child care dispensary center in Shaab / Institutional District residential & commercial grid, Hargeisa",9.56399,44.05636,Hospitals & Healthcare,hospital,Shaab / Institutional District,False,HeartPulse,Cusbitaallada & Rugaha Caafimaadka
wda_farmasiga_shacabka_caafimaadka_e_906,Farmasiga Shacabka & Caafimaadka ee Qaybta 906 (Maxamed Mooge),"24/7 community pharmacy and dispensary outpost in Maxamed Mooge residential & commercial grid, Hargeisa",9.52683,44.09942,Hospitals & Healthcare,hospital,Maxamed Mooge,False,HeartPulse,Cusbitaallada & Rugaha Caafimaadka
wda_dugsiga_hoose_dhexe_ee_waxbarash_907,Dugsiga Hoose/Dhexe ee Waxbarashada Qaybta 907 (New Hargeisa),"Public primary & intermediate school campus in New Hargeisa residential & commercial grid, Hargeisa",9.56077,44.09277,Schools & Universities,school,New Hargeisa,False,GraduationCap,Dugsiyada & Waxbarashada
wda_akadeemiyada_casriga_ah_ee_qaybt_908,Akadeemiyada Casriga ah ee Qaybta 908 (Daami),"Modern high school and STEM educational institute in Daami residential & commercial grid, Hargeisa",9.5807,44.08013,Schools & Universities,school,Daami,False,GraduationCap,Dugsiyada & Waxbarashada
wda_machadka_tababarka_xirfadaha_ee__909,Machadka Tababarka Xirfadaha ee Qaybta 909 (Shiraaqle),"Vocational and technical training college center in Shiraaqle residential & commercial grid, Hargeisa",9.56941,44.09989,Schools & Universities,university,Shiraaqle,False,GraduationCap,Jaamacadaha & Kuliyadaha
wda_masjidka_jaamaca_ee_qaybta_910_k_910,Masjidka Jaamaca ee Qaybta 910 (Koodbuur),"Congregational Friday mosque with community prayer hall in Koodbuur residential & commercial grid, Hargeisa",9.58005,44.04101,Mosques (Masaajidda),place_of_worship,Koodbuur,False,Moon,Masaajidda
wda_masjidka_al_imaan_ee_qaybta_911__911,Masjidka Al-Imaan ee Qaybta 911 (Airport Zone / Masalaha),"Neighborhood community mosque and Quranic learning hub in Airport Zone / Masalaha residential & commercial grid, Hargeisa",9.5309,44.08507,Mosques (Masaajidda),place_of_worship,Airport Zone / Masalaha,False,Moon,Masaajidda
wda_suuqa_khdaarta_iyo_ganacsiga_ee__912,Suuqa Khdaarta iyo Ganacsiga ee Qaybta 912 (Kilalka / Sheikh Nuur East),"Neighborhood open-air fresh market and commercial trade zone in Kilalka / Sheikh Nuur East residential & commercial grid, Hargeisa",9.57805,44.09351,Markets & Malls,mall,Kilalka / Sheikh Nuur East,False,ShoppingBag,Suuqyada & Xarumaha Ganacsiga
wda_xarunta_ganacsiga_supermarket_ee_913,Xarunta Ganacsiga & Supermarket ee Qaybta 913 (Goljano District),"Modern multi-store retail grocery and provisions shopping center in Goljano District residential & commercial grid, Hargeisa",9.56384,44.08024,Markets & Malls,mall,Goljano District,False,ShoppingBag,Suuqyada & Xarumaha Ganacsiga
wda_kaalinta_shidaalka_hass_national_914,Kaalinta Shidaalka Hass / National ee Qaybta 914 (Biyo Dhacay Area),"Service petrol station, diesel dispenser and tire service in Biyo Dhacay Area residential & commercial grid, Hargeisa",9.56099,44.07336,Fuel Stations (Kaalmaha Shidaalka),fuel,Biyo Dhacay Area,False,Fuel,Kaalmaha Shidaalka
wda_kaalinta_shidaalka_gaaska_ee_qay_915,Kaalinta Shidaalka & Gaaska ee Qaybta 915 (Xero Awr / Hero Awr),"Fuel station and LPG domestic gas distribution depot in Xero Awr / Hero Awr residential & commercial grid, Hargeisa",9.57154,44.04774,Fuel Stations (Kaalmaha Shidaalka),fuel,Xero Awr / Hero Awr,False,Fuel,Kaalmaha Shidaalka
wda_istaanka_gaadiidka_dadweynaha_ee_916,Istaanka Gaadiidka Dadweynaha ee Qaybta 916 (Downtown Waheen),"Minibus terminal and designated passenger pick-and-drop stop in Downtown Waheen residential & commercial grid, Hargeisa",9.55789,44.0661,Transport & Terminals,transit_station,Downtown Waheen,False,Navigation,Istaannada & Gaadiidka
wda_isgoyska_weyn_ee_gaadiidka_ee_qa_917,Isgoyska Weyn ee Gaadiidka ee Qaybta 917 (Jigjiga Yar),"Major road intersection and inter-district transit artery in Jigjiga Yar residential & commercial grid, Hargeisa",9.57286,44.03262,Transport & Terminals,transit_station,Jigjiga Yar,False,Navigation,Istaannada & Gaadiidka
wda_huteelka_nasashada_martida_ee_qa_918,Huteelka Nasashada & Martida ee Qaybta 918 (Ahmed Dhagax),"Comfortable guest lodging and family dining restaurant in Ahmed Dhagax residential & commercial grid, Hargeisa",9.54884,44.04715,Hotels & Hospitality,hotel,Ahmed Dhagax,False,Hotel,Huteellada & Maqaayadaha
wda_laanta_zaad_dahabshiil_ee_qaybta_919,Laanta ZAAD & Dahabshiil ee Qaybta 919 (150 Highway),"Banking kiosk, e-remittance and ZAAD cash-in center in 150 Highway residential & commercial grid, Hargeisa",9.57431,44.04867,Banks & Financial,bank,150 Highway,False,Landmark,Bangiyada & Xawaaladaha
wda_laanta_taaj_edahab_express_ee_qa_920,Laanta TAAJ & Edahab Express ee Qaybta 920 (Shaab / Institutional District),"Financial services, money transfer and remittance desk in Shaab / Institutional District residential & commercial grid, Hargeisa",9.55421,44.05578,Banks & Financial,bank,Shaab / Institutional District,False,Landmark,Bangiyada & Xawaaladaha
wda_xafiiska_adeegga_somtel_telesom__921,Xafiiska Adeegga Somtel & Telesom ee Qaybta 921 (Maxamed Mooge),"Telecommunications branch, SIM registration and fiber service hub in Maxamed Mooge residential & commercial grid, Hargeisa",9.51147,44.09852,Corporate & Utilities,corporate,Maxamed Mooge,False,Building2,Shirkadaha & Isgaadhsiinta
wda_xarunta_korontada_sompower_ee_qa_922,Xarunta Korontada Sompower ee Qaybta 922 (New Hargeisa),"District electrical distribution and bill payment center in New Hargeisa residential & commercial grid, Hargeisa",9.54749,44.09199,Corporate & Utilities,utility,New Hargeisa,False,Zap,Korontada & Biyaha
wda_xafiiska_waaxda_dowladda_hoose_e_923,Xafiiska Waaxda Dowladda Hoose ee Qaybta 923 (Daami),"Municipal sub-office and local civic administration center in Daami residential & commercial grid, Hargeisa",9.56952,44.07947,Government & Civic,government,Daami,False,Landmark,Hay'adaha Dowladda
wda_xaafada_deganaanshaha_ee_qaybta__924,Xaafada Deganaanshaha ee Qaybta 924 (Shiraaqle),"Quiet residential enclave and community living sector in Shiraaqle residential & commercial grid, Hargeisa",9.55684,44.09915,Xaafadaha (Districts),neighborhood,Shiraaqle,False,Home,Xaafadaha & Degmooyinka
wda_cusbitaalka_gurmadka_caafimaadka_925,Cusbitaalka Gurmadka Caafimaadka ee Qaybta 925 (Koodbuur),"Specialized neighborhood clinic & emergency health post in Koodbuur residential & commercial grid, Hargeisa",9.56818,44.04031,Hospitals & Healthcare,hospital,Koodbuur,False,HeartPulse,Cusbitaallada & Rugaha Caafimaadka
wda_rugta_daryeelka_hooyada_dhallaan_926,Rugta Daryeelka Hooyada & Dhallaanka ee Qaybta 926 (Airport Zone / Masalaha),"Maternal and child care dispensary center in Airport Zone / Masalaha residential & commercial grid, Hargeisa",9.51344,44.08404,Hospitals & Healthcare,hospital,Airport Zone / Masalaha,False,HeartPulse,Cusbitaallada & Rugaha Caafimaadka
wda_farmasiga_shacabka_caafimaadka_e_927,Farmasiga Shacabka & Caafimaadka ee Qaybta 927 (Kilalka / Sheikh Nuur East),"24/7 community pharmacy and dispensary outpost in Kilalka / Sheikh Nuur East residential & commercial grid, Hargeisa",9.56618,44.09281,Hospitals & Healthcare,hospital,Kilalka / Sheikh Nuur East,False,HeartPulse,Cusbitaallada & Rugaha Caafimaadka
wda_dugsiga_hoose_dhexe_ee_waxbarash_928,Dugsiga Hoose/Dhexe ee Waxbarashada Qaybta 928 (Goljano District),"Public primary & intermediate school campus in Goljano District residential & commercial grid, Hargeisa",9.55336,44.07962,Schools & Universities,school,Goljano District,False,GraduationCap,Dugsiyada & Waxbarashada
wda_akadeemiyada_casriga_ah_ee_qaybt_929,Akadeemiyada Casriga ah ee Qaybta 929 (Biyo Dhacay Area),"Modern high school and STEM educational institute in Biyo Dhacay Area residential & commercial grid, Hargeisa",9.55121,44.07278,Schools & Universities,school,Biyo Dhacay Area,False,GraduationCap,Dugsiyada & Waxbarashada
wda_machadka_tababarka_xirfadaha_ee__930,Machadka Tababarka Xirfadaha ee Qaybta 930 (Xero Awr / Hero Awr),"Vocational and technical training college center in Xero Awr / Hero Awr residential & commercial grid, Hargeisa",9.56106,44.04712,Schools & Universities,university,Xero Awr / Hero Awr,False,GraduationCap,Jaamacadaha & Kuliyadaha
wda_masjidka_jaamaca_ee_qaybta_931_d_931,Masjidka Jaamaca ee Qaybta 931 (Downtown Waheen),"Congregational Friday mosque with community prayer hall in Downtown Waheen residential & commercial grid, Hargeisa",9.56377,44.07224,Mosques (Masaajidda),place_of_worship,Downtown Waheen,False,Moon,Masaajidda
wda_masjidka_al_imaan_ee_qaybta_932__932,Masjidka Al-Imaan ee Qaybta 932 (Jigjiga Yar),"Neighborhood community mosque and Quranic learning hub in Jigjiga Yar residential & commercial grid, Hargeisa",9.58022,44.0403,Mosques (Masaajidda),place_of_worship,Jigjiga Yar,False,Moon,Masaajidda
wda_suuqa_khdaarta_iyo_ganacsiga_ee__933,Suuqa Khdaarta iyo Ganacsiga ee Qaybta 933 (Ahmed Dhagax),"Neighborhood open-air fresh market and commercial trade zone in Ahmed Dhagax residential & commercial grid, Hargeisa",9.55766,44.05636,Markets & Malls,mall,Ahmed Dhagax,False,ShoppingBag,Suuqyada & Xarumaha Ganacsiga
wda_xarunta_ganacsiga_supermarket_ee_934,Xarunta Ganacsiga & Supermarket ee Qaybta 934 (150 Highway),"Modern multi-store retail grocery and provisions shopping center in 150 Highway residential & commercial grid, Hargeisa",9.5846,44.05942,Markets & Malls,mall,150 Highway,False,ShoppingBag,Suuqyada & Xarumaha Ganacsiga
wda_kaalinta_shidaalka_hass_national_935,Kaalinta Shidaalka Hass / National ee Qaybta 935 (Shaab / Institutional District),"Service petrol station, diesel dispenser and tire service in Shaab / Institutional District residential & commercial grid, Hargeisa",9.56107,44.06294,Fuel Stations (Kaalmaha Shidaalka),fuel,Shaab / Institutional District,False,Fuel,Kaalmaha Shidaalka
wda_kaalinta_shidaalka_gaaska_ee_qay_936,Kaalinta Shidaalka & Gaaska ee Qaybta 936 (Maxamed Mooge),"Fuel station and LPG domestic gas distribution depot in Maxamed Mooge residential & commercial grid, Hargeisa",9.52225,44.10977,Fuel Stations (Kaalmaha Shidaalka),fuel,Maxamed Mooge,False,Fuel,Kaalmaha Shidaalka
wda_istaanka_gaadiidka_dadweynaha_ee_937,Istaanka Gaadiidka Dadweynaha ee Qaybta 937 (New Hargeisa),"Minibus terminal and designated passenger pick-and-drop stop in New Hargeisa residential & commercial grid, Hargeisa",9.55681,44.10171,Transport & Terminals,transit_station,New Hargeisa,False,Navigation,Istaannada & Gaadiidka
wda_isgoyska_weyn_ee_gaadiidka_ee_qa_938,Isgoyska Weyn ee Gaadiidka ee Qaybta 938 (Daami),"Major road intersection and inter-district transit artery in Daami residential & commercial grid, Hargeisa",9.57736,44.08765,Transport & Terminals,transit_station,Daami,False,Navigation,Istaannada & Gaadiidka
wda_huteelka_nasashada_martida_ee_qa_939,Huteelka Nasashada & Martida ee Qaybta 939 (Shiraaqle),"Comfortable guest lodging and family dining restaurant in Shiraaqle residential & commercial grid, Hargeisa",9.56566,44.10836,Hotels & Hospitality,hotel,Shiraaqle,False,Hotel,Huteellada & Maqaayadaha
wda_laanta_zaad_dahabshiil_ee_qaybta_940,Laanta ZAAD & Dahabshiil ee Qaybta 940 (Koodbuur),"Banking kiosk, e-remittance and ZAAD cash-in center in Koodbuur residential & commercial grid, Hargeisa",9.57651,44.049,Banks & Financial,bank,Koodbuur,False,Landmark,Bangiyada & Xawaaladaha
wda_laanta_taaj_edahab_express_ee_qa_941,Laanta TAAJ & Edahab Express ee Qaybta 941 (Airport Zone / Masalaha),"Financial services, money transfer and remittance desk in Airport Zone / Masalaha residential & commercial grid, Hargeisa",9.52569,44.09683,Banks & Financial,bank,Airport Zone / Masalaha,False,Landmark,Bangiyada & Xawaaladaha
wda_xafiiska_adeegga_somtel_telesom__942,Xafiiska Adeegga Somtel & Telesom ee Qaybta 942 (Kilalka / Sheikh Nuur East),"Telecommunications branch, SIM registration and fiber service hub in Kilalka / Sheikh Nuur East residential & commercial grid, Hargeisa",9.57451,44.1015,Corporate & Utilities,corporate,Kilalka / Sheikh Nuur East,False,Building2,Shirkadaha & Isgaadhsiinta
wda_xarunta_korontada_sompower_ee_qa_943,Xarunta Korontada Sompower ee Qaybta 943 (Goljano District),"District electrical distribution and bill payment center in Goljano District residential & commercial grid, Hargeisa",9.56072,44.0873,Corporate & Utilities,utility,Goljano District,False,Zap,Korontada & Biyaha
wda_xafiiska_waaxda_dowladda_hoose_e_944,Xafiiska Waaxda Dowladda Hoose ee Qaybta 944 (Biyo Dhacay Area),"Municipal sub-office and local civic administration center in Biyo Dhacay Area residential & commercial grid, Hargeisa",9.55807,44.07994,Government & Civic,government,Biyo Dhacay Area,False,Landmark,Hay'adaha Dowladda
wda_xaafada_deganaanshaha_ee_qaybta__945,Xaafada Deganaanshaha ee Qaybta 945 (Xero Awr / Hero Awr),"Quiet residential enclave and community living sector in Xero Awr / Hero Awr residential & commercial grid, Hargeisa",9.56842,44.0548,Xaafadaha (Districts),neighborhood,Xero Awr / Hero Awr,False,Home,Xaafadaha & Degmooyinka
wda_cusbitaalka_gurmadka_caafimaadka_946,Cusbitaalka Gurmadka Caafimaadka ee Qaybta 946 (Downtown Waheen),"Specialized neighborhood clinic & emergency health post in Downtown Waheen residential & commercial grid, Hargeisa",9.56352,44.06364,Hospitals & Healthcare,hospital,Downtown Waheen,False,HeartPulse,Cusbitaallada & Rugaha Caafimaadka
wda_rugta_daryeelka_hooyada_dhallaan_947,Rugta Daryeelka Hooyada & Dhallaanka ee Qaybta 947 (Jigjiga Yar),"Maternal and child care dispensary center in Jigjiga Yar residential & commercial grid, Hargeisa",9.5799,44.02955,Hospitals & Healthcare,hospital,Jigjiga Yar,False,HeartPulse,Cusbitaallada & Rugaha Caafimaadka
wda_farmasiga_shacabka_caafimaadka_e_948,Farmasiga Shacabka & Caafimaadka ee Qaybta 948 (Ahmed Dhagax),"24/7 community pharmacy and dispensary outpost in Ahmed Dhagax residential & commercial grid, Hargeisa",9.55728,44.04346,Hospitals & Healthcare,hospital,Ahmed Dhagax,False,HeartPulse,Cusbitaallada & Rugaha Caafimaadka
wda_dugsiga_hoose_dhexe_ee_waxbarash_949,Dugsiga Hoose/Dhexe ee Waxbarashada Qaybta 949 (150 Highway),"Public primary & intermediate school campus in 150 Highway residential & commercial grid, Hargeisa",9.58417,44.04437,Schools & Universities,school,150 Highway,False,GraduationCap,Dugsiyada & Waxbarashada
wda_akadeemiyada_casriga_ah_ee_qaybt_950,Akadeemiyada Casriga ah ee Qaybta 950 (Shaab / Institutional District),"Modern high school and STEM educational institute in Shaab / Institutional District residential & commercial grid, Hargeisa",9.56078,44.05291,Schools & Universities,school,Shaab / Institutional District,False,GraduationCap,Dugsiyada & Waxbarashada
wda_machadka_tababarka_xirfadaha_ee__951,Machadka Tababarka Xirfadaha ee Qaybta 951 (Maxamed Mooge),"Vocational and technical training college center in Maxamed Mooge residential & commercial grid, Hargeisa",9.52179,44.09401,Schools & Universities,university,Maxamed Mooge,False,GraduationCap,Jaamacadaha & Kuliyadaha
wda_masjidka_jaamaca_ee_qaybta_952_n_952,Masjidka Jaamaca ee Qaybta 952 (New Hargeisa),"Congregational Friday mosque with community prayer hall in New Hargeisa residential & commercial grid, Hargeisa",9.55641,44.0881,Mosques (Masaajidda),place_of_worship,New Hargeisa,False,Moon,Masaajidda
wda_masjidka_al_imaan_ee_qaybta_953__953,Masjidka Al-Imaan ee Qaybta 953 (Daami),"Neighborhood community mosque and Quranic learning hub in Daami residential & commercial grid, Hargeisa",9.57703,44.07619,Mosques (Masaajidda),place_of_worship,Daami,False,Moon,Masaajidda
wda_suuqa_khdaarta_iyo_ganacsiga_ee__954,Suuqa Khdaarta iyo Ganacsiga ee Qaybta 954 (Shiraaqle),"Neighborhood open-air fresh market and commercial trade zone in Shiraaqle residential & commercial grid, Hargeisa",9.56528,44.09546,Markets & Malls,mall,Shiraaqle,False,ShoppingBag,Suuqyada & Xarumaha Ganacsiga
wda_xarunta_ganacsiga_supermarket_ee_955,Xarunta Ganacsiga & Supermarket ee Qaybta 955 (Koodbuur),"Modern multi-store retail grocery and provisions shopping center in Koodbuur residential & commercial grid, Hargeisa",9.57616,44.03682,Markets & Malls,mall,Koodbuur,False,ShoppingBag,Suuqyada & Xarumaha Ganacsiga
wda_kaalinta_shidaalka_hass_national_956,Kaalinta Shidaalka Hass / National ee Qaybta 956 (Airport Zone / Masalaha),"Service petrol station, diesel dispenser and tire service in Airport Zone / Masalaha residential & commercial grid, Hargeisa",9.52517,44.07892,Fuel Stations (Kaalmaha Shidaalka),fuel,Airport Zone / Masalaha,False,Fuel,Kaalmaha Shidaalka
wda_kaalinta_shidaalka_gaaska_ee_qay_957,Kaalinta Shidaalka & Gaaska ee Qaybta 957 (Kilalka / Sheikh Nuur East),"Fuel station and LPG domestic gas distribution depot in Kilalka / Sheikh Nuur East residential & commercial grid, Hargeisa",9.57416,44.08932,Fuel Stations (Kaalmaha Shidaalka),fuel,Kilalka / Sheikh Nuur East,False,Fuel,Kaalmaha Shidaalka
wda_istaanka_gaadiidka_dadweynaha_ee_958,Istaanka Gaadiidka Dadweynaha ee Qaybta 958 (Goljano District),"Minibus terminal and designated passenger pick-and-drop stop in Goljano District residential & commercial grid, Hargeisa",9.5604,44.07655,Transport & Terminals,transit_station,Goljano District,False,Navigation,Istaannada & Gaadiidka
wda_isgoyska_weyn_ee_gaadiidka_ee_qa_959,Isgoyska Weyn ee Gaadiidka ee Qaybta 959 (Biyo Dhacay Area),"Major road intersection and inter-district transit artery in Biyo Dhacay Area residential & commercial grid, Hargeisa",9.55778,44.06991,Transport & Terminals,transit_station,Biyo Dhacay Area,False,Navigation,Istaannada & Gaadiidka
wda_huteelka_nasashada_martida_ee_qa_960,Huteelka Nasashada & Martida ee Qaybta 960 (Xero Awr / Hero Awr),"Comfortable guest lodging and family dining restaurant in Xero Awr / Hero Awr residential & commercial grid, Hargeisa",9.5681,44.04405,Hotels & Hospitality,hotel,Xero Awr / Hero Awr,False,Hotel,Huteellada & Maqaayadaha
wda_laanta_zaad_dahabshiil_ee_qaybta_961,Laanta ZAAD & Dahabshiil ee Qaybta 961 (Downtown Waheen),"Banking kiosk, e-remittance and ZAAD cash-in center in Downtown Waheen residential & commercial grid, Hargeisa",9.55795,44.07018,Banks & Financial,bank,Downtown Waheen,False,Landmark,Bangiyada & Xawaaladaha
wda_laanta_taaj_edahab_express_ee_qa_962,Laanta TAAJ & Edahab Express ee Qaybta 962 (Jigjiga Yar),"Financial services, money transfer and remittance desk in Jigjiga Yar residential & commercial grid, Hargeisa",9.57294,44.03773,Banks & Financial,bank,Jigjiga Yar,False,Landmark,Bangiyada & Xawaaladaha
wda_xafiiska_adeegga_somtel_telesom__963,Xafiiska Adeegga Somtel & Telesom ee Qaybta 963 (Ahmed Dhagax),"Telecommunications branch, SIM registration and fiber service hub in Ahmed Dhagax residential & commercial grid, Hargeisa",9.54893,44.05327,Corporate & Utilities,corporate,Ahmed Dhagax,False,Building2,Shirkadaha & Isgaadhsiinta
wda_xarunta_korontada_sompower_ee_qa_964,Xarunta Korontada Sompower ee Qaybta 964 (150 Highway),"District electrical distribution and bill payment center in 150 Highway residential & commercial grid, Hargeisa",9.57442,44.05582,Corporate & Utilities,utility,150 Highway,False,Zap,Korontada & Biyaha
wda_xafiiska_waaxda_dowladda_hoose_e_965,Xafiiska Waaxda Dowladda Hoose ee Qaybta 965 (Shaab / Institutional District),"Municipal sub-office and local civic administration center in Shaab / Institutional District residential & commercial grid, Hargeisa",9.55428,44.06055,Government & Civic,government,Shaab / Institutional District,False,Landmark,Hay'adaha Dowladda
wda_xaafada_deganaanshaha_ee_qaybta__966,Xaafada Deganaanshaha ee Qaybta 966 (Maxamed Mooge),"Quiet residential enclave and community living sector in Maxamed Mooge residential & commercial grid, Hargeisa",9.51158,44.106,Xaafadaha (Districts),neighborhood,Maxamed Mooge,False,Home,Xaafadaha & Degmooyinka
wda_cusbitaalka_gurmadka_caafimaadka_967,Cusbitaalka Gurmadka Caafimaadka ee Qaybta 967 (New Hargeisa),"Specialized neighborhood clinic & emergency health post in New Hargeisa residential & commercial grid, Hargeisa",9.54759,44.09846,Hospitals & Healthcare,hospital,New Hargeisa,False,HeartPulse,Cusbitaallada & Rugaha Caafimaadka
wda_rugta_daryeelka_hooyada_dhallaan_968,Rugta Daryeelka Hooyada & Dhallaanka ee Qaybta 968 (Daami),"Maternal and child care dispensary center in Daami residential & commercial grid, Hargeisa",9.5696,44.08491,Hospitals & Healthcare,hospital,Daami,False,HeartPulse,Cusbitaallada & Rugaha Caafimaadka
wda_farmasiga_shacabka_caafimaadka_e_969,Farmasiga Shacabka & Caafimaadka ee Qaybta 969 (Shiraaqle),"24/7 community pharmacy and dispensary outpost in Shiraaqle residential & commercial grid, Hargeisa",9.55693,44.10527,Hospitals & Healthcare,hospital,Shiraaqle,False,HeartPulse,Cusbitaallada & Rugaha Caafimaadka
wda_dugsiga_hoose_dhexe_ee_waxbarash_970,Dugsiga Hoose/Dhexe ee Waxbarashada Qaybta 970 (Koodbuur),"Public primary & intermediate school campus in Koodbuur residential & commercial grid, Hargeisa",9.56827,44.04609,Schools & Universities,school,Koodbuur,False,GraduationCap,Dugsiyada & Waxbarashada
wda_akadeemiyada_casriga_ah_ee_qaybt_971,Akadeemiyada Casriga ah ee Qaybta 971 (Airport Zone / Masalaha),"Modern high school and STEM educational institute in Airport Zone / Masalaha residential & commercial grid, Hargeisa",9.51357,44.09255,Schools & Universities,school,Airport Zone / Masalaha,False,GraduationCap,Dugsiyada & Waxbarashada
wda_machadka_tababarka_xirfadaha_ee__972,Machadka Tababarka Xirfadaha ee Qaybta 972 (Kilalka / Sheikh Nuur East),"Vocational and technical training college center in Kilalka / Sheikh Nuur East residential & commercial grid, Hargeisa",9.56627,44.09859,Schools & Universities,university,Kilalka / Sheikh Nuur East,False,GraduationCap,Jaamacadaha & Kuliyadaha
wda_masjidka_jaamaca_ee_qaybta_973_g_973,Masjidka Jaamaca ee Qaybta 973 (Goljano District),"Congregational Friday mosque with community prayer hall in Goljano District residential & commercial grid, Hargeisa",9.55344,44.08473,Mosques (Masaajidda),place_of_worship,Goljano District,False,Moon,Masaajidda
wda_masjidka_al_imaan_ee_qaybta_974__974,Masjidka Al-Imaan ee Qaybta 974 (Biyo Dhacay Area),"Neighborhood community mosque and Quranic learning hub in Biyo Dhacay Area residential & commercial grid, Hargeisa",9.55128,44.07755,Mosques (Masaajidda),place_of_worship,Biyo Dhacay Area,False,Moon,Masaajidda
wda_suuqa_khdaarta_iyo_ganacsiga_ee__975,Suuqa Khdaarta iyo Ganacsiga ee Qaybta 975 (Xero Awr / Hero Awr),"Neighborhood open-air fresh market and commercial trade zone in Xero Awr / Hero Awr residential & commercial grid, Hargeisa",9.56114,44.05223,Markets & Malls,mall,Xero Awr / Hero Awr,False,ShoppingBag,Suuqyada & Xarumaha Ganacsiga
wda_xarunta_ganacsiga_supermarket_ee_976,Xarunta Ganacsiga & Supermarket ee Qaybta 976 (Downtown Waheen),"Modern multi-store retail grocery and provisions shopping center in Downtown Waheen residential & commercial grid, Hargeisa",9.56646,44.06917,Markets & Malls,mall,Downtown Waheen,False,ShoppingBag,Suuqyada & Xarumaha Ganacsiga
wda_kaalinta_shidaalka_hass_national_977,Kaalinta Shidaalka Hass / National ee Qaybta 977 (Jigjiga Yar),"Service petrol station, diesel dispenser and tire service in Jigjiga Yar residential & commercial grid, Hargeisa",9.58358,44.03646,Fuel Stations (Kaalmaha Shidaalka),fuel,Jigjiga Yar,False,Fuel,Kaalmaha Shidaalka
wda_kaalinta_shidaalka_gaaska_ee_qay_978,Kaalinta Shidaalka & Gaaska ee Qaybta 978 (Ahmed Dhagax),"Fuel station and LPG domestic gas distribution depot in Ahmed Dhagax residential & commercial grid, Hargeisa",9.56169,44.05175,Fuel Stations (Kaalmaha Shidaalka),fuel,Ahmed Dhagax,False,Fuel,Kaalmaha Shidaalka
wda_istaanka_gaadiidka_dadweynaha_ee_979,Istaanka Gaadiidka Dadweynaha ee Qaybta 979 (150 Highway),"Minibus terminal and designated passenger pick-and-drop stop in 150 Highway residential & commercial grid, Hargeisa",9.58931,44.05405,Transport & Terminals,transit_station,150 Highway,False,Navigation,Istaannada & Gaadiidka
wda_isgoyska_weyn_ee_gaadiidka_ee_qa_980,Isgoyska Weyn ee Gaadiidka ee Qaybta 980 (Shaab / Institutional District),"Major road intersection and inter-district transit artery in Shaab / Institutional District residential & commercial grid, Hargeisa",9.5642,44.05936,Transport & Terminals,transit_station,Shaab / Institutional District,False,Navigation,Istaannada & Gaadiidka
wda_huteelka_nasashada_martida_ee_qa_981,Huteelka Nasashada & Martida ee Qaybta 981 (Maxamed Mooge),"Comfortable guest lodging and family dining restaurant in Maxamed Mooge residential & commercial grid, Hargeisa",9.52718,44.10414,Hotels & Hospitality,hotel,Maxamed Mooge,False,Hotel,Huteellada & Maqaayadaha
wda_laanta_zaad_dahabshiil_ee_qaybta_982,Laanta ZAAD & Dahabshiil ee Qaybta 982 (New Hargeisa),"Banking kiosk, e-remittance and ZAAD cash-in center in New Hargeisa residential & commercial grid, Hargeisa",9.56106,44.09685,Banks & Financial,bank,New Hargeisa,False,Landmark,Bangiyada & Xawaaladaha
wda_laanta_taaj_edahab_express_ee_qa_983,Laanta TAAJ & Edahab Express ee Qaybta 983 (Daami),"Financial services, money transfer and remittance desk in Daami residential & commercial grid, Hargeisa",9.58095,44.08356,Banks & Financial,bank,Daami,False,Landmark,Bangiyada & Xawaaladaha
wda_xafiiska_adeegga_somtel_telesom__984,Xafiiska Adeegga Somtel & Telesom ee Qaybta 984 (Shiraaqle),"Telecommunications branch, SIM registration and fiber service hub in Shiraaqle residential & commercial grid, Hargeisa",9.56969,44.10375,Corporate & Utilities,corporate,Shiraaqle,False,Building2,Shirkadaha & Isgaadhsiinta
wda_xarunta_korontada_sompower_ee_qa_985,Xarunta Korontada Sompower ee Qaybta 985 (Koodbuur),"District electrical distribution and bill payment center in Koodbuur residential & commercial grid, Hargeisa",9.58032,44.04466,Corporate & Utilities,utility,Koodbuur,False,Zap,Korontada & Biyaha
wda_xafiiska_waaxda_dowladda_hoose_e_986,Xafiiska Waaxda Dowladda Hoose ee Qaybta 986 (Airport Zone / Masalaha),"Municipal sub-office and local civic administration center in Airport Zone / Masalaha residential & commercial grid, Hargeisa",9.53129,44.09044,Government & Civic,government,Airport Zone / Masalaha,False,Landmark,Hay'adaha Dowladda
wda_xaafada_deganaanshaha_ee_qaybta__987,Xaafada Deganaanshaha ee Qaybta 987 (Kilalka / Sheikh Nuur East),"Quiet residential enclave and community living sector in Kilalka / Sheikh Nuur East residential & commercial grid, Hargeisa",9.57832,44.09716,Xaafadaha (Districts),neighborhood,Kilalka / Sheikh Nuur East,False,Home,Xaafadaha & Degmooyinka
wda_cusbitaalka_gurmadka_caafimaadka_988,Cusbitaalka Gurmadka Caafimaadka ee Qaybta 988 (Goljano District),"Specialized neighborhood clinic & emergency health post in Goljano District residential & commercial grid, Hargeisa",9.56408,44.08346,Hospitals & Healthcare,hospital,Goljano District,False,HeartPulse,Cusbitaallada & Rugaha Caafimaadka
wda_rugta_daryeelka_hooyada_dhallaan_989,Rugta Daryeelka Hooyada & Dhallaanka ee Qaybta 989 (Biyo Dhacay Area),"Maternal and child care dispensary center in Biyo Dhacay Area residential & commercial grid, Hargeisa",9.5612,44.07636,Hospitals & Healthcare,hospital,Biyo Dhacay Area,False,HeartPulse,Cusbitaallada & Rugaha Caafimaadka
wda_farmasiga_shacabka_caafimaadka_e_990,Farmasiga Shacabka & Caafimaadka ee Qaybta 990 (Xero Awr / Hero Awr),"24/7 community pharmacy and dispensary outpost in Xero Awr / Hero Awr residential & commercial grid, Hargeisa",9.57178,44.05096,Hospitals & Healthcare,hospital,Xero Awr / Hero Awr,False,HeartPulse,Cusbitaallada & Rugaha Caafimaadka
wda_dugsiga_hoose_dhexe_ee_waxbarash_991,Dugsiga Hoose/Dhexe ee Waxbarashada Qaybta 991 (Downtown Waheen),"Public primary & intermediate school campus in Downtown Waheen residential & commercial grid, Hargeisa",9.55948,44.06406,Schools & Universities,school,Downtown Waheen,False,GraduationCap,Dugsiyada & Waxbarashada
wda_akadeemiyada_casriga_ah_ee_qaybt_992,Akadeemiyada Casriga ah ee Qaybta 992 (Jigjiga Yar),"Modern high school and STEM educational institute in Jigjiga Yar residential & commercial grid, Hargeisa",9.57485,44.03008,Schools & Universities,school,Jigjiga Yar,False,GraduationCap,Dugsiyada & Waxbarashada
wda_machadka_tababarka_xirfadaha_ee__993,Machadka Tababarka Xirfadaha ee Qaybta 993 (Ahmed Dhagax),"Vocational and technical training college center in Ahmed Dhagax residential & commercial grid, Hargeisa",9.55122,44.04409,Schools & Universities,university,Ahmed Dhagax,False,GraduationCap,Jaamacadaha & Kuliyadaha
wda_masjidka_jaamaca_ee_qaybta_994_1_994,Masjidka Jaamaca ee Qaybta 994 (150 Highway),"Congregational Friday mosque with community prayer hall in 150 Highway residential & commercial grid, Hargeisa",9.57708,44.04511,Mosques (Masaajidda),place_of_worship,150 Highway,False,Moon,Masaajidda
wda_masjidka_al_imaan_ee_qaybta_995__995,Masjidka Al-Imaan ee Qaybta 995 (Shaab / Institutional District),"Neighborhood community mosque and Quranic learning hub in Shaab / Institutional District residential & commercial grid, Hargeisa",9.55606,44.05341,Mosques (Masaajidda),place_of_worship,Shaab / Institutional District,False,Moon,Masaajidda
wda_suuqa_khdaarta_iyo_ganacsiga_ee__996,Suuqa Khdaarta iyo Ganacsiga ee Qaybta 996 (Maxamed Mooge),"Neighborhood open-air fresh market and commercial trade zone in Maxamed Mooge residential & commercial grid, Hargeisa",9.51437,44.09478,Markets & Malls,mall,Maxamed Mooge,False,ShoppingBag,Suuqyada & Xarumaha Ganacsiga
wda_xarunta_ganacsiga_supermarket_ee_997,Xarunta Ganacsiga & Supermarket ee Qaybta 997 (New Hargeisa),"Modern multi-store retail grocery and provisions shopping center in New Hargeisa residential & commercial grid, Hargeisa",9.55,44.08877,Markets & Malls,mall,New Hargeisa,False,ShoppingBag,Suuqyada & Xarumaha Ganacsiga
wda_kaalinta_shidaalka_hass_national_998,Kaalinta Shidaalka Hass / National ee Qaybta 998 (Daami),"Service petrol station, diesel dispenser and tire service in Daami residential & commercial grid, Hargeisa",9.57164,44.07675,Fuel Stations (Kaalmaha Shidaalka),fuel,Daami,False,Fuel,Kaalmaha Shidaalka
wda_kaalinta_shidaalka_gaaska_ee_qay_999,Kaalinta Shidaalka & Gaaska ee Qaybta 999 (Shiraaqle),"Fuel station and LPG domestic gas distribution depot in Shiraaqle residential & commercial grid, Hargeisa",9.55922,44.09609,Fuel Stations (Kaalmaha Shidaalka),fuel,Shiraaqle,False,Fuel,Kaalmaha Shidaalka
wda_istaanka_gaadiidka_dadweynaha_ee_1000,Istaanka Gaadiidka Dadweynaha ee Qaybta 1000 (Koodbuur),"Minibus terminal and designated passenger pick-and-drop stop in Koodbuur residential & commercial grid, Hargeisa",9.57043,44.03742,Transport & Terminals,transit_station,Koodbuur,False,Navigation,Istaannada & Gaadiidka
wda_isgoyska_weyn_ee_gaadiidka_ee_qa_1001,Isgoyska Weyn ee Gaadiidka ee Qaybta 1001 (Airport Zone / Masalaha),"Major road intersection and inter-district transit artery in Airport Zone / Masalaha residential & commercial grid, Hargeisa",9.51674,44.0798,Transport & Terminals,transit_station,Airport Zone / Masalaha,False,Navigation,Istaannada & Gaadiidka
wda_huteelka_nasashada_martida_ee_qa_1002,Huteelka Nasashada & Martida ee Qaybta 1002 (Kilalka / Sheikh Nuur East),"Comfortable guest lodging and family dining restaurant in Kilalka / Sheikh Nuur East residential & commercial grid, Hargeisa",9.56843,44.08992,Hotels & Hospitality,hotel,Kilalka / Sheikh Nuur East,False,Hotel,Huteellada & Maqaayadaha
wda_laanta_zaad_dahabshiil_ee_qaybta_1003,Laanta ZAAD & Dahabshiil ee Qaybta 1003 (Goljano District),"Banking kiosk, e-remittance and ZAAD cash-in center in Goljano District residential & commercial grid, Hargeisa",9.55535,44.07708,Banks & Financial,bank,Goljano District,False,Landmark,Bangiyada & Xawaaladaha
wda_laanta_taaj_edahab_express_ee_qa_1004,Laanta TAAJ & Edahab Express ee Qaybta 1004 (Biyo Dhacay Area),"Financial services, money transfer and remittance desk in Biyo Dhacay Area residential & commercial grid, Hargeisa",9.55306,44.07041,Banks & Financial,bank,Biyo Dhacay Area,False,Landmark,Bangiyada & Xawaaladaha
wda_xafiiska_adeegga_somtel_telesom__1005,Xafiiska Adeegga Somtel & Telesom ee Qaybta 1005 (Xero Awr / Hero Awr),"Telecommunications branch, SIM registration and fiber service hub in Xero Awr / Hero Awr residential & commercial grid, Hargeisa",9.56305,44.04458,Corporate & Utilities,corporate,Xero Awr / Hero Awr,False,Building2,Shirkadaha & Isgaadhsiinta
wda_xarunta_korontada_sompower_ee_qa_1006,Xarunta Korontada Sompower ee Qaybta 1006 (Downtown Waheen),"District electrical distribution and bill payment center in Downtown Waheen residential & commercial grid, Hargeisa",9.56123,44.07265,Corporate & Utilities,utility,Downtown Waheen,False,Zap,Korontada & Biyaha
wda_xafiiska_waaxda_dowladda_hoose_e_1007,Xafiiska Waaxda Dowladda Hoose ee Qaybta 1007 (Jigjiga Yar),"Municipal sub-office and local civic administration center in Jigjiga Yar residential & commercial grid, Hargeisa",9.57704,44.04082,Government & Civic,government,Jigjiga Yar,False,Landmark,Hay'adaha Dowladda
wda_xaafada_deganaanshaha_ee_qaybta__1008,Xaafada Deganaanshaha ee Qaybta 1008 (Ahmed Dhagax),"Quiet residential enclave and community living sector in Ahmed Dhagax residential & commercial grid, Hargeisa",9.55385,44.05698,Xaafadaha (Districts),neighborhood,Ahmed Dhagax,False,Home,Xaafadaha & Degmooyinka
wda_cusbitaalka_gurmadka_caafimaadka_1009,Cusbitaalka Gurmadka Caafimaadka ee Qaybta 1009 (150 Highway),"Specialized neighborhood clinic & emergency health post in 150 Highway residential & commercial grid, Hargeisa",9.58016,44.06014,Hospitals & Healthcare,hospital,150 Highway,False,HeartPulse,Cusbitaallada & Rugaha Caafimaadka
wda_rugta_daryeelka_hooyada_dhallaan_1010,Rugta Daryeelka Hooyada & Dhallaanka ee Qaybta 1010 (Shaab / Institutional District),"Maternal and child care dispensary center in Shaab / Institutional District residential & commercial grid, Hargeisa",9.55811,44.06343,Hospitals & Healthcare,hospital,Shaab / Institutional District,False,HeartPulse,Cusbitaallada & Rugaha Caafimaadka
wda_farmasiga_shacabka_caafimaadka_e_1011,Farmasiga Shacabka & Caafimaadka ee Qaybta 1011 (Maxamed Mooge),"24/7 community pharmacy and dispensary outpost in Maxamed Mooge residential & commercial grid, Hargeisa",9.5176,44.11053,Hospitals & Healthcare,hospital,Maxamed Mooge,False,HeartPulse,Cusbitaallada & Rugaha Caafimaadka
wda_dugsiga_hoose_dhexe_ee_waxbarash_1012,Dugsiga Hoose/Dhexe ee Waxbarashada Qaybta 1012 (New Hargeisa),"Public primary & intermediate school campus in New Hargeisa residential & commercial grid, Hargeisa",9.55279,44.10237,Schools & Universities,school,New Hargeisa,False,GraduationCap,Dugsiyada & Waxbarashada
wda_akadeemiyada_casriga_ah_ee_qaybt_1013,Akadeemiyada Casriga ah ee Qaybta 1013 (Daami),"Modern high school and STEM educational institute in Daami residential & commercial grid, Hargeisa",9.57398,44.08821,Schools & Universities,school,Daami,False,GraduationCap,Dugsiyada & Waxbarashada
wda_machadka_tababarka_xirfadaha_ee__1014,Machadka Tababarka Xirfadaha ee Qaybta 1014 (Shiraaqle),"Vocational and technical training college center in Shiraaqle residential & commercial grid, Hargeisa",9.56185,44.10898,Schools & Universities,university,Shiraaqle,False,GraduationCap,Jaamacadaha & Kuliyadaha
wda_masjidka_jaamaca_ee_qaybta_1015__1015,Masjidka Jaamaca ee Qaybta 1015 (Koodbuur),"Congregational Friday mosque with community prayer hall in Koodbuur residential & commercial grid, Hargeisa",9.57292,44.04959,Mosques (Masaajidda),place_of_worship,Koodbuur,False,Moon,Masaajidda
wda_masjidka_al_imaan_ee_qaybta_1016_1016,Masjidka Al-Imaan ee Qaybta 1016 (Airport Zone / Masalaha),"Neighborhood community mosque and Quranic learning hub in Airport Zone / Masalaha residential & commercial grid, Hargeisa",9.5204,44.09769,Mosques (Masaajidda),place_of_worship,Airport Zone / Masalaha,False,Moon,Masaajidda
wda_suuqa_khdaarta_iyo_ganacsiga_ee__1017,Suuqa Khdaarta iyo Ganacsiga ee Qaybta 1017 (Kilalka / Sheikh Nuur East),"Neighborhood open-air fresh market and commercial trade zone in Kilalka / Sheikh Nuur East residential & commercial grid, Hargeisa",9.57092,44.10209,Markets & Malls,mall,Kilalka / Sheikh Nuur East,False,ShoppingBag,Suuqyada & Xarumaha Ganacsiga
wda_xarunta_ganacsiga_supermarket_ee_1018,Xarunta Ganacsiga & Supermarket ee Qaybta 1018 (Goljano District),"Modern multi-store retail grocery and provisions shopping center in Goljano District residential & commercial grid, Hargeisa",9.55754,44.08782,Markets & Malls,mall,Goljano District,False,ShoppingBag,Suuqyada & Xarumaha Ganacsiga
wda_kaalinta_shidaalka_hass_national_1019,Kaalinta Shidaalka Hass / National ee Qaybta 1019 (Biyo Dhacay Area),"Service petrol station, diesel dispenser and tire service in Biyo Dhacay Area residential & commercial grid, Hargeisa",9.55511,44.08043,Fuel Stations (Kaalmaha Shidaalka),fuel,Biyo Dhacay Area,False,Fuel,Kaalmaha Shidaalka
wda_kaalinta_shidaalka_gaaska_ee_qay_1020,Kaalinta Shidaalka & Gaaska ee Qaybta 1020 (Xero Awr / Hero Awr),"Fuel station and LPG domestic gas distribution depot in Xero Awr / Hero Awr residential & commercial grid, Hargeisa",9.56524,44.05532,Fuel Stations (Kaalmaha Shidaalka),fuel,Xero Awr / Hero Awr,False,Fuel,Kaalmaha Shidaalka
wda_istaanka_gaadiidka_dadweynaha_ee_1021,Istaanka Gaadiidka Dadweynaha ee Qaybta 1021 (Downtown Waheen),"Minibus terminal and designated passenger pick-and-drop stop in Downtown Waheen residential & commercial grid, Hargeisa",9.56568,44.06508,Transport & Terminals,transit_station,Downtown Waheen,False,Navigation,Istaannada & Gaadiidka
wda_isgoyska_weyn_ee_gaadiidka_ee_qa_1022,Isgoyska Weyn ee Gaadiidka ee Qaybta 1022 (Jigjiga Yar),"Major road intersection and inter-district transit artery in Jigjiga Yar residential & commercial grid, Hargeisa",9.5826,44.03135,Transport & Terminals,transit_station,Jigjiga Yar,False,Navigation,Istaannada & Gaadiidka
wda_huteelka_nasashada_martida_ee_qa_1023,Huteelka Nasashada & Martida ee Qaybta 1023 (Ahmed Dhagax),"Comfortable guest lodging and family dining restaurant in Ahmed Dhagax residential & commercial grid, Hargeisa",9.56052,44.04562,Hotels & Hospitality,hotel,Ahmed Dhagax,False,Hotel,Huteellada & Maqaayadaha
wda_laanta_zaad_dahabshiil_ee_qaybta_1024,Laanta ZAAD & Dahabshiil ee Qaybta 1024 (150 Highway),"Banking kiosk, e-remittance and ZAAD cash-in center in 150 Highway residential & commercial grid, Hargeisa",9.58794,44.04689,Banks & Financial,bank,150 Highway,False,Landmark,Bangiyada & Xawaaladaha
wda_laanta_taaj_edahab_express_ee_qa_1025,Laanta TAAJ & Edahab Express ee Qaybta 1025 (Shaab / Institutional District),"Financial services, money transfer and remittance desk in Shaab / Institutional District residential & commercial grid, Hargeisa",9.5633,44.05459,Banks & Financial,bank,Shaab / Institutional District,False,Landmark,Bangiyada & Xawaaladaha
wda_xafiiska_adeegga_somtel_telesom__1026,Xafiiska Adeegga Somtel & Telesom ee Qaybta 1026 (Maxamed Mooge),"Telecommunications branch, SIM registration and fiber service hub in Maxamed Mooge residential & commercial grid, Hargeisa",9.52575,44.09665,Corporate & Utilities,corporate,Maxamed Mooge,False,Building2,Shirkadaha & Isgaadhsiinta
wda_xarunta_korontada_sompower_ee_qa_1027,Xarunta Korontada Sompower ee Qaybta 1027 (New Hargeisa),"District electrical distribution and bill payment center in New Hargeisa residential & commercial grid, Hargeisa",9.55983,44.09038,Corporate & Utilities,utility,New Hargeisa,False,Zap,Korontada & Biyaha
wda_xafiiska_waaxda_dowladda_hoose_e_1028,Xafiiska Waaxda Dowladda Hoose ee Qaybta 1028 (Daami),"Municipal sub-office and local civic administration center in Daami residential & commercial grid, Hargeisa",9.57991,44.07811,Government & Civic,government,Daami,False,Landmark,Hay'adaha Dowladda
wda_xaafada_deganaanshaha_ee_qaybta__1029,Xaafada Deganaanshaha ee Qaybta 1029 (Shiraaqle),"Quiet residential enclave and community living sector in Shiraaqle residential & commercial grid, Hargeisa",9.56852,44.09762,Xaafadaha (Districts),neighborhood,Shiraaqle,False,Home,Xaafadaha & Degmooyinka
wda_cusbitaalka_gurmadka_caafimaadka_1030,Cusbitaalka Gurmadka Caafimaadka ee Qaybta 1030 (Koodbuur),"Specialized neighborhood clinic & emergency health post in Koodbuur residential & commercial grid, Hargeisa",9.57922,44.03886,Hospitals & Healthcare,hospital,Koodbuur,False,HeartPulse,Cusbitaallada & Rugaha Caafimaadka
wda_rugta_daryeelka_hooyada_dhallaan_1031,Rugta Daryeelka Hooyada & Dhallaanka ee Qaybta 1031 (Airport Zone / Masalaha),"Maternal and child care dispensary center in Airport Zone / Masalaha residential & commercial grid, Hargeisa",9.52967,44.08192,Hospitals & Healthcare,hospital,Airport Zone / Masalaha,False,HeartPulse,Cusbitaallada & Rugaha Caafimaadka
wda_farmasiga_shacabka_caafimaadka_e_1032,Farmasiga Shacabka & Caafimaadka ee Qaybta 1032 (Kilalka / Sheikh Nuur East),"24/7 community pharmacy and dispensary outpost in Kilalka / Sheikh Nuur East residential & commercial grid, Hargeisa",9.57722,44.09136,Hospitals & Healthcare,hospital,Kilalka / Sheikh Nuur East,False,HeartPulse,Cusbitaallada & Rugaha Caafimaadka
wda_dugsiga_hoose_dhexe_ee_waxbarash_1033,Dugsiga Hoose/Dhexe ee Waxbarashada Qaybta 1033 (Goljano District),"Public primary & intermediate school campus in Goljano District residential & commercial grid, Hargeisa",9.5631,44.07835,Schools & Universities,school,Goljano District,False,GraduationCap,Dugsiyada & Waxbarashada
wda_akadeemiyada_casriga_ah_ee_qaybt_1034,Akadeemiyada Casriga ah ee Qaybta 1034 (Biyo Dhacay Area),"Modern high school and STEM educational institute in Biyo Dhacay Area residential & commercial grid, Hargeisa",9.5603,44.07159,Schools & Universities,school,Biyo Dhacay Area,False,GraduationCap,Dugsiyada & Waxbarashada
wda_machadka_tababarka_xirfadaha_ee__1035,Machadka Tababarka Xirfadaha ee Qaybta 1035 (Xero Awr / Hero Awr),"Vocational and technical training college center in Xero Awr / Hero Awr residential & commercial grid, Hargeisa",9.5708,44.04585,Schools & Universities,university,Xero Awr / Hero Awr,False,GraduationCap,Jaamacadaha & Kuliyadaha
wda_masjidka_jaamaca_ee_qaybta_1036__1036,Masjidka Jaamaca ee Qaybta 1036 (Downtown Waheen),"Congregational Friday mosque with community prayer hall in Downtown Waheen residential & commercial grid, Hargeisa",9.55732,44.06763,Mosques (Masaajidda),place_of_worship,Downtown Waheen,False,Moon,Masaajidda
wda_masjidka_al_imaan_ee_qaybta_1037_1037,Masjidka Al-Imaan ee Qaybta 1037 (Jigjiga Yar),"Neighborhood community mosque and Quranic learning hub in Jigjiga Yar residential & commercial grid, Hargeisa",9.57215,44.03454,Mosques (Masaajidda),place_of_worship,Jigjiga Yar,False,Moon,Masaajidda
wda_suuqa_khdaarta_iyo_ganacsiga_ee__1038,Suuqa Khdaarta iyo Ganacsiga ee Qaybta 1038 (Ahmed Dhagax),"Neighborhood open-air fresh market and commercial trade zone in Ahmed Dhagax residential & commercial grid, Hargeisa",9.54798,44.04944,Markets & Malls,mall,Ahmed Dhagax,False,ShoppingBag,Suuqyada & Xarumaha Ganacsiga
wda_xarunta_ganacsiga_supermarket_ee_1039,Xarunta Ganacsiga & Supermarket ee Qaybta 1039 (150 Highway),"Modern multi-store retail grocery and provisions shopping center in 150 Highway residential & commercial grid, Hargeisa",9.57331,44.05135,Markets & Malls,mall,150 Highway,False,ShoppingBag,Suuqyada & Xarumaha Ganacsiga
wda_kaalinta_shidaalka_hass_national_1040,Kaalinta Shidaalka Hass / National ee Qaybta 1040 (Shaab / Institutional District),"Service petrol station, diesel dispenser and tire service in Shaab / Institutional District residential & commercial grid, Hargeisa",9.55354,44.05757,Fuel Stations (Kaalmaha Shidaalka),fuel,Shaab / Institutional District,False,Fuel,Kaalmaha Shidaalka
wda_kaalinta_shidaalka_gaaska_ee_qay_1041,Kaalinta Shidaalka & Gaaska ee Qaybta 1041 (Maxamed Mooge),"Fuel station and LPG domestic gas distribution depot in Maxamed Mooge residential & commercial grid, Hargeisa",9.51042,44.10132,Fuel Stations (Kaalmaha Shidaalka),fuel,Maxamed Mooge,False,Fuel,Kaalmaha Shidaalka
wda_istaanka_gaadiidka_dadweynaha_ee_1042,Istaanka Gaadiidka Dadweynaha ee Qaybta 1042 (New Hargeisa),"Minibus terminal and designated passenger pick-and-drop stop in New Hargeisa residential & commercial grid, Hargeisa",9.54659,44.09441,Transport & Terminals,transit_station,New Hargeisa,False,Navigation,Istaannada & Gaadiidka
wda_isgoyska_weyn_ee_gaadiidka_ee_qa_1043,Isgoyska Weyn ee Gaadiidka ee Qaybta 1043 (Daami),"Major road intersection and inter-district transit artery in Daami residential & commercial grid, Hargeisa",9.56876,44.08151,Transport & Terminals,transit_station,Daami,False,Navigation,Istaannada & Gaadiidka
wda_huteelka_nasashada_martida_ee_qa_1044,Huteelka Nasashada & Martida ee Qaybta 1044 (Shiraaqle),"Comfortable guest lodging and family dining restaurant in Shiraaqle residential & commercial grid, Hargeisa",9.55598,44.10144,Hotels & Hospitality,hotel,Shiraaqle,False,Hotel,Huteellada & Maqaayadaha
wda_laanta_zaad_dahabshiil_ee_qaybta_1045,Laanta ZAAD & Dahabshiil ee Qaybta 1045 (Koodbuur),"Banking kiosk, e-remittance and ZAAD cash-in center in Koodbuur residential & commercial grid, Hargeisa",9.56737,44.04248,Banks & Financial,bank,Koodbuur,False,Landmark,Bangiyada & Xawaaladaha
wda_laanta_taaj_edahab_express_ee_qa_1046,Laanta TAAJ & Edahab Express ee Qaybta 1046 (Airport Zone / Masalaha),"Financial services, money transfer and remittance desk in Airport Zone / Masalaha residential & commercial grid, Hargeisa",9.51224,44.08723,Banks & Financial,bank,Airport Zone / Masalaha,False,Landmark,Bangiyada & Xawaaladaha
wda_xafiiska_adeegga_somtel_telesom__1047,Xafiiska Adeegga Somtel & Telesom ee Qaybta 1047 (Kilalka / Sheikh Nuur East),"Telecommunications branch, SIM registration and fiber service hub in Kilalka / Sheikh Nuur East residential & commercial grid, Hargeisa",9.56537,44.09498,Corporate & Utilities,corporate,Kilalka / Sheikh Nuur East,False,Building2,Shirkadaha & Isgaadhsiinta
wda_xarunta_korontada_sompower_ee_qa_1048,Xarunta Korontada Sompower ee Qaybta 1048 (Goljano District),"District electrical distribution and bill payment center in Goljano District residential & commercial grid, Hargeisa",9.55265,44.08154,Corporate & Utilities,utility,Goljano District,False,Zap,Korontada & Biyaha
wda_xafiiska_waaxda_dowladda_hoose_e_1049,Xafiiska Waaxda Dowladda Hoose ee Qaybta 1049 (Biyo Dhacay Area),"Municipal sub-office and local civic administration center in Biyo Dhacay Area residential & commercial grid, Hargeisa",9.55054,44.07457,Government & Civic,government,Biyo Dhacay Area,False,Landmark,Hay'adaha Dowladda
wda_xaafada_deganaanshaha_ee_qaybta__1050,Xaafada Deganaanshaha ee Qaybta 1050 (Xero Awr / Hero Awr),"Quiet residential enclave and community living sector in Xero Awr / Hero Awr residential & commercial grid, Hargeisa",9.56035,44.04904,Xaafadaha (Districts),neighborhood,Xero Awr / Hero Awr,False,Home,Xaafadaha & Degmooyinka
wda_cusbitaalka_gurmadka_caafimaadka_1051,Cusbitaalka Gurmadka Caafimaadka ee Qaybta 1051 (Downtown Waheen),"Specialized neighborhood clinic & emergency health post in Downtown Waheen residential & commercial grid, Hargeisa",9.56522,44.0715,Hospitals & Healthcare,hospital,Downtown Waheen,False,HeartPulse,Cusbitaallada & Rugaha Caafimaadka
wda_rugta_daryeelka_hooyada_dhallaan_1052,Rugta Daryeelka Hooyada & Dhallaanka ee Qaybta 1052 (Jigjiga Yar),"Maternal and child care dispensary center in Jigjiga Yar residential & commercial grid, Hargeisa",9.58203,44.03937,Hospitals & Healthcare,hospital,Jigjiga Yar,False,HeartPulse,Cusbitaallada & Rugaha Caafimaadka
wda_farmasiga_shacabka_caafimaadka_e_1053,Farmasiga Shacabka & Caafimaadka ee Qaybta 1053 (Ahmed Dhagax),"24/7 community pharmacy and dispensary outpost in Ahmed Dhagax residential & commercial grid, Hargeisa",9.55983,44.05525,Hospitals & Healthcare,hospital,Ahmed Dhagax,False,HeartPulse,Cusbitaallada & Rugaha Caafimaadka
wda_dugsiga_hoose_dhexe_ee_waxbarash_1054,Dugsiga Hoose/Dhexe ee Waxbarashada Qaybta 1054 (150 Highway),"Public primary & intermediate school campus in 150 Highway residential & commercial grid, Hargeisa",9.58714,44.05812,Schools & Universities,school,150 Highway,False,GraduationCap,Dugsiyada & Waxbarashada
wda_akadeemiyada_casriga_ah_ee_qaybt_1055,Akadeemiyada Casriga ah ee Qaybta 1055 (Shaab / Institutional District),"Modern high school and STEM educational institute in Shaab / Institutional District residential & commercial grid, Hargeisa",9.56276,44.06208,Schools & Universities,school,Shaab / Institutional District,False,GraduationCap,Dugsiyada & Waxbarashada
wda_machadka_tababarka_xirfadaha_ee__1056,Machadka Tababarka Xirfadaha ee Qaybta 1056 (Maxamed Mooge),"Vocational and technical training college center in Maxamed Mooge residential & commercial grid, Hargeisa",9.52491,44.10841,Schools & Universities,university,Maxamed Mooge,False,GraduationCap,Jaamacadaha & Kuliyadaha
wda_masjidka_jaamaca_ee_qaybta_1057__1057,Masjidka Jaamaca ee Qaybta 1057 (New Hargeisa),"Congregational Friday mosque with community prayer hall in New Hargeisa residential & commercial grid, Hargeisa",9.5591,44.10054,Mosques (Masaajidda),place_of_worship,New Hargeisa,False,Moon,Masaajidda
wda_masjidka_al_imaan_ee_qaybta_1058_1058,Masjidka Al-Imaan ee Qaybta 1058 (Daami),"Neighborhood community mosque and Quranic learning hub in Daami residential & commercial grid, Hargeisa",9.5793,44.08666,Mosques (Masaajidda),place_of_worship,Daami,False,Moon,Masaajidda
wda_suuqa_khdaarta_iyo_ganacsiga_ee__1059,Suuqa Khdaarta iyo Ganacsiga ee Qaybta 1059 (Shiraaqle),"Neighborhood open-air fresh market and commercial trade zone in Shiraaqle residential & commercial grid, Hargeisa",9.56783,44.10725,Markets & Malls,mall,Shiraaqle,False,ShoppingBag,Suuqyada & Xarumaha Ganacsiga
wda_xarunta_ganacsiga_supermarket_ee_1060,Xarunta Ganacsiga & Supermarket ee Qaybta 1060 (Koodbuur),"Modern multi-store retail grocery and provisions shopping center in Koodbuur residential & commercial grid, Hargeisa",9.57856,44.04795,Markets & Malls,mall,Koodbuur,False,ShoppingBag,Suuqyada & Xarumaha Ganacsiga
wda_kaalinta_shidaalka_hass_national_1061,Kaalinta Shidaalka Hass / National ee Qaybta 1061 (Airport Zone / Masalaha),"Service petrol station, diesel dispenser and tire service in Airport Zone / Masalaha residential & commercial grid, Hargeisa",9.52871,44.09528,Fuel Stations (Kaalmaha Shidaalka),fuel,Airport Zone / Masalaha,False,Fuel,Kaalmaha Shidaalka
wda_kaalinta_shidaalka_gaaska_ee_qay_1062,Kaalinta Shidaalka & Gaaska ee Qaybta 1062 (Kilalka / Sheikh Nuur East),"Fuel station and LPG domestic gas distribution depot in Kilalka / Sheikh Nuur East residential & commercial grid, Hargeisa",9.57656,44.10045,Fuel Stations (Kaalmaha Shidaalka),fuel,Kilalka / Sheikh Nuur East,False,Fuel,Kaalmaha Shidaalka
wda_istaanka_gaadiidka_dadweynaha_ee_1063,Istaanka Gaadiidka Dadweynaha ee Qaybta 1063 (Goljano District),"Minibus terminal and designated passenger pick-and-drop stop in Goljano District residential & commercial grid, Hargeisa",9.56253,44.08637,Transport & Terminals,transit_station,Goljano District,False,Navigation,Istaannada & Gaadiidka
wda_isgoyska_weyn_ee_gaadiidka_ee_qa_1064,Isgoyska Weyn ee Gaadiidka ee Qaybta 1064 (Biyo Dhacay Area),"Major road intersection and inter-district transit artery in Biyo Dhacay Area residential & commercial grid, Hargeisa",9.55976,44.07908,Transport & Terminals,transit_station,Biyo Dhacay Area,False,Navigation,Istaannada & Gaadiidka
wda_huteelka_nasashada_martida_ee_qa_1065,Huteelka Nasashada & Martida ee Qaybta 1065 (Xero Awr / Hero Awr),"Comfortable guest lodging and family dining restaurant in Xero Awr / Hero Awr residential & commercial grid, Hargeisa",9.57023,44.05387,Hotels & Hospitality,hotel,Xero Awr / Hero Awr,False,Hotel,Huteellada & Maqaayadaha
wda_laanta_zaad_dahabshiil_ee_qaybta_1066,Laanta ZAAD & Dahabshiil ee Qaybta 1066 (Downtown Waheen),"Banking kiosk, e-remittance and ZAAD cash-in center in Downtown Waheen residential & commercial grid, Hargeisa",9.56195,44.06319,Banks & Financial,bank,Downtown Waheen,False,Landmark,Bangiyada & Xawaaladaha
wda_laanta_taaj_edahab_express_ee_qa_1067,Laanta TAAJ & Edahab Express ee Qaybta 1067 (Jigjiga Yar),"Financial services, money transfer and remittance desk in Jigjiga Yar residential & commercial grid, Hargeisa",9.57794,44.02899,Banks & Financial,bank,Jigjiga Yar,False,Landmark,Bangiyada & Xawaaladaha
wda_xafiiska_adeegga_somtel_telesom__1068,Xafiiska Adeegga Somtel & Telesom ee Qaybta 1068 (Ahmed Dhagax),"Telecommunications branch, SIM registration and fiber service hub in Ahmed Dhagax residential & commercial grid, Hargeisa",9.55493,44.04279,Corporate & Utilities,corporate,Ahmed Dhagax,False,Building2,Shirkadaha & Isgaadhsiinta
wda_xarunta_korontada_sompower_ee_qa_1069,Xarunta Korontada Sompower ee Qaybta 1069 (150 Highway),"District electrical distribution and bill payment center in 150 Highway residential & commercial grid, Hargeisa",9.58142,44.04359,Corporate & Utilities,utility,150 Highway,False,Zap,Korontada & Biyaha
wda_xafiiska_waaxda_dowladda_hoose_e_1070,Xafiiska Waaxda Dowladda Hoose ee Qaybta 1070 (Shaab / Institutional District),"Municipal sub-office and local civic administration center in Shaab / Institutional District residential & commercial grid, Hargeisa",9.55895,44.05239,Government & Civic,government,Shaab / Institutional District,False,Landmark,Hay'adaha Dowladda
wda_xaafada_deganaanshaha_ee_qaybta__1071,Xaafada Deganaanshaha ee Qaybta 1071 (Maxamed Mooge),"Quiet residential enclave and community living sector in Maxamed Mooge residential & commercial grid, Hargeisa",9.51892,44.09319,Xaafadaha (Districts),neighborhood,Maxamed Mooge,False,Home,Xaafadaha & Degmooyinka
wda_cusbitaalka_gurmadka_caafimaadka_1072,Cusbitaalka Gurmadka Caafimaadka ee Qaybta 1072 (New Hargeisa),"Specialized neighborhood clinic & emergency health post in New Hargeisa residential & commercial grid, Hargeisa",9.55393,44.08739,Hospitals & Healthcare,hospital,New Hargeisa,False,HeartPulse,Cusbitaallada & Rugaha Caafimaadka
wda_rugta_daryeelka_hooyada_dhallaan_1073,Rugta Daryeelka Hooyada & Dhallaanka ee Qaybta 1073 (Daami),"Maternal and child care dispensary center in Daami residential & commercial grid, Hargeisa",9.57494,44.07559,Hospitals & Healthcare,hospital,Daami,False,HeartPulse,Cusbitaallada & Rugaha Caafimaadka
wda_farmasiga_shacabka_caafimaadka_e_1074,Farmasiga Shacabka & Caafimaadka ee Qaybta 1074 (Shiraaqle),"24/7 community pharmacy and dispensary outpost in Shiraaqle residential & commercial grid, Hargeisa",9.56293,44.09479,Hospitals & Healthcare,hospital,Shiraaqle,False,HeartPulse,Cusbitaallada & Rugaha Caafimaadka
wda_dugsiga_hoose_dhexe_ee_waxbarash_1075,Dugsiga Hoose/Dhexe ee Waxbarashada Qaybta 1075 (Koodbuur),"Public primary & intermediate school campus in Koodbuur residential & commercial grid, Hargeisa",9.57393,44.03619,Schools & Universities,school,Koodbuur,False,GraduationCap,Dugsiyada & Waxbarashada
wda_akadeemiyada_casriga_ah_ee_qaybt_1076,Akadeemiyada Casriga ah ee Qaybta 1076 (Airport Zone / Masalaha),"Modern high school and STEM educational institute in Airport Zone / Masalaha residential & commercial grid, Hargeisa",9.5219,44.07799,Schools & Universities,school,Airport Zone / Masalaha,False,GraduationCap,Dugsiyada & Waxbarashada
wda_machadka_tababarka_xirfadaha_ee__1077,Machadka Tababarka Xirfadaha ee Qaybta 1077 (Kilalka / Sheikh Nuur East),"Vocational and technical training college center in Kilalka / Sheikh Nuur East residential & commercial grid, Hargeisa",9.57193,44.08869,Schools & Universities,university,Kilalka / Sheikh Nuur East,False,GraduationCap,Jaamacadaha & Kuliyadaha
wda_masjidka_jaamaca_ee_qaybta_1078__1078,Masjidka Jaamaca ee Qaybta 1078 (Goljano District),"Congregational Friday mosque with community prayer hall in Goljano District residential & commercial grid, Hargeisa",9.55844,44.07599,Mosques (Masaajidda),place_of_worship,Goljano District,False,Moon,Masaajidda
wda_masjidka_al_imaan_ee_qaybta_1079_1079,Masjidka Al-Imaan ee Qaybta 1079 (Biyo Dhacay Area),"Neighborhood community mosque and Quranic learning hub in Biyo Dhacay Area residential & commercial grid, Hargeisa",9.55595,44.06939,Mosques (Masaajidda),place_of_worship,Biyo Dhacay Area,False,Moon,Masaajidda
wda_suuqa_khdaarta_iyo_ganacsiga_ee__1080,Suuqa Khdaarta iyo Ganacsiga ee Qaybta 1080 (Xero Awr / Hero Awr),"Neighborhood open-air fresh market and commercial trade zone in Xero Awr / Hero Awr residential & commercial grid, Hargeisa",9.56614,44.04349,Markets & Malls,mall,Xero Awr / Hero Awr,False,ShoppingBag,Suuqyada & Xarumaha Ganacsiga
wda_xarunta_ganacsiga_supermarket_ee_1081,Xarunta Ganacsiga & Supermarket ee Qaybta 1081 (Downtown Waheen),"Modern multi-store retail grocery and provisions shopping center in Downtown Waheen residential & commercial grid, Hargeisa",9.55882,44.07159,Markets & Malls,mall,Downtown Waheen,False,ShoppingBag,Suuqyada & Xarumaha Ganacsiga
wda_kaalinta_shidaalka_hass_national_1082,Kaalinta Shidaalka Hass / National ee Qaybta 1082 (Jigjiga Yar),"Service petrol station, diesel dispenser and tire service in Jigjiga Yar residential & commercial grid, Hargeisa",9.57402,44.03949,Fuel Stations (Kaalmaha Shidaalka),fuel,Jigjiga Yar,False,Fuel,Kaalmaha Shidaalka
wda_kaalinta_shidaalka_gaaska_ee_qay_1083,Kaalinta Shidaalka & Gaaska ee Qaybta 1083 (Ahmed Dhagax),"Fuel station and LPG domestic gas distribution depot in Ahmed Dhagax residential & commercial grid, Hargeisa",9.55023,44.05539,Fuel Stations (Kaalmaha Shidaalka),fuel,Ahmed Dhagax,False,Fuel,Kaalmaha Shidaalka
wda_istaanka_gaadiidka_dadweynaha_ee_1084,Istaanka Gaadiidka Dadweynaha ee Qaybta 1084 (150 Highway),"Minibus terminal and designated passenger pick-and-drop stop in 150 Highway residential & commercial grid, Hargeisa",9.57593,44.05829,Transport & Terminals,transit_station,150 Highway,False,Navigation,Istaannada & Gaadiidka
wda_isgoyska_weyn_ee_gaadiidka_ee_qa_1085,Isgoyska Weyn ee Gaadiidka ee Qaybta 1085 (Shaab / Institutional District),"Major road intersection and inter-district transit artery in Shaab / Institutional District residential & commercial grid, Hargeisa",9.55529,44.06219,Transport & Terminals,transit_station,Shaab / Institutional District,False,Navigation,Istaannada & Gaadiidka
wda_huteelka_nasashada_martida_ee_qa_1086,Huteelka Nasashada & Martida ee Qaybta 1086 (Maxamed Mooge),"Comfortable guest lodging and family dining restaurant in Maxamed Mooge residential & commercial grid, Hargeisa",9.51317,44.10859,Hotels & Hospitality,hotel,Maxamed Mooge,False,Hotel,Huteellada & Maqaayadaha
wda_laanta_zaad_dahabshiil_ee_qaybta_1087,Laanta ZAAD & Dahabshiil ee Qaybta 1087 (New Hargeisa),"Banking kiosk, e-remittance and ZAAD cash-in center in New Hargeisa residential & commercial grid, Hargeisa",9.54896,44.10069,Banks & Financial,bank,New Hargeisa,False,Landmark,Bangiyada & Xawaaladaha
wda_laanta_taaj_edahab_express_ee_qa_1088,Laanta TAAJ & Edahab Express ee Qaybta 1088 (Daami),"Financial services, money transfer and remittance desk in Daami residential & commercial grid, Hargeisa",9.57076,44.08679,Banks & Financial,bank,Daami,False,Landmark,Bangiyada & Xawaaladaha
wda_xafiiska_adeegga_somtel_telesom__1089,Xafiiska Adeegga Somtel & Telesom ee Qaybta 1089 (Shiraaqle),"Telecommunications branch, SIM registration and fiber service hub in Shiraaqle residential & commercial grid, Hargeisa",9.55823,44.10739,Corporate & Utilities,corporate,Shiraaqle,False,Building2,Shirkadaha & Isgaadhsiinta
wda_xarunta_korontada_sompower_ee_qa_1090,Xarunta Korontada Sompower ee Qaybta 1090 (Koodbuur),"District electrical distribution and bill payment center in Koodbuur residential & commercial grid, Hargeisa",9.56949,44.04809,Corporate & Utilities,utility,Koodbuur,False,Zap,Korontada & Biyaha
wda_xafiiska_waaxda_dowladda_hoose_e_1091,Xafiiska Waaxda Dowladda Hoose ee Qaybta 1091 (Airport Zone / Masalaha),"Municipal sub-office and local civic administration center in Airport Zone / Masalaha residential & commercial grid, Hargeisa",9.51537,44.09548,Government & Civic,government,Airport Zone / Masalaha,False,Landmark,Hay'adaha Dowladda
wda_xaafada_deganaanshaha_ee_qaybta__1092,Xaafada Deganaanshaha ee Qaybta 1092 (Kilalka / Sheikh Nuur East),"Quiet residential enclave and community living sector in Kilalka / Sheikh Nuur East residential & commercial grid, Hargeisa",9.56749,44.10059,Xaafadaha (Districts),neighborhood,Kilalka / Sheikh Nuur East,False,Home,Xaafadaha & Degmooyinka
wda_cusbitaalka_gurmadka_caafimaadka_1093,Cusbitaalka Gurmadka Caafimaadka ee Qaybta 1093 (Goljano District),"Specialized neighborhood clinic & emergency health post in Goljano District residential & commercial grid, Hargeisa",9.55452,44.08649,Hospitals & Healthcare,hospital,Goljano District,False,HeartPulse,Cusbitaallada & Rugaha Caafimaadka
wda_rugta_daryeelka_hooyada_dhallaan_1094,Rugta Daryeelka Hooyada & Dhallaanka ee Qaybta 1094 (Biyo Dhacay Area),"Maternal and child care dispensary center in Biyo Dhacay Area residential & commercial grid, Hargeisa",9.55229,44.07919,Hospitals & Healthcare,hospital,Biyo Dhacay Area,False,HeartPulse,Cusbitaallada & Rugaha Caafimaadka
wda_farmasiga_shacabka_caafimaadka_e_1095,Farmasiga Shacabka & Caafimaadka ee Qaybta 1095 (Xero Awr / Hero Awr),"24/7 community pharmacy and dispensary outpost in Xero Awr / Hero Awr residential & commercial grid, Hargeisa",9.56222,44.05399,Hospitals & Healthcare,hospital,Xero Awr / Hero Awr,False,HeartPulse,Cusbitaallada & Rugaha Caafimaadka
wda_dugsiga_hoose_dhexe_ee_waxbarash_1096,Dugsiga Hoose/Dhexe ee Waxbarashada Qaybta 1096 (Downtown Waheen),"Public primary & intermediate school campus in Downtown Waheen residential & commercial grid, Hargeisa",9.56676,44.06753,Schools & Universities,school,Downtown Waheen,False,GraduationCap,Dugsiyada & Waxbarashada
wda_akadeemiyada_casriga_ah_ee_qaybt_1097,Akadeemiyada Casriga ah ee Qaybta 1097 (Jigjiga Yar),"Modern high school and STEM educational institute in Jigjiga Yar residential & commercial grid, Hargeisa",9.58395,44.03441,Schools & Universities,school,Jigjiga Yar,False,GraduationCap,Dugsiyada & Waxbarashada
wda_machadka_tababarka_xirfadaha_ee__1098,Machadka Tababarka Xirfadaha ee Qaybta 1098 (Ahmed Dhagax),"Vocational and technical training college center in Ahmed Dhagax residential & commercial grid, Hargeisa",9.56214,44.04929,Schools & Universities,university,Ahmed Dhagax,False,GraduationCap,Jaamacadaha & Kuliyadaha
wda_masjidka_jaamaca_ee_qaybta_1099__1099,Masjidka Jaamaca ee Qaybta 1099 (150 Highway),"Congregational Friday mosque with community prayer hall in 150 Highway residential & commercial grid, Hargeisa",9.58983,44.05118,Mosques (Masaajidda),place_of_worship,150 Highway,False,Moon,Masaajidda
wda_masjidka_al_imaan_ee_qaybta_1100_1100,Masjidka Al-Imaan ee Qaybta 1100 (Shaab / Institutional District),"Neighborhood community mosque and Quranic learning hub in Shaab / Institutional District residential & commercial grid, Hargeisa",9.56455,44.05745,Mosques (Masaajidda),place_of_worship,Shaab / Institutional District,False,Moon,Masaajidda
wda_suuqa_khdaarta_iyo_ganacsiga_ee__1101,Suuqa Khdaarta iyo Ganacsiga ee Qaybta 1101 (Maxamed Mooge),"Neighborhood open-air fresh market and commercial trade zone in Maxamed Mooge residential & commercial grid, Hargeisa",9.52773,44.10114,Markets & Malls,mall,Maxamed Mooge,False,ShoppingBag,Suuqyada & Xarumaha Ganacsiga
wda_xarunta_ganacsiga_supermarket_ee_1102,Xarunta Ganacsiga & Supermarket ee Qaybta 1102 (New Hargeisa),"Modern multi-store retail grocery and provisions shopping center in New Hargeisa residential & commercial grid, Hargeisa",9.56154,44.09425,Markets & Malls,mall,New Hargeisa,False,ShoppingBag,Suuqyada & Xarumaha Ganacsiga
wda_kaalinta_shidaalka_hass_national_1103,Kaalinta Shidaalka Hass / National ee Qaybta 1103 (Daami),"Service petrol station, diesel dispenser and tire service in Daami residential & commercial grid, Hargeisa",9.58135,44.08137,Fuel Stations (Kaalmaha Shidaalka),fuel,Daami,False,Fuel,Kaalmaha Shidaalka
wda_kaalinta_shidaalka_gaaska_ee_qay_1104,Kaalinta Shidaalka & Gaaska ee Qaybta 1104 (Shiraaqle),"Fuel station and LPG domestic gas distribution depot in Shiraaqle residential & commercial grid, Hargeisa",9.57014,44.10129,Fuel Stations (Kaalmaha Shidaalka),fuel,Shiraaqle,False,Fuel,Kaalmaha Shidaalka
wda_istaanka_gaadiidka_dadweynaha_ee_1105,Istaanka Gaadiidka Dadweynaha ee Qaybta 1105 (Koodbuur),"Minibus terminal and designated passenger pick-and-drop stop in Koodbuur residential & commercial grid, Hargeisa",9.58074,44.04233,Transport & Terminals,transit_station,Koodbuur,False,Navigation,Istaannada & Gaadiidka
wda_isgoyska_weyn_ee_gaadiidka_ee_qa_1106,Isgoyska Weyn ee Gaadiidka ee Qaybta 1106 (Airport Zone / Masalaha),"Major road intersection and inter-district transit artery in Airport Zone / Masalaha residential & commercial grid, Hargeisa",9.53192,44.08702,Transport & Terminals,transit_station,Airport Zone / Masalaha,False,Navigation,Istaannada & Gaadiidka
wda_huteelka_nasashada_martida_ee_qa_1107,Huteelka Nasashada & Martida ee Qaybta 1107 (Kilalka / Sheikh Nuur East),"Comfortable guest lodging and family dining restaurant in Kilalka / Sheikh Nuur East residential & commercial grid, Hargeisa",9.57874,44.09483,Hotels & Hospitality,hotel,Kilalka / Sheikh Nuur East,False,Hotel,Huteellada & Maqaayadaha
wda_laanta_zaad_dahabshiil_ee_qaybta_1108,Laanta ZAAD & Dahabshiil ee Qaybta 1108 (Goljano District),"Banking kiosk, e-remittance and ZAAD cash-in center in Goljano District residential & commercial grid, Hargeisa",9.56445,44.08141,Banks & Financial,bank,Goljano District,False,Landmark,Bangiyada & Xawaaladaha
wda_laanta_taaj_edahab_express_ee_qa_1109,Laanta TAAJ & Edahab Express ee Qaybta 1109 (Biyo Dhacay Area),"Financial services, money transfer and remittance desk in Biyo Dhacay Area residential & commercial grid, Hargeisa",9.56155,44.07445,Banks & Financial,bank,Biyo Dhacay Area,False,Landmark,Bangiyada & Xawaaladaha
wda_xafiiska_adeegga_somtel_telesom__1110,Xafiiska Adeegga Somtel & Telesom ee Qaybta 1110 (Xero Awr / Hero Awr),"Telecommunications branch, SIM registration and fiber service hub in Xero Awr / Hero Awr residential & commercial grid, Hargeisa",9.57215,44.04891,Corporate & Utilities,corporate,Xero Awr / Hero Awr,False,Building2,Shirkadaha & Isgaadhsiinta
wda_xarunta_korontada_sompower_ee_qa_1111,Xarunta Korontada Sompower ee Qaybta 1111 (Downtown Waheen),"District electrical distribution and bill payment center in Downtown Waheen residential & commercial grid, Hargeisa",9.55816,44.06507,Corporate & Utilities,utility,Downtown Waheen,False,Zap,Korontada & Biyaha
wda_xafiiska_waaxda_dowladda_hoose_e_1112,Xafiiska Waaxda Dowladda Hoose ee Qaybta 1112 (Jigjiga Yar),"Municipal sub-office and local civic administration center in Jigjiga Yar residential & commercial grid, Hargeisa",9.5732,44.03134,Government & Civic,government,Jigjiga Yar,False,Landmark,Hay'adaha Dowladda
wda_xaafada_deganaanshaha_ee_qaybta__1113,Xaafada Deganaanshaha ee Qaybta 1113 (Ahmed Dhagax),"Quiet residential enclave and community living sector in Ahmed Dhagax residential & commercial grid, Hargeisa",9.54924,44.04561,Xaafadaha (Districts),neighborhood,Ahmed Dhagax,False,Home,Xaafadaha & Degmooyinka
wda_cusbitaalka_gurmadka_caafimaadka_1114,Cusbitaalka Gurmadka Caafimaadka ee Qaybta 1114 (150 Highway),"Specialized neighborhood clinic & emergency health post in 150 Highway residential & commercial grid, Hargeisa",9.57478,44.04688,Hospitals & Healthcare,hospital,150 Highway,False,HeartPulse,Cusbitaallada & Rugaha Caafimaadka
wda_rugta_daryeelka_hooyada_dhallaan_1115,Rugta Daryeelka Hooyada & Dhallaanka ee Qaybta 1115 (Shaab / Institutional District),"Maternal and child care dispensary center in Shaab / Institutional District residential & commercial grid, Hargeisa",9.55452,44.05459,Hospitals & Healthcare,hospital,Shaab / Institutional District,False,HeartPulse,Cusbitaallada & Rugaha Caafimaadka
wda_farmasiga_shacabka_caafimaadka_e_1116,Farmasiga Shacabka & Caafimaadka ee Qaybta 1116 (Maxamed Mooge),"24/7 community pharmacy and dispensary outpost in Maxamed Mooge residential & commercial grid, Hargeisa",9.51196,44.09663,Hospitals & Healthcare,hospital,Maxamed Mooge,False,HeartPulse,Cusbitaallada & Rugaha Caafimaadka
wda_dugsiga_hoose_dhexe_ee_waxbarash_1117,Dugsiga Hoose/Dhexe ee Waxbarashada Qaybta 1117 (New Hargeisa),"Public primary & intermediate school campus in New Hargeisa residential & commercial grid, Hargeisa",9.54792,44.09037,Schools & Universities,school,New Hargeisa,False,GraduationCap,Dugsiyada & Waxbarashada
wda_akadeemiyada_casriga_ah_ee_qaybt_1118,Akadeemiyada Casriga ah ee Qaybta 1118 (Daami),"Modern high school and STEM educational institute in Daami residential & commercial grid, Hargeisa",9.56988,44.0781,Schools & Universities,school,Daami,False,GraduationCap,Dugsiyada & Waxbarashada
wda_machadka_tababarka_xirfadaha_ee__1119,Machadka Tababarka Xirfadaha ee Qaybta 1119 (Shiraaqle),"Vocational and technical training college center in Shiraaqle residential & commercial grid, Hargeisa",9.55724,44.09761,Schools & Universities,university,Shiraaqle,False,GraduationCap,Jaamacadaha & Kuliyadaha
wda_masjidka_jaamaca_ee_qaybta_1120__1120,Masjidka Jaamaca ee Qaybta 1120 (Koodbuur),"Congregational Friday mosque with community prayer hall in Koodbuur residential & commercial grid, Hargeisa",9.56856,44.03885,Mosques (Masaajidda),place_of_worship,Koodbuur,False,Moon,Masaajidda
wda_masjidka_al_imaan_ee_qaybta_1121_1121,Masjidka Al-Imaan ee Qaybta 1121 (Airport Zone / Masalaha),"Neighborhood community mosque and Quranic learning hub in Airport Zone / Masalaha residential & commercial grid, Hargeisa",9.514,44.0819,Mosques (Masaajidda),place_of_worship,Airport Zone / Masalaha,False,Moon,Masaajidda
wda_suuqa_khdaarta_iyo_ganacsiga_ee__1122,Suuqa Khdaarta iyo Ganacsiga ee Qaybta 1122 (Kilalka / Sheikh Nuur East),"Neighborhood open-air fresh market and commercial trade zone in Kilalka / Sheikh Nuur East residential & commercial grid, Hargeisa",9.56656,44.09135,Markets & Malls,mall,Kilalka / Sheikh Nuur East,False,ShoppingBag,Suuqyada & Xarumaha Ganacsiga
wda_xarunta_ganacsiga_supermarket_ee_1123,Xarunta Ganacsiga & Supermarket ee Qaybta 1123 (Goljano District),"Modern multi-store retail grocery and provisions shopping center in Goljano District residential & commercial grid, Hargeisa",9.5537,44.07834,Markets & Malls,mall,Goljano District,False,ShoppingBag,Suuqyada & Xarumaha Ganacsiga
wda_kaalinta_shidaalka_hass_national_1124,Kaalinta Shidaalka Hass / National ee Qaybta 1124 (Biyo Dhacay Area),"Service petrol station, diesel dispenser and tire service in Biyo Dhacay Area residential & commercial grid, Hargeisa",9.55152,44.07159,Fuel Stations (Kaalmaha Shidaalka),fuel,Biyo Dhacay Area,False,Fuel,Kaalmaha Shidaalka
wda_kaalinta_shidaalka_gaaska_ee_qay_1125,Kaalinta Shidaalka & Gaaska ee Qaybta 1125 (Xero Awr / Hero Awr),"Fuel station and LPG domestic gas distribution depot in Xero Awr / Hero Awr residential & commercial grid, Hargeisa",9.5614,44.04584,Fuel Stations (Kaalmaha Shidaalka),fuel,Xero Awr / Hero Awr,False,Fuel,Kaalmaha Shidaalka
wda_istaanka_gaadiidka_dadweynaha_ee_1126,Istaanka Gaadiidka Dadweynaha ee Qaybta 1126 (Downtown Waheen),"Minibus terminal and designated passenger pick-and-drop stop in Downtown Waheen residential & commercial grid, Hargeisa",9.56289,44.07281,Transport & Terminals,transit_station,Downtown Waheen,False,Navigation,Istaannada & Gaadiidka
wda_isgoyska_weyn_ee_gaadiidka_ee_qa_1127,Isgoyska Weyn ee Gaadiidka ee Qaybta 1127 (Jigjiga Yar),"Major road intersection and inter-district transit artery in Jigjiga Yar residential & commercial grid, Hargeisa",9.57911,44.04101,Transport & Terminals,transit_station,Jigjiga Yar,False,Navigation,Istaannada & Gaadiidka
wda_huteelka_nasashada_martida_ee_qa_1128,Huteelka Nasashada & Martida ee Qaybta 1128 (Ahmed Dhagax),"Comfortable guest lodging and family dining restaurant in Ahmed Dhagax residential & commercial grid, Hargeisa",9.55633,44.05722,Hotels & Hospitality,hotel,Ahmed Dhagax,False,Hotel,Huteellada & Maqaayadaha
wda_laanta_zaad_dahabshiil_ee_qaybta_1129,Laanta ZAAD & Dahabshiil ee Qaybta 1129 (150 Highway),"Banking kiosk, e-remittance and ZAAD cash-in center in 150 Highway residential & commercial grid, Hargeisa",9.58305,44.06042,Banks & Financial,bank,150 Highway,False,Landmark,Bangiyada & Xawaaladaha
wda_laanta_taaj_edahab_express_ee_qa_1130,Laanta TAAJ & Edahab Express ee Qaybta 1130 (Shaab / Institutional District),"Financial services, money transfer and remittance desk in Shaab / Institutional District residential & commercial grid, Hargeisa",9.56003,44.06361,Banks & Financial,bank,Shaab / Institutional District,False,Landmark,Bangiyada & Xawaaladaha
wda_xafiiska_adeegga_somtel_telesom__1131,Xafiiska Adeegga Somtel & Telesom ee Qaybta 1131 (Maxamed Mooge),"Telecommunications branch, SIM registration and fiber service hub in Maxamed Mooge residential & commercial grid, Hargeisa",9.52063,44.11082,Corporate & Utilities,corporate,Maxamed Mooge,False,Building2,Shirkadaha & Isgaadhsiinta
wda_xarunta_korontada_sompower_ee_qa_1132,Xarunta Korontada Sompower ee Qaybta 1132 (New Hargeisa),"District electrical distribution and bill payment center in New Hargeisa residential & commercial grid, Hargeisa",9.5554,44.10262,Corporate & Utilities,utility,New Hargeisa,False,Zap,Korontada & Biyaha
wda_xafiiska_waaxda_dowladda_hoose_e_1133,Xafiiska Waaxda Dowladda Hoose ee Qaybta 1133 (Daami),"Municipal sub-office and local civic administration center in Daami residential & commercial grid, Hargeisa",9.57618,44.08841,Government & Civic,government,Daami,False,Landmark,Hay'adaha Dowladda
wda_xaafada_deganaanshaha_ee_qaybta__1134,Xaafada Deganaanshaha ee Qaybta 1134 (Shiraaqle),"Quiet residential enclave and community living sector in Shiraaqle residential & commercial grid, Hargeisa",9.56433,44.10922,Xaafadaha (Districts),neighborhood,Shiraaqle,False,Home,Xaafadaha & Degmooyinka
wda_cusbitaalka_gurmadka_caafimaadka_1135,Cusbitaalka Gurmadka Caafimaadka ee Qaybta 1135 (Koodbuur),"Specialized neighborhood clinic & emergency health post in Koodbuur residential & commercial grid, Hargeisa",9.57526,44.04982,Hospitals & Healthcare,hospital,Koodbuur,False,HeartPulse,Cusbitaallada & Rugaha Caafimaadka
wda_rugta_daryeelka_hooyada_dhallaan_1136,Rugta Daryeelka Hooyada & Dhallaanka ee Qaybta 1136 (Airport Zone / Masalaha),"Maternal and child care dispensary center in Airport Zone / Masalaha residential & commercial grid, Hargeisa",9.52385,44.09802,Hospitals & Healthcare,hospital,Airport Zone / Masalaha,False,HeartPulse,Cusbitaallada & Rugaha Caafimaadka
wda_farmasiga_shacabka_caafimaadka_e_1137,Farmasiga Shacabka & Caafimaadka ee Qaybta 1137 (Kilalka / Sheikh Nuur East),"24/7 community pharmacy and dispensary outpost in Kilalka / Sheikh Nuur East residential & commercial grid, Hargeisa",9.57326,44.10232,Hospitals & Healthcare,hospital,Kilalka / Sheikh Nuur East,False,HeartPulse,Cusbitaallada & Rugaha Caafimaadka
wda_dugsiga_hoose_dhexe_ee_waxbarash_1138,Dugsiga Hoose/Dhexe ee Waxbarashada Qaybta 1138 (Goljano District),"Public primary & intermediate school campus in Goljano District residential & commercial grid, Hargeisa",9.55961,44.08801,Schools & Universities,school,Goljano District,False,GraduationCap,Dugsiyada & Waxbarashada
wda_akadeemiyada_casriga_ah_ee_qaybt_1139,Akadeemiyada Casriga ah ee Qaybta 1139 (Biyo Dhacay Area),"Modern high school and STEM educational institute in Biyo Dhacay Area residential & commercial grid, Hargeisa",9.55703,44.08061,Schools & Universities,school,Biyo Dhacay Area,False,GraduationCap,Dugsiyada & Waxbarashada
wda_machadka_tababarka_xirfadaha_ee__1140,Machadka Tababarka Xirfadaha ee Qaybta 1140 (Xero Awr / Hero Awr),"Vocational and technical training college center in Xero Awr / Hero Awr residential & commercial grid, Hargeisa",9.56731,44.05551,Schools & Universities,university,Xero Awr / Hero Awr,False,GraduationCap,Jaamacadaha & Kuliyadaha
wda_masjidka_jaamaca_ee_qaybta_1141__1141,Masjidka Jaamaca ee Qaybta 1141 (Downtown Waheen),"Congregational Friday mosque with community prayer hall in Downtown Waheen residential & commercial grid, Hargeisa",9.56456,44.06383,Mosques (Masaajidda),place_of_worship,Downtown Waheen,False,Moon,Masaajidda
wda_masjidka_al_imaan_ee_qaybta_1142_1142,Masjidka Al-Imaan ee Qaybta 1142 (Jigjiga Yar),"Neighborhood community mosque and Quranic learning hub in Jigjiga Yar residential & commercial grid, Hargeisa",9.5812,44.02978,Mosques (Masaajidda),place_of_worship,Jigjiga Yar,False,Moon,Masaajidda
wda_suuqa_khdaarta_iyo_ganacsiga_ee__1143,Suuqa Khdaarta iyo Ganacsiga ee Qaybta 1143 (Ahmed Dhagax),"Neighborhood open-air fresh market and commercial trade zone in Ahmed Dhagax residential & commercial grid, Hargeisa",9.55884,44.04374,Markets & Malls,mall,Ahmed Dhagax,False,ShoppingBag,Suuqyada & Xarumaha Ganacsiga
wda_xarunta_ganacsiga_supermarket_ee_1144,Xarunta Ganacsiga & Supermarket ee Qaybta 1144 (150 Highway),"Modern multi-store retail grocery and provisions shopping center in 150 Highway residential & commercial grid, Hargeisa",9.58598,44.0447,Markets & Malls,mall,150 Highway,False,ShoppingBag,Suuqyada & Xarumaha Ganacsiga
wda_kaalinta_shidaalka_hass_national_1145,Kaalinta Shidaalka Hass / National ee Qaybta 1145 (Shaab / Institutional District),"Service petrol station, diesel dispenser and tire service in Shaab / Institutional District residential & commercial grid, Hargeisa",9.56199,44.05313,Fuel Stations (Kaalmaha Shidaalka),fuel,Shaab / Institutional District,False,Fuel,Kaalmaha Shidaalka
wda_kaalinta_shidaalka_gaaska_ee_qay_1146,Kaalinta Shidaalka & Gaaska ee Qaybta 1146 (Maxamed Mooge),"Fuel station and LPG domestic gas distribution depot in Maxamed Mooge residential & commercial grid, Hargeisa",9.5237,44.09435,Fuel Stations (Kaalmaha Shidaalka),fuel,Maxamed Mooge,False,Fuel,Kaalmaha Shidaalka
wda_istaanka_gaadiidka_dadweynaha_ee_1147,Istaanka Gaadiidka Dadweynaha ee Qaybta 1147 (New Hargeisa),"Minibus terminal and designated passenger pick-and-drop stop in New Hargeisa residential & commercial grid, Hargeisa",9.55806,44.08839,Transport & Terminals,transit_station,New Hargeisa,False,Navigation,Istaannada & Gaadiidka
wda_isgoyska_weyn_ee_gaadiidka_ee_qa_1148,Isgoyska Weyn ee Gaadiidka ee Qaybta 1148 (Daami),"Major road intersection and inter-district transit artery in Daami residential & commercial grid, Hargeisa",9.57842,44.07644,Transport & Terminals,transit_station,Daami,False,Navigation,Istaannada & Gaadiidka
wda_huteelka_nasashada_martida_ee_qa_1149,Huteelka Nasashada & Martida ee Qaybta 1149 (Shiraaqle),"Comfortable guest lodging and family dining restaurant in Shiraaqle residential & commercial grid, Hargeisa",9.56684,44.09574,Hotels & Hospitality,hotel,Shiraaqle,False,Hotel,Huteellada & Maqaayadaha
wda_laanta_zaad_dahabshiil_ee_qaybta_1150,Laanta ZAAD & Dahabshiil ee Qaybta 1150 (Koodbuur),"Banking kiosk, e-remittance and ZAAD cash-in center in Koodbuur residential & commercial grid, Hargeisa",9.57763,44.03709,Banks & Financial,bank,Koodbuur,False,Landmark,Bangiyada & Xawaaladaha
wda_laanta_taaj_edahab_express_ee_qa_1151,Laanta TAAJ & Edahab Express ee Qaybta 1151 (Airport Zone / Masalaha),"Financial services, money transfer and remittance desk in Airport Zone / Masalaha residential & commercial grid, Hargeisa",9.52734,44.07931,Banks & Financial,bank,Airport Zone / Masalaha,False,Landmark,Bangiyada & Xawaaladaha
wda_xafiiska_adeegga_somtel_telesom__1152,Xafiiska Adeegga Somtel & Telesom ee Qaybta 1152 (Kilalka / Sheikh Nuur East),"Telecommunications branch, SIM registration and fiber service hub in Kilalka / Sheikh Nuur East residential & commercial grid, Hargeisa",9.57563,44.08959,Corporate & Utilities,corporate,Kilalka / Sheikh Nuur East,False,Building2,Shirkadaha & Isgaadhsiinta
wda_xarunta_korontada_sompower_ee_qa_1153,Xarunta Korontada Sompower ee Qaybta 1153 (Goljano District),"District electrical distribution and bill payment center in Goljano District residential & commercial grid, Hargeisa",9.5617,44.07678,Corporate & Utilities,utility,Goljano District,False,Zap,Korontada & Biyaha
wda_xafiiska_waaxda_dowladda_hoose_e_1154,Xafiiska Waaxda Dowladda Hoose ee Qaybta 1154 (Biyo Dhacay Area),"Municipal sub-office and local civic administration center in Biyo Dhacay Area residential & commercial grid, Hargeisa",9.55899,44.07013,Government & Civic,government,Biyo Dhacay Area,False,Landmark,Hay'adaha Dowladda
wda_xaafada_deganaanshaha_ee_qaybta__1155,Xaafada Deganaanshaha ee Qaybta 1155 (Xero Awr / Hero Awr),"Quiet residential enclave and community living sector in Xero Awr / Hero Awr residential & commercial grid, Hargeisa",9.5694,44.04428,Xaafadaha (Districts),neighborhood,Xero Awr / Hero Awr,False,Home,Xaafadaha & Degmooyinka
wda_cusbitaalka_gurmadka_caafimaadka_1156,Cusbitaalka Gurmadka Caafimaadka ee Qaybta 1156 (Downtown Waheen),"Specialized neighborhood clinic & emergency health post in Downtown Waheen residential & commercial grid, Hargeisa",9.55731,44.06933,Hospitals & Healthcare,hospital,Downtown Waheen,False,HeartPulse,Cusbitaallada & Rugaha Caafimaadka
wda_rugta_daryeelka_hooyada_dhallaan_1157,Rugta Daryeelka Hooyada & Dhallaanka ee Qaybta 1157 (Jigjiga Yar),"Maternal and child care dispensary center in Jigjiga Yar residential & commercial grid, Hargeisa",9.57214,44.03666,Hospitals & Healthcare,hospital,Jigjiga Yar,False,HeartPulse,Cusbitaallada & Rugaha Caafimaadka
wda_farmasiga_shacabka_caafimaadka_e_1158,Farmasiga Shacabka & Caafimaadka ee Qaybta 1158 (Ahmed Dhagax),"24/7 community pharmacy and dispensary outpost in Ahmed Dhagax residential & commercial grid, Hargeisa",9.54797,44.05199,Hospitals & Healthcare,hospital,Ahmed Dhagax,False,HeartPulse,Cusbitaallada & Rugaha Caafimaadka
wda_dugsiga_hoose_dhexe_ee_waxbarash_1159,Dugsiga Hoose/Dhexe ee Waxbarashada Qaybta 1159 (150 Highway),"Public primary & intermediate school campus in 150 Highway residential & commercial grid, Hargeisa",9.5733,44.05432,Schools & Universities,school,150 Highway,False,GraduationCap,Dugsiyada & Waxbarashada
wda_akadeemiyada_casriga_ah_ee_qaybt_1160,Akadeemiyada Casriga ah ee Qaybta 1160 (Shaab / Institutional District),"Modern high school and STEM educational institute in Shaab / Institutional District residential & commercial grid, Hargeisa",9.55353,44.05955,Schools & Universities,school,Shaab / Institutional District,False,GraduationCap,Dugsiyada & Waxbarashada
wda_machadka_tababarka_xirfadaha_ee__1161,Machadka Tababarka Xirfadaha ee Qaybta 1161 (Maxamed Mooge),"Vocational and technical training college center in Maxamed Mooge residential & commercial grid, Hargeisa",9.5104,44.10443,Schools & Universities,university,Maxamed Mooge,False,GraduationCap,Jaamacadaha & Kuliyadaha
wda_masjidka_jaamaca_ee_qaybta_1162__1162,Masjidka Jaamaca ee Qaybta 1162 (New Hargeisa),"Congregational Friday mosque with community prayer hall in New Hargeisa residential & commercial grid, Hargeisa",9.54658,44.0971,Mosques (Masaajidda),place_of_worship,New Hargeisa,False,Moon,Masaajidda
wda_masjidka_al_imaan_ee_qaybta_1163_1163,Masjidka Al-Imaan ee Qaybta 1163 (Daami),"Neighborhood community mosque and Quranic learning hub in Daami residential & commercial grid, Hargeisa",9.56875,44.08377,Mosques (Masaajidda),place_of_worship,Daami,False,Moon,Masaajidda
wda_suuqa_khdaarta_iyo_ganacsiga_ee__1164,Suuqa Khdaarta iyo Ganacsiga ee Qaybta 1164 (Shiraaqle),"Neighborhood open-air fresh market and commercial trade zone in Shiraaqle residential & commercial grid, Hargeisa",9.55597,44.10399,Markets & Malls,mall,Shiraaqle,False,ShoppingBag,Suuqyada & Xarumaha Ganacsiga
wda_xarunta_ganacsiga_supermarket_ee_1165,Xarunta Ganacsiga & Supermarket ee Qaybta 1165 (Koodbuur),"Modern multi-store retail grocery and provisions shopping center in Koodbuur residential & commercial grid, Hargeisa",9.56736,44.04488,Markets & Malls,mall,Koodbuur,False,ShoppingBag,Suuqyada & Xarumaha Ganacsiga
wda_kaalinta_shidaalka_hass_national_1166,Kaalinta Shidaalka Hass / National ee Qaybta 1166 (Airport Zone / Masalaha),"Service petrol station, diesel dispenser and tire service in Airport Zone / Masalaha residential & commercial grid, Hargeisa",9.51223,44.09077,Fuel Stations (Kaalmaha Shidaalka),fuel,Airport Zone / Masalaha,False,Fuel,Kaalmaha Shidaalka
wda_kaalinta_shidaalka_gaaska_ee_qay_1167,Kaalinta Shidaalka & Gaaska ee Qaybta 1167 (Kilalka / Sheikh Nuur East),"Fuel station and LPG domestic gas distribution depot in Kilalka / Sheikh Nuur East residential & commercial grid, Hargeisa",9.56536,44.09738,Fuel Stations (Kaalmaha Shidaalka),fuel,Kilalka / Sheikh Nuur East,False,Fuel,Kaalmaha Shidaalka
wda_istaanka_gaadiidka_dadweynaha_ee_1168,Istaanka Gaadiidka Dadweynaha ee Qaybta 1168 (Goljano District),"Minibus terminal and designated passenger pick-and-drop stop in Goljano District residential & commercial grid, Hargeisa",9.55264,44.08366,Transport & Terminals,transit_station,Goljano District,False,Navigation,Istaannada & Gaadiidka
wda_isgoyska_weyn_ee_gaadiidka_ee_qa_1169,Isgoyska Weyn ee Gaadiidka ee Qaybta 1169 (Biyo Dhacay Area),"Major road intersection and inter-district transit artery in Biyo Dhacay Area residential & commercial grid, Hargeisa",9.55053,44.07655,Transport & Terminals,transit_station,Biyo Dhacay Area,False,Navigation,Istaannada & Gaadiidka
wda_huteelka_nasashada_martida_ee_qa_1170,Huteelka Nasashada & Martida ee Qaybta 1170 (Xero Awr / Hero Awr),"Comfortable guest lodging and family dining restaurant in Xero Awr / Hero Awr residential & commercial grid, Hargeisa",9.56034,44.05116,Hotels & Hospitality,hotel,Xero Awr / Hero Awr,False,Hotel,Huteellada & Maqaayadaha
wda_laanta_zaad_dahabshiil_ee_qaybta_1171,Laanta ZAAD & Dahabshiil ee Qaybta 1171 (Downtown Waheen),"Banking kiosk, e-remittance and ZAAD cash-in center in Downtown Waheen residential & commercial grid, Hargeisa",9.56636,44.07024,Banks & Financial,bank,Downtown Waheen,False,Landmark,Bangiyada & Xawaaladaha
wda_laanta_taaj_edahab_express_ee_qa_1172,Laanta TAAJ & Edahab Express ee Qaybta 1172 (Jigjiga Yar),"Financial services, money transfer and remittance desk in Jigjiga Yar residential & commercial grid, Hargeisa",9.58345,44.0378,Banks & Financial,bank,Jigjiga Yar,False,Landmark,Bangiyada & Xawaaladaha
wda_xafiiska_adeegga_somtel_telesom__1173,Xafiiska Adeegga Somtel & Telesom ee Qaybta 1173 (Ahmed Dhagax),"Telecommunications branch, SIM registration and fiber service hub in Ahmed Dhagax residential & commercial grid, Hargeisa",9.56154,44.05336,Corporate & Utilities,corporate,Ahmed Dhagax,False,Building2,Shirkadaha & Isgaadhsiinta
wda_xarunta_korontada_sompower_ee_qa_1174,Xarunta Korontada Sompower ee Qaybta 1174 (150 Highway),"District electrical distribution and bill payment center in 150 Highway residential & commercial grid, Hargeisa",9.58913,44.05592,Corporate & Utilities,utility,150 Highway,False,Zap,Korontada & Biyaha
wda_xafiiska_waaxda_dowladda_hoose_e_1175,Xafiiska Waaxda Dowladda Hoose ee Qaybta 1175 (Shaab / Institutional District),"Municipal sub-office and local civic administration center in Shaab / Institutional District residential & commercial grid, Hargeisa",9.56409,44.06062,Government & Civic,government,Shaab / Institutional District,False,Landmark,Hay'adaha Dowladda
wda_xaafada_deganaanshaha_ee_qaybta__1176,Xaafada Deganaanshaha ee Qaybta 1176 (Maxamed Mooge),"Quiet residential enclave and community living sector in Maxamed Mooge residential & commercial grid, Hargeisa",9.52699,44.10611,Xaafadaha (Districts),neighborhood,Maxamed Mooge,False,Home,Xaafadaha & Degmooyinka
wda_cusbitaalka_gurmadka_caafimaadka_1177,Cusbitaalka Gurmadka Caafimaadka ee Qaybta 1177 (New Hargeisa),"Specialized neighborhood clinic & emergency health post in New Hargeisa residential & commercial grid, Hargeisa",9.5609,44.09855,Hospitals & Healthcare,hospital,New Hargeisa,False,HeartPulse,Cusbitaallada & Rugaha Caafimaadka
wda_rugta_daryeelka_hooyada_dhallaan_1178,Rugta Daryeelka Hooyada & Dhallaanka ee Qaybta 1178 (Daami),"Maternal and child care dispensary center in Daami residential & commercial grid, Hargeisa",9.58081,44.08499,Hospitals & Healthcare,hospital,Daami,False,HeartPulse,Cusbitaallada & Rugaha Caafimaadka
wda_farmasiga_shacabka_caafimaadka_e_1179,Farmasiga Shacabka & Caafimaadka ee Qaybta 1179 (Shiraaqle),"24/7 community pharmacy and dispensary outpost in Shiraaqle residential & commercial grid, Hargeisa",9.56954,44.10536,Hospitals & Healthcare,hospital,Shiraaqle,False,HeartPulse,Cusbitaallada & Rugaha Caafimaadka
wda_dugsiga_hoose_dhexe_ee_waxbarash_1180,Dugsiga Hoose/Dhexe ee Waxbarashada Qaybta 1180 (Koodbuur),"Public primary & intermediate school campus in Koodbuur residential & commercial grid, Hargeisa",9.58018,44.04618,Schools & Universities,school,Koodbuur,False,GraduationCap,Dugsiyada & Waxbarashada
wda_akadeemiyada_casriga_ah_ee_qaybt_1181,Akadeemiyada Casriga ah ee Qaybta 1181 (Airport Zone / Masalaha),"Modern high school and STEM educational institute in Airport Zone / Masalaha residential & commercial grid, Hargeisa",9.53108,44.09267,Schools & Universities,school,Airport Zone / Masalaha,False,GraduationCap,Dugsiyada & Waxbarashada
wda_machadka_tababarka_xirfadaha_ee__1182,Machadka Tababarka Xirfadaha ee Qaybta 1182 (Kilalka / Sheikh Nuur East),"Vocational and technical training college center in Kilalka / Sheikh Nuur East residential & commercial grid, Hargeisa",9.57818,44.09868,Schools & Universities,university,Kilalka / Sheikh Nuur East,False,GraduationCap,Jaamacadaha & Kuliyadaha
wda_masjidka_jaamaca_ee_qaybta_1183__1183,Masjidka Jaamaca ee Qaybta 1183 (Goljano District),"Congregational Friday mosque with community prayer hall in Goljano District residential & commercial grid, Hargeisa",9.56395,44.0848,Mosques (Masaajidda),place_of_worship,Goljano District,False,Moon,Masaajidda
wda_masjidka_al_imaan_ee_qaybta_1184_1184,Masjidka Al-Imaan ee Qaybta 1184 (Biyo Dhacay Area),"Neighborhood community mosque and Quranic learning hub in Biyo Dhacay Area residential & commercial grid, Hargeisa",9.56109,44.07762,Mosques (Masaajidda),place_of_worship,Biyo Dhacay Area,False,Moon,Masaajidda
wda_suuqa_khdaarta_iyo_ganacsiga_ee__1185,Suuqa Khdaarta iyo Ganacsiga ee Qaybta 1185 (Xero Awr / Hero Awr),"Neighborhood open-air fresh market and commercial trade zone in Xero Awr / Hero Awr residential & commercial grid, Hargeisa",9.57165,44.0523,Markets & Malls,mall,Xero Awr / Hero Awr,False,ShoppingBag,Suuqyada & Xarumaha Ganacsiga
wda_xarunta_ganacsiga_supermarket_ee_1186,Xarunta Ganacsiga & Supermarket ee Qaybta 1186 (Downtown Waheen),"Modern multi-store retail grocery and provisions shopping center in Downtown Waheen residential & commercial grid, Hargeisa",9.56027,44.06334,Markets & Malls,mall,Downtown Waheen,False,ShoppingBag,Suuqyada & Xarumaha Ganacsiga
wda_kaalinta_shidaalka_hass_national_1187,Kaalinta Shidaalka Hass / National ee Qaybta 1187 (Jigjiga Yar),"Service petrol station, diesel dispenser and tire service in Jigjiga Yar residential & commercial grid, Hargeisa",9.57584,44.02918,Fuel Stations (Kaalmaha Shidaalka),fuel,Jigjiga Yar,False,Fuel,Kaalmaha Shidaalka
wda_kaalinta_shidaalka_gaaska_ee_qay_1188,Kaalinta Shidaalka & Gaaska ee Qaybta 1188 (Ahmed Dhagax),"Fuel station and LPG domestic gas distribution depot in Ahmed Dhagax residential & commercial grid, Hargeisa",9.55241,44.04301,Fuel Stations (Kaalmaha Shidaalka),fuel,Ahmed Dhagax,False,Fuel,Kaalmaha Shidaalka
wda_istaanka_gaadiidka_dadweynaha_ee_1189,Istaanka Gaadiidka Dadweynaha ee Qaybta 1189 (150 Highway),"Minibus terminal and designated passenger pick-and-drop stop in 150 Highway residential & commercial grid, Hargeisa",9.57847,44.04385,Transport & Terminals,transit_station,150 Highway,False,Navigation,Istaannada & Gaadiidka
wda_isgoyska_weyn_ee_gaadiidka_ee_qa_1190,Isgoyska Weyn ee Gaadiidka ee Qaybta 1190 (Shaab / Institutional District),"Major road intersection and inter-district transit artery in Shaab / Institutional District residential & commercial grid, Hargeisa",9.55698,44.05256,Transport & Terminals,transit_station,Shaab / Institutional District,False,Navigation,Istaannada & Gaadiidka
wda_huteelka_nasashada_martida_ee_qa_1191,Huteelka Nasashada & Martida ee Qaybta 1191 (Maxamed Mooge),"Comfortable guest lodging and family dining restaurant in Maxamed Mooge residential & commercial grid, Hargeisa",9.51583,44.09346,Hotels & Hospitality,hotel,Maxamed Mooge,False,Hotel,Huteellada & Maqaayadaha
wda_laanta_zaad_dahabshiil_ee_qaybta_1192,Laanta ZAAD & Dahabshiil ee Qaybta 1192 (New Hargeisa),"Banking kiosk, e-remittance and ZAAD cash-in center in New Hargeisa residential & commercial grid, Hargeisa",9.55126,44.08762,Banks & Financial,bank,New Hargeisa,False,Landmark,Bangiyada & Xawaaladaha
wda_laanta_taaj_edahab_express_ee_qa_1193,Laanta TAAJ & Edahab Express ee Qaybta 1193 (Daami),"Financial services, money transfer and remittance desk in Daami residential & commercial grid, Hargeisa",9.57269,44.07579,Banks & Financial,bank,Daami,False,Landmark,Bangiyada & Xawaaladaha
wda_xafiiska_adeegga_somtel_telesom__1194,Xafiiska Adeegga Somtel & Telesom ee Qaybta 1194 (Shiraaqle),"Telecommunications branch, SIM registration and fiber service hub in Shiraaqle residential & commercial grid, Hargeisa",9.56041,44.09501,Corporate & Utilities,corporate,Shiraaqle,False,Building2,Shirkadaha & Isgaadhsiinta
wda_xarunta_korontada_sompower_ee_qa_1195,Xarunta Korontada Sompower ee Qaybta 1195 (Koodbuur),"District electrical distribution and bill payment center in Koodbuur residential & commercial grid, Hargeisa",9.57155,44.0364,Corporate & Utilities,utility,Koodbuur,False,Zap,Korontada & Biyaha
wda_xafiiska_waaxda_dowladda_hoose_e_1196,Xafiiska Waaxda Dowladda Hoose ee Qaybta 1196 (Airport Zone / Masalaha),"Municipal sub-office and local civic administration center in Airport Zone / Masalaha residential & commercial grid, Hargeisa",9.5184,44.07829,Government & Civic,government,Airport Zone / Masalaha,False,Landmark,Hay'adaha Dowladda
wda_xaafada_deganaanshaha_ee_qaybta__1197,Xaafada Deganaanshaha ee Qaybta 1197 (Kilalka / Sheikh Nuur East),"Quiet residential enclave and community living sector in Kilalka / Sheikh Nuur East residential & commercial grid, Hargeisa",9.56955,44.0889,Xaafadaha (Districts),neighborhood,Kilalka / Sheikh Nuur East,False,Home,Xaafadaha & Degmooyinka
wda_cusbitaalka_gurmadka_caafimaadka_1198,Cusbitaalka Gurmadka Caafimaadka ee Qaybta 1198 (Goljano District),"Specialized neighborhood clinic & emergency health post in Goljano District residential & commercial grid, Hargeisa",9.55634,44.07618,Hospitals & Healthcare,hospital,Goljano District,False,HeartPulse,Cusbitaallada & Rugaha Caafimaadka
wda_rugta_daryeelka_hooyada_dhallaan_1199,Rugta Daryeelka Hooyada & Dhallaanka ee Qaybta 1199 (Biyo Dhacay Area),"Maternal and child care dispensary center in Biyo Dhacay Area residential & commercial grid, Hargeisa",9.55398,44.06956,Hospitals & Healthcare,hospital,Biyo Dhacay Area,False,HeartPulse,Cusbitaallada & Rugaha Caafimaadka
wda_farmasiga_shacabka_caafimaadka_e_1200,Farmasiga Shacabka & Caafimaadka ee Qaybta 1200 (Xero Awr / Hero Awr),"24/7 community pharmacy and dispensary outpost in Xero Awr / Hero Awr residential & commercial grid, Hargeisa",9.56404,44.04368,Hospitals & Healthcare,hospital,Xero Awr / Hero Awr,False,HeartPulse,Cusbitaallada & Rugaha Caafimaadka
wda_dugsiga_hoose_dhexe_ee_waxbarash_1201,Dugsiga Hoose/Dhexe ee Waxbarashada Qaybta 1201 (Downtown Waheen),"Public primary & intermediate school campus in Downtown Waheen residential & commercial grid, Hargeisa",9.56016,44.07264,Schools & Universities,school,Downtown Waheen,False,GraduationCap,Dugsiyada & Waxbarashada
wda_akadeemiyada_casriga_ah_ee_qaybt_1202,Akadeemiyada Casriga ah ee Qaybta 1202 (Jigjiga Yar),"Modern high school and STEM educational institute in Jigjiga Yar residential & commercial grid, Hargeisa",9.5757,44.0408,Schools & Universities,school,Jigjiga Yar,False,GraduationCap,Dugsiyada & Waxbarashada
wda_machadka_tababarka_xirfadaha_ee__1203,Machadka Tababarka Xirfadaha ee Qaybta 1203 (Ahmed Dhagax),"Vocational and technical training college center in Ahmed Dhagax residential & commercial grid, Hargeisa",9.55225,44.05696,Schools & Universities,university,Ahmed Dhagax,False,GraduationCap,Jaamacadaha & Kuliyadaha
wda_masjidka_jaamaca_ee_qaybta_1204__1204,Masjidka Jaamaca ee Qaybta 1204 (150 Highway),"Congregational Friday mosque with community prayer hall in 150 Highway residential & commercial grid, Hargeisa",9.57829,44.06012,Mosques (Masaajidda),place_of_worship,150 Highway,False,Moon,Masaajidda
wda_masjidka_al_imaan_ee_qaybta_1205_1205,Masjidka Al-Imaan ee Qaybta 1205 (Shaab / Institutional District),"Neighborhood community mosque and Quranic learning hub in Shaab / Institutional District residential & commercial grid, Hargeisa",9.55686,44.06341,Mosques (Masaajidda),place_of_worship,Shaab / Institutional District,False,Moon,Masaajidda
wda_suuqa_khdaarta_iyo_ganacsiga_ee__1206,Suuqa Khdaarta iyo Ganacsiga ee Qaybta 1206 (Maxamed Mooge),"Neighborhood open-air fresh market and commercial trade zone in Maxamed Mooge residential & commercial grid, Hargeisa",9.51563,44.1105,Markets & Malls,mall,Maxamed Mooge,False,ShoppingBag,Suuqyada & Xarumaha Ganacsiga
wda_xarunta_ganacsiga_supermarket_ee_1207,Xarunta Ganacsiga & Supermarket ee Qaybta 1207 (New Hargeisa),"Modern multi-store retail grocery and provisions shopping center in New Hargeisa residential & commercial grid, Hargeisa",9.55109,44.10235,Markets & Malls,mall,New Hargeisa,False,ShoppingBag,Suuqyada & Xarumaha Ganacsiga
wda_kaalinta_shidaalka_hass_national_1208,Kaalinta Shidaalka Hass / National ee Qaybta 1208 (Daami),"Service petrol station, diesel dispenser and tire service in Daami residential & commercial grid, Hargeisa",9.57255,44.08819,Fuel Stations (Kaalmaha Shidaalka),fuel,Daami,False,Fuel,Kaalmaha Shidaalka
wda_kaalinta_shidaalka_gaaska_ee_qay_1209,Kaalinta Shidaalka & Gaaska ee Qaybta 1209 (Shiraaqle),"Fuel station and LPG domestic gas distribution depot in Shiraaqle residential & commercial grid, Hargeisa",9.56025,44.10896,Fuel Stations (Kaalmaha Shidaalka),fuel,Shiraaqle,False,Fuel,Kaalmaha Shidaalka
wda_istaanka_gaadiidka_dadweynaha_ee_1210,Istaanka Gaadiidka Dadweynaha ee Qaybta 1210 (Koodbuur),"Minibus terminal and designated passenger pick-and-drop stop in Koodbuur residential & commercial grid, Hargeisa",9.5714,44.04957,Transport & Terminals,transit_station,Koodbuur,False,Navigation,Istaannada & Gaadiidka
wda_isgoyska_weyn_ee_gaadiidka_ee_qa_1211,Isgoyska Weyn ee Gaadiidka ee Qaybta 1211 (Airport Zone / Masalaha),"Major road intersection and inter-district transit artery in Airport Zone / Masalaha residential & commercial grid, Hargeisa",9.51817,44.09766,Transport & Terminals,transit_station,Airport Zone / Masalaha,False,Navigation,Istaannada & Gaadiidka
wda_huteelka_nasashada_martida_ee_qa_1212,Huteelka Nasashada & Martida ee Qaybta 1212 (Kilalka / Sheikh Nuur East),"Comfortable guest lodging and family dining restaurant in Kilalka / Sheikh Nuur East residential & commercial grid, Hargeisa",9.5694,44.10207,Hotels & Hospitality,hotel,Kilalka / Sheikh Nuur East,False,Hotel,Huteellada & Maqaayadaha
wda_laanta_zaad_dahabshiil_ee_qaybta_1213,Laanta ZAAD & Dahabshiil ee Qaybta 1213 (Goljano District),"Banking kiosk, e-remittance and ZAAD cash-in center in Goljano District residential & commercial grid, Hargeisa",9.5562,44.0878,Banks & Financial,bank,Goljano District,False,Landmark,Bangiyada & Xawaaladaha
wda_laanta_taaj_edahab_express_ee_qa_1214,Laanta TAAJ & Edahab Express ee Qaybta 1214 (Biyo Dhacay Area),"Financial services, money transfer and remittance desk in Biyo Dhacay Area residential & commercial grid, Hargeisa",9.55386,44.08041,Banks & Financial,bank,Biyo Dhacay Area,False,Landmark,Bangiyada & Xawaaladaha
wda_xafiiska_adeegga_somtel_telesom__1215,Xafiiska Adeegga Somtel & Telesom ee Qaybta 1215 (Xero Awr / Hero Awr),"Telecommunications branch, SIM registration and fiber service hub in Xero Awr / Hero Awr residential & commercial grid, Hargeisa",9.5639,44.0553,Corporate & Utilities,corporate,Xero Awr / Hero Awr,False,Building2,Shirkadaha & Isgaadhsiinta
wda_xarunta_korontada_sompower_ee_qa_1216,Xarunta Korontada Sompower ee Qaybta 1216 (Downtown Waheen),"District electrical distribution and bill payment center in Downtown Waheen residential & commercial grid, Hargeisa",9.56646,44.06583,Corporate & Utilities,utility,Downtown Waheen,False,Zap,Korontada & Biyaha
wda_xafiiska_waaxda_dowladda_hoose_e_1217,Xafiiska Waaxda Dowladda Hoose ee Qaybta 1217 (Jigjiga Yar),"Municipal sub-office and local civic administration center in Jigjiga Yar residential & commercial grid, Hargeisa",9.58358,44.03229,Government & Civic,government,Jigjiga Yar,False,Landmark,Hay'adaha Dowladda
wda_xaafada_deganaanshaha_ee_qaybta__1218,Xaafada Deganaanshaha ee Qaybta 1218 (Ahmed Dhagax),"Quiet residential enclave and community living sector in Ahmed Dhagax residential & commercial grid, Hargeisa",9.56169,44.04674,Xaafadaha (Districts),neighborhood,Ahmed Dhagax,False,Home,Xaafadaha & Degmooyinka
wda_cusbitaalka_gurmadka_caafimaadka_1219,Cusbitaalka Gurmadka Caafimaadka ee Qaybta 1219 (150 Highway),"Specialized neighborhood clinic & emergency health post in 150 Highway residential & commercial grid, Hargeisa",9.58931,44.0482,Hospitals & Healthcare,hospital,150 Highway,False,HeartPulse,Cusbitaallada & Rugaha Caafimaadka
wda_rugta_daryeelka_hooyada_dhallaan_1220,Rugta Daryeelka Hooyada & Dhallaanka ee Qaybta 1220 (Shaab / Institutional District),"Maternal and child care dispensary center in Shaab / Institutional District residential & commercial grid, Hargeisa",9.56421,44.05547,Hospitals & Healthcare,hospital,Shaab / Institutional District,False,HeartPulse,Cusbitaallada & Rugaha Caafimaadka
wda_farmasiga_shacabka_caafimaadka_e_1221,Farmasiga Shacabka & Caafimaadka ee Qaybta 1221 (Maxamed Mooge),"24/7 community pharmacy and dispensary outpost in Maxamed Mooge residential & commercial grid, Hargeisa",9.52718,44.09802,Hospitals & Healthcare,hospital,Maxamed Mooge,False,HeartPulse,Cusbitaallada & Rugaha Caafimaadka
wda_dugsiga_hoose_dhexe_ee_waxbarash_1222,Dugsiga Hoose/Dhexe ee Waxbarashada Qaybta 1222 (New Hargeisa),"Public primary & intermediate school campus in New Hargeisa residential & commercial grid, Hargeisa",9.56107,44.09156,Schools & Universities,school,New Hargeisa,False,GraduationCap,Dugsiyada & Waxbarashada
wda_akadeemiyada_casriga_ah_ee_qaybt_1223,Akadeemiyada Casriga ah ee Qaybta 1223 (Daami),"Modern high school and STEM educational institute in Daami residential & commercial grid, Hargeisa",9.58095,44.0791,Schools & Universities,school,Daami,False,GraduationCap,Dugsiyada & Waxbarashada
wda_machadka_tababarka_xirfadaha_ee__1224,Machadka Tababarka Xirfadaha ee Qaybta 1224 (Shiraaqle),"Vocational and technical training college center in Shiraaqle residential & commercial grid, Hargeisa",9.56969,44.09874,Schools & Universities,university,Shiraaqle,False,GraduationCap,Jaamacadaha & Kuliyadaha
wda_masjidka_jaamaca_ee_qaybta_1225__1225,Masjidka Jaamaca ee Qaybta 1225 (Koodbuur),"Congregational Friday mosque with community prayer hall in Koodbuur residential & commercial grid, Hargeisa",9.58032,44.03992,Mosques (Masaajidda),place_of_worship,Koodbuur,False,Moon,Masaajidda
wda_masjidka_al_imaan_ee_qaybta_1226_1226,Masjidka Al-Imaan ee Qaybta 1226 (Airport Zone / Masalaha),"Neighborhood community mosque and Quranic learning hub in Airport Zone / Masalaha residential & commercial grid, Hargeisa",9.5313,44.08348,Mosques (Masaajidda),place_of_worship,Airport Zone / Masalaha,False,Moon,Masaajidda
wda_suuqa_khdaarta_iyo_ganacsiga_ee__1227,Suuqa Khdaarta iyo Ganacsiga ee Qaybta 1227 (Kilalka / Sheikh Nuur East),"Neighborhood open-air fresh market and commercial trade zone in Kilalka / Sheikh Nuur East residential & commercial grid, Hargeisa",9.57832,44.09242,Markets & Malls,mall,Kilalka / Sheikh Nuur East,False,ShoppingBag,Suuqyada & Xarumaha Ganacsiga
wda_xarunta_ganacsiga_supermarket_ee_1228,Xarunta Ganacsiga & Supermarket ee Qaybta 1228 (Goljano District),"Modern multi-store retail grocery and provisions shopping center in Goljano District residential & commercial grid, Hargeisa",9.56408,44.07929,Markets & Malls,mall,Goljano District,False,ShoppingBag,Suuqyada & Xarumaha Ganacsiga
wda_kaalinta_shidaalka_hass_national_1229,Kaalinta Shidaalka Hass / National ee Qaybta 1229 (Biyo Dhacay Area),"Service petrol station, diesel dispenser and tire service in Biyo Dhacay Area residential & commercial grid, Hargeisa",9.56121,44.07247,Fuel Stations (Kaalmaha Shidaalka),fuel,Biyo Dhacay Area,False,Fuel,Kaalmaha Shidaalka
wda_kaalinta_shidaalka_gaaska_ee_qay_1230,Kaalinta Shidaalka & Gaaska ee Qaybta 1230 (Xero Awr / Hero Awr),"Fuel station and LPG domestic gas distribution depot in Xero Awr / Hero Awr residential & commercial grid, Hargeisa",9.57178,44.04679,Fuel Stations (Kaalmaha Shidaalka),fuel,Xero Awr / Hero Awr,False,Fuel,Kaalmaha Shidaalka
wda_istaanka_gaadiidka_dadweynaha_ee_1231,Istaanka Gaadiidka Dadweynaha ee Qaybta 1231 (Downtown Waheen),"Minibus terminal and designated passenger pick-and-drop stop in Downtown Waheen residential & commercial grid, Hargeisa",9.55724,44.06654,Transport & Terminals,transit_station,Downtown Waheen,False,Navigation,Istaannada & Gaadiidka
wda_isgoyska_weyn_ee_gaadiidka_ee_qa_1232,Isgoyska Weyn ee Gaadiidka ee Qaybta 1232 (Jigjiga Yar),"Major road intersection and inter-district transit artery in Jigjiga Yar residential & commercial grid, Hargeisa",9.57205,44.03317,Transport & Terminals,transit_station,Jigjiga Yar,False,Navigation,Istaannada & Gaadiidka
wda_huteelka_nasashada_martida_ee_qa_1233,Huteelka Nasashada & Martida ee Qaybta 1233 (Ahmed Dhagax),"Comfortable guest lodging and family dining restaurant in Ahmed Dhagax residential & commercial grid, Hargeisa",9.54786,44.04781,Hotels & Hospitality,hotel,Ahmed Dhagax,False,Hotel,Huteellada & Maqaayadaha
wda_laanta_zaad_dahabshiil_ee_qaybta_1234,Laanta ZAAD & Dahabshiil ee Qaybta 1234 (150 Highway),"Banking kiosk, e-remittance and ZAAD cash-in center in 150 Highway residential & commercial grid, Hargeisa",9.57318,44.04944,Banks & Financial,bank,150 Highway,False,Landmark,Bangiyada & Xawaaladaha
wda_laanta_taaj_edahab_express_ee_qa_1235,Laanta TAAJ & Edahab Express ee Qaybta 1235 (Shaab / Institutional District),"Financial services, money transfer and remittance desk in Shaab / Institutional District residential & commercial grid, Hargeisa",9.55345,44.05629,Banks & Financial,bank,Shaab / Institutional District,False,Landmark,Bangiyada & Xawaaladaha
wda_xafiiska_adeegga_somtel_telesom__1236,Xafiiska Adeegga Somtel & Telesom ee Qaybta 1236 (Maxamed Mooge),"Telecommunications branch, SIM registration and fiber service hub in Maxamed Mooge residential & commercial grid, Hargeisa",9.51028,44.09932,Corporate & Utilities,corporate,Maxamed Mooge,False,Building2,Shirkadaha & Isgaadhsiinta
wda_xarunta_korontada_sompower_ee_qa_1237,Xarunta Korontada Sompower ee Qaybta 1237 (New Hargeisa),"District electrical distribution and bill payment center in New Hargeisa residential & commercial grid, Hargeisa",9.54647,44.09269,Corporate & Utilities,utility,New Hargeisa,False,Zap,Korontada & Biyaha
wda_xafiiska_waaxda_dowladda_hoose_e_1238,Xafiiska Waaxda Dowladda Hoose ee Qaybta 1238 (Daami),"Municipal sub-office and local civic administration center in Daami residential & commercial grid, Hargeisa",9.56866,44.08005,Government & Civic,government,Daami,False,Landmark,Hay'adaha Dowladda
wda_xaafada_deganaanshaha_ee_qaybta__1239,Xaafada Deganaanshaha ee Qaybta 1239 (Shiraaqle),"Quiet residential enclave and community living sector in Shiraaqle residential & commercial grid, Hargeisa",9.55586,44.09981,Xaafadaha (Districts),neighborhood,Shiraaqle,False,Home,Xaafadaha & Degmooyinka
wda_cusbitaalka_gurmadka_caafimaadka_1240,Cusbitaalka Gurmadka Caafimaadka ee Qaybta 1240 (Koodbuur),"Specialized neighborhood clinic & emergency health post in Koodbuur residential & commercial grid, Hargeisa",9.56726,44.04093,Hospitals & Healthcare,hospital,Koodbuur,False,HeartPulse,Cusbitaallada & Rugaha Caafimaadka
wda_rugta_daryeelka_hooyada_dhallaan_1241,Rugta Daryeelka Hooyada & Dhallaanka ee Qaybta 1241 (Airport Zone / Masalaha),"Maternal and child care dispensary center in Airport Zone / Masalaha residential & commercial grid, Hargeisa",9.51209,44.08496,Hospitals & Healthcare,hospital,Airport Zone / Masalaha,False,HeartPulse,Cusbitaallada & Rugaha Caafimaadka
wda_farmasiga_shacabka_caafimaadka_e_1242,Farmasiga Shacabka & Caafimaadka ee Qaybta 1242 (Kilalka / Sheikh Nuur East),"24/7 community pharmacy and dispensary outpost in Kilalka / Sheikh Nuur East residential & commercial grid, Hargeisa",9.56526,44.09343,Hospitals & Healthcare,hospital,Kilalka / Sheikh Nuur East,False,HeartPulse,Cusbitaallada & Rugaha Caafimaadka
wda_dugsiga_hoose_dhexe_ee_waxbarash_1243,Dugsiga Hoose/Dhexe ee Waxbarashada Qaybta 1243 (Goljano District),"Public primary & intermediate school campus in Goljano District residential & commercial grid, Hargeisa",9.55255,44.08017,Schools & Universities,school,Goljano District,False,GraduationCap,Dugsiyada & Waxbarashada
wda_akadeemiyada_casriga_ah_ee_qaybt_1244,Akadeemiyada Casriga ah ee Qaybta 1244 (Biyo Dhacay Area),"Modern high school and STEM educational institute in Biyo Dhacay Area residential & commercial grid, Hargeisa",9.55045,44.07329,Schools & Universities,school,Biyo Dhacay Area,False,GraduationCap,Dugsiyada & Waxbarashada
wda_machadka_tababarka_xirfadaha_ee__1245,Machadka Tababarka Xirfadaha ee Qaybta 1245 (Xero Awr / Hero Awr),"Vocational and technical training college center in Xero Awr / Hero Awr residential & commercial grid, Hargeisa",9.56025,44.04767,Schools & Universities,university,Xero Awr / Hero Awr,False,GraduationCap,Jaamacadaha & Kuliyadaha
wda_masjidka_jaamaca_ee_qaybta_1246__1246,Masjidka Jaamaca ee Qaybta 1246 (Downtown Waheen),"Congregational Friday mosque with community prayer hall in Downtown Waheen residential & commercial grid, Hargeisa",9.56454,44.07235,Mosques (Masaajidda),place_of_worship,Downtown Waheen,False,Moon,Masaajidda
wda_masjidka_al_imaan_ee_qaybta_1247_1247,Masjidka Al-Imaan ee Qaybta 1247 (Jigjiga Yar),"Neighborhood community mosque and Quranic learning hub in Jigjiga Yar residential & commercial grid, Hargeisa",9.58118,44.04044,Mosques (Masaajidda),place_of_worship,Jigjiga Yar,False,Moon,Masaajidda
wda_suuqa_khdaarta_iyo_ganacsiga_ee__1248,Suuqa Khdaarta iyo Ganacsiga ee Qaybta 1248 (Ahmed Dhagax),"Neighborhood open-air fresh market and commercial trade zone in Ahmed Dhagax residential & commercial grid, Hargeisa",9.55882,44.05653,Markets & Malls,mall,Ahmed Dhagax,False,ShoppingBag,Suuqyada & Xarumaha Ganacsiga
wda_xarunta_ganacsiga_supermarket_ee_1249,Xarunta Ganacsiga & Supermarket ee Qaybta 1249 (150 Highway),"Modern multi-store retail grocery and provisions shopping center in 150 Highway residential & commercial grid, Hargeisa",9.58595,44.05962,Markets & Malls,mall,150 Highway,False,ShoppingBag,Suuqyada & Xarumaha Ganacsiga
wda_kaalinta_shidaalka_hass_national_1250,Kaalinta Shidaalka Hass / National ee Qaybta 1250 (Shaab / Institutional District),"Service petrol station, diesel dispenser and tire service in Shaab / Institutional District residential & commercial grid, Hargeisa",9.56197,44.06308,Fuel Stations (Kaalmaha Shidaalka),fuel,Shaab / Institutional District,False,Fuel,Kaalmaha Shidaalka
wda_kaalinta_shidaalka_gaaska_ee_qay_1251,Kaalinta Shidaalka & Gaaska ee Qaybta 1251 (Maxamed Mooge),"Fuel station and LPG domestic gas distribution depot in Maxamed Mooge residential & commercial grid, Hargeisa",9.52366,44.10998,Fuel Stations (Kaalmaha Shidaalka),fuel,Maxamed Mooge,False,Fuel,Kaalmaha Shidaalka
wda_istaanka_gaadiidka_dadweynaha_ee_1252,Istaanka Gaadiidka Dadweynaha ee Qaybta 1252 (New Hargeisa),"Minibus terminal and designated passenger pick-and-drop stop in New Hargeisa residential & commercial grid, Hargeisa",9.55803,44.10189,Transport & Terminals,transit_station,New Hargeisa,False,Navigation,Istaannada & Gaadiidka
wda_isgoyska_weyn_ee_gaadiidka_ee_qa_1253,Isgoyska Weyn ee Gaadiidka ee Qaybta 1253 (Daami),"Major road intersection and inter-district transit artery in Daami residential & commercial grid, Hargeisa",9.57839,44.08781,Transport & Terminals,transit_station,Daami,False,Navigation,Istaannada & Gaadiidka
wda_huteelka_nasashada_martida_ee_qa_1254,Huteelka Nasashada & Martida ee Qaybta 1254 (Shiraaqle),"Comfortable guest lodging and family dining restaurant in Shiraaqle residential & commercial grid, Hargeisa",9.56682,44.10853,Hotels & Hospitality,hotel,Shiraaqle,False,Hotel,Huteellada & Maqaayadaha
wda_laanta_zaad_dahabshiil_ee_qaybta_1255,Laanta ZAAD & Dahabshiil ee Qaybta 1255 (Koodbuur),"Banking kiosk, e-remittance and ZAAD cash-in center in Koodbuur residential & commercial grid, Hargeisa",9.5776,44.04917,Banks & Financial,bank,Koodbuur,False,Landmark,Bangiyada & Xawaaladaha
wda_laanta_taaj_edahab_express_ee_qa_1256,Laanta TAAJ & Edahab Express ee Qaybta 1256 (Airport Zone / Masalaha),"Financial services, money transfer and remittance desk in Airport Zone / Masalaha residential & commercial grid, Hargeisa",9.5273,44.09707,Banks & Financial,bank,Airport Zone / Masalaha,False,Landmark,Bangiyada & Xawaaladaha
wda_xafiiska_adeegga_somtel_telesom__1257,Xafiiska Adeegga Somtel & Telesom ee Qaybta 1257 (Kilalka / Sheikh Nuur East),"Telecommunications branch, SIM registration and fiber service hub in Kilalka / Sheikh Nuur East residential & commercial grid, Hargeisa",9.5756,44.10167,Corporate & Utilities,corporate,Kilalka / Sheikh Nuur East,False,Building2,Shirkadaha & Isgaadhsiinta
wda_xarunta_korontada_sompower_ee_qa_1258,Xarunta Korontada Sompower ee Qaybta 1258 (Goljano District),"District electrical distribution and bill payment center in Goljano District residential & commercial grid, Hargeisa",9.56168,44.08744,Corporate & Utilities,utility,Goljano District,False,Zap,Korontada & Biyaha
wda_xafiiska_waaxda_dowladda_hoose_e_1259,Xafiiska Waaxda Dowladda Hoose ee Qaybta 1259 (Biyo Dhacay Area),"Municipal sub-office and local civic administration center in Biyo Dhacay Area residential & commercial grid, Hargeisa",9.55897,44.08008,Government & Civic,government,Biyo Dhacay Area,False,Landmark,Hay'adaha Dowladda
wda_xaafada_deganaanshaha_ee_qaybta__1260,Xaafada Deganaanshaha ee Qaybta 1260 (Xero Awr / Hero Awr),"Quiet residential enclave and community living sector in Xero Awr / Hero Awr residential & commercial grid, Hargeisa",9.56938,44.05494,Xaafadaha (Districts),neighborhood,Xero Awr / Hero Awr,False,Home,Xaafadaha & Degmooyinka
wda_cusbitaalka_gurmadka_caafimaadka_1261,Cusbitaalka Gurmadka Caafimaadka ee Qaybta 1261 (Downtown Waheen),"Specialized neighborhood clinic & emergency health post in Downtown Waheen residential & commercial grid, Hargeisa",9.56303,44.06303,Hospitals & Healthcare,hospital,Downtown Waheen,False,HeartPulse,Cusbitaallada & Rugaha Caafimaadka
wda_rugta_daryeelka_hooyada_dhallaan_1262,Rugta Daryeelka Hooyada & Dhallaanka ee Qaybta 1262 (Jigjiga Yar),"Maternal and child care dispensary center in Jigjiga Yar residential & commercial grid, Hargeisa",9.57929,44.02878,Hospitals & Healthcare,hospital,Jigjiga Yar,False,HeartPulse,Cusbitaallada & Rugaha Caafimaadka
wda_farmasiga_shacabka_caafimaadka_e_1263,Farmasiga Shacabka & Caafimaadka ee Qaybta 1263 (Ahmed Dhagax),"24/7 community pharmacy and dispensary outpost in Ahmed Dhagax residential & commercial grid, Hargeisa",9.55654,44.04254,Hospitals & Healthcare,hospital,Ahmed Dhagax,False,HeartPulse,Cusbitaallada & Rugaha Caafimaadka
wda_dugsiga_hoose_dhexe_ee_waxbarash_1264,Dugsiga Hoose/Dhexe ee Waxbarashada Qaybta 1264 (150 Highway),"Public primary & intermediate school campus in 150 Highway residential & commercial grid, Hargeisa",9.5833,44.0433,Schools & Universities,school,150 Highway,False,GraduationCap,Dugsiyada & Waxbarashada
wda_akadeemiyada_casriga_ah_ee_qaybt_1265,Akadeemiyada Casriga ah ee Qaybta 1265 (Shaab / Institutional District),"Modern high school and STEM educational institute in Shaab / Institutional District residential & commercial grid, Hargeisa",9.5602,44.0522,Schools & Universities,school,Shaab / Institutional District,False,GraduationCap,Dugsiyada & Waxbarashada
wda_machadka_tababarka_xirfadaha_ee__1266,Machadka Tababarka Xirfadaha ee Qaybta 1266 (Maxamed Mooge),"Vocational and technical training college center in Maxamed Mooge residential & commercial grid, Hargeisa",9.52088,44.09288,Schools & Universities,university,Maxamed Mooge,False,GraduationCap,Jaamacadaha & Kuliyadaha
wda_masjidka_jaamaca_ee_qaybta_1267__1267,Masjidka Jaamaca ee Qaybta 1267 (New Hargeisa),"Congregational Friday mosque with community prayer hall in New Hargeisa residential & commercial grid, Hargeisa",9.55563,44.08713,Mosques (Masaajidda),place_of_worship,New Hargeisa,False,Moon,Masaajidda
wda_masjidka_al_imaan_ee_qaybta_1268_1268,Masjidka Al-Imaan ee Qaybta 1268 (Daami),"Neighborhood community mosque and Quranic learning hub in Daami residential & commercial grid, Hargeisa",9.57637,44.07537,Mosques (Masaajidda),place_of_worship,Daami,False,Moon,Masaajidda
wda_suuqa_khdaarta_iyo_ganacsiga_ee__1269,Suuqa Khdaarta iyo Ganacsiga ee Qaybta 1269 (Shiraaqle),"Neighborhood open-air fresh market and commercial trade zone in Shiraaqle residential & commercial grid, Hargeisa",9.56454,44.09454,Markets & Malls,mall,Shiraaqle,False,ShoppingBag,Suuqyada & Xarumaha Ganacsiga
wda_xarunta_ganacsiga_supermarket_ee_1270,Xarunta Ganacsiga & Supermarket ee Qaybta 1270 (Koodbuur),"Modern multi-store retail grocery and provisions shopping center in Koodbuur residential & commercial grid, Hargeisa",9.57546,44.03595,Markets & Malls,mall,Koodbuur,False,ShoppingBag,Suuqyada & Xarumaha Ganacsiga
wda_kaalinta_shidaalka_hass_national_1271,Kaalinta Shidaalka Hass / National ee Qaybta 1271 (Airport Zone / Masalaha),"Service petrol station, diesel dispenser and tire service in Airport Zone / Masalaha residential & commercial grid, Hargeisa",9.52414,44.07764,Fuel Stations (Kaalmaha Shidaalka),fuel,Airport Zone / Masalaha,False,Fuel,Kaalmaha Shidaalka
wda_kaalinta_shidaalka_gaaska_ee_qay_1272,Kaalinta Shidaalka & Gaaska ee Qaybta 1272 (Kilalka / Sheikh Nuur East),"Fuel station and LPG domestic gas distribution depot in Kilalka / Sheikh Nuur East residential & commercial grid, Hargeisa",9.57346,44.08845,Fuel Stations (Kaalmaha Shidaalka),fuel,Kilalka / Sheikh Nuur East,False,Fuel,Kaalmaha Shidaalka
wda_istaanka_gaadiidka_dadweynaha_ee_1273,Istaanka Gaadiidka Dadweynaha ee Qaybta 1273 (Goljano District),"Minibus terminal and designated passenger pick-and-drop stop in Goljano District residential & commercial grid, Hargeisa",9.55979,44.07578,Transport & Terminals,transit_station,Goljano District,False,Navigation,Istaannada & Gaadiidka
wda_isgoyska_weyn_ee_gaadiidka_ee_qa_1274,Isgoyska Weyn ee Gaadiidka ee Qaybta 1274 (Biyo Dhacay Area),"Major road intersection and inter-district transit artery in Biyo Dhacay Area residential & commercial grid, Hargeisa",9.5572,44.0692,Transport & Terminals,transit_station,Biyo Dhacay Area,False,Navigation,Istaannada & Gaadiidka
wda_huteelka_nasashada_martida_ee_qa_1275,Huteelka Nasashada & Martida ee Qaybta 1275 (Xero Awr / Hero Awr),"Comfortable guest lodging and family dining restaurant in Xero Awr / Hero Awr residential & commercial grid, Hargeisa",9.56749,44.04328,Hotels & Hospitality,hotel,Xero Awr / Hero Awr,False,Hotel,Huteellada & Maqaayadaha
wda_laanta_zaad_dahabshiil_ee_qaybta_1276,Laanta ZAAD & Dahabshiil ee Qaybta 1276 (Downtown Waheen),"Banking kiosk, e-remittance and ZAAD cash-in center in Downtown Waheen residential & commercial grid, Hargeisa",9.55791,44.07097,Banks & Financial,bank,Downtown Waheen,False,Landmark,Bangiyada & Xawaaladaha
wda_laanta_taaj_edahab_express_ee_qa_1277,Laanta TAAJ & Edahab Express ee Qaybta 1277 (Jigjiga Yar),"Financial services, money transfer and remittance desk in Jigjiga Yar residential & commercial grid, Hargeisa",9.57289,44.03872,Banks & Financial,bank,Jigjiga Yar,False,Landmark,Bangiyada & Xawaaladaha
wda_xafiiska_adeegga_somtel_telesom__1278,Xafiiska Adeegga Somtel & Telesom ee Qaybta 1278 (Ahmed Dhagax),"Telecommunications branch, SIM registration and fiber service hub in Ahmed Dhagax residential & commercial grid, Hargeisa",9.54887,44.05446,Corporate & Utilities,corporate,Ahmed Dhagax,False,Building2,Shirkadaha & Isgaadhsiinta
wda_xarunta_korontada_sompower_ee_qa_1279,Xarunta Korontada Sompower ee Qaybta 1279 (150 Highway),"District electrical distribution and bill payment center in 150 Highway residential & commercial grid, Hargeisa",9.57435,44.05721,Corporate & Utilities,utility,150 Highway,False,Zap,Korontada & Biyaha
wda_xafiiska_waaxda_dowladda_hoose_e_1280,Xafiiska Waaxda Dowladda Hoose ee Qaybta 1280 (Shaab / Institutional District),"Municipal sub-office and local civic administration center in Shaab / Institutional District residential & commercial grid, Hargeisa",9.55423,44.06147,Government & Civic,government,Shaab / Institutional District,False,Landmark,Hay'adaha Dowladda
wda_xaafada_deganaanshaha_ee_qaybta__1281,Xaafada Deganaanshaha ee Qaybta 1281 (Maxamed Mooge),"Quiet residential enclave and community living sector in Maxamed Mooge residential & commercial grid, Hargeisa",9.51151,44.10745,Xaafadaha (Districts),neighborhood,Maxamed Mooge,False,Home,Xaafadaha & Degmooyinka
wda_cusbitaalka_gurmadka_caafimaadka_1282,Cusbitaalka Gurmadka Caafimaadka ee Qaybta 1282 (New Hargeisa),"Specialized neighborhood clinic & emergency health post in New Hargeisa residential & commercial grid, Hargeisa",9.54753,44.09971,Hospitals & Healthcare,hospital,New Hargeisa,False,HeartPulse,Cusbitaallada & Rugaha Caafimaadka
wda_rugta_daryeelka_hooyada_dhallaan_1283,Rugta Daryeelka Hooyada & Dhallaanka ee Qaybta 1283 (Daami),"Maternal and child care dispensary center in Daami residential & commercial grid, Hargeisa",9.56955,44.08597,Hospitals & Healthcare,hospital,Daami,False,HeartPulse,Cusbitaallada & Rugaha Caafimaadka
wda_farmasiga_shacabka_caafimaadka_e_1284,Farmasiga Shacabka & Caafimaadka ee Qaybta 1284 (Shiraaqle),"24/7 community pharmacy and dispensary outpost in Shiraaqle residential & commercial grid, Hargeisa",9.55687,44.10646,Hospitals & Healthcare,hospital,Shiraaqle,False,HeartPulse,Cusbitaallada & Rugaha Caafimaadka
wda_dugsiga_hoose_dhexe_ee_waxbarash_1285,Dugsiga Hoose/Dhexe ee Waxbarashada Qaybta 1285 (Koodbuur),"Public primary & intermediate school campus in Koodbuur residential & commercial grid, Hargeisa",9.56821,44.04721,Schools & Universities,school,Koodbuur,False,GraduationCap,Dugsiyada & Waxbarashada
wda_akadeemiyada_casriga_ah_ee_qaybt_1286,Akadeemiyada Casriga ah ee Qaybta 1286 (Airport Zone / Masalaha),"Modern high school and STEM educational institute in Airport Zone / Masalaha residential & commercial grid, Hargeisa",9.51349,44.0942,Schools & Universities,school,Airport Zone / Masalaha,False,GraduationCap,Dugsiyada & Waxbarashada
wda_machadka_tababarka_xirfadaha_ee__1287,Machadka Tababarka Xirfadaha ee Qaybta 1287 (Kilalka / Sheikh Nuur East),"Vocational and technical training college center in Kilalka / Sheikh Nuur East residential & commercial grid, Hargeisa",9.56621,44.09971,Schools & Universities,university,Kilalka / Sheikh Nuur East,False,GraduationCap,Jaamacadaha & Kuliyadaha
wda_masjidka_jaamaca_ee_qaybta_1288__1288,Masjidka Jaamaca ee Qaybta 1288 (Goljano District),"Congregational Friday mosque with community prayer hall in Goljano District residential & commercial grid, Hargeisa",9.55339,44.08572,Mosques (Masaajidda),place_of_worship,Goljano District,False,Moon,Masaajidda
wda_masjidka_al_imaan_ee_qaybta_1289_1289,Masjidka Al-Imaan ee Qaybta 1289 (Biyo Dhacay Area),"Neighborhood community mosque and Quranic learning hub in Biyo Dhacay Area residential & commercial grid, Hargeisa",9.55123,44.07847,Mosques (Masaajidda),place_of_worship,Biyo Dhacay Area,False,Moon,Masaajidda
wda_suuqa_khdaarta_iyo_ganacsiga_ee__1290,Suuqa Khdaarta iyo Ganacsiga ee Qaybta 1290 (Xero Awr / Hero Awr),"Neighborhood open-air fresh market and commercial trade zone in Xero Awr / Hero Awr residential & commercial grid, Hargeisa",9.56109,44.05322,Markets & Malls,mall,Xero Awr / Hero Awr,False,ShoppingBag,Suuqyada & Xarumaha Ganacsiga
wda_xarunta_ganacsiga_supermarket_ee_1291,Xarunta Ganacsiga & Supermarket ee Qaybta 1291 (Downtown Waheen),"Modern multi-store retail grocery and provisions shopping center in Downtown Waheen residential & commercial grid, Hargeisa",9.56701,44.06861,Markets & Malls,mall,Downtown Waheen,False,ShoppingBag,Suuqyada & Xarumaha Ganacsiga
wda_kaalinta_shidaalka_hass_national_1292,Kaalinta Shidaalka Hass / National ee Qaybta 1292 (Jigjiga Yar),"Service petrol station, diesel dispenser and tire service in Jigjiga Yar residential & commercial grid, Hargeisa",9.58427,44.03576,Fuel Stations (Kaalmaha Shidaalka),fuel,Jigjiga Yar,False,Fuel,Kaalmaha Shidaalka
wda_kaalinta_shidaalka_gaaska_ee_qay_1293,Kaalinta Shidaalka & Gaaska ee Qaybta 1293 (Ahmed Dhagax),"Fuel station and LPG domestic gas distribution depot in Ahmed Dhagax residential & commercial grid, Hargeisa",9.56252,44.05091,Fuel Stations (Kaalmaha Shidaalka),fuel,Ahmed Dhagax,False,Fuel,Kaalmaha Shidaalka
wda_istaanka_gaadiidka_dadweynaha_ee_1294,Istaanka Gaadiidka Dadweynaha ee Qaybta 1294 (150 Highway),"Minibus terminal and designated passenger pick-and-drop stop in 150 Highway residential & commercial grid, Hargeisa",9.59027,44.05307,Transport & Terminals,transit_station,150 Highway,False,Navigation,Istaannada & Gaadiidka
wda_isgoyska_weyn_ee_gaadiidka_ee_qa_1295,Isgoyska Weyn ee Gaadiidka ee Qaybta 1295 (Shaab / Institutional District),"Major road intersection and inter-district transit artery in Shaab / Institutional District residential & commercial grid, Hargeisa",9.56485,44.05871,Transport & Terminals,transit_station,Shaab / Institutional District,False,Navigation,Istaannada & Gaadiidka
wda_huteelka_nasashada_martida_ee_qa_1296,Huteelka Nasashada & Martida ee Qaybta 1296 (Maxamed Mooge),"Comfortable guest lodging and family dining restaurant in Maxamed Mooge residential & commercial grid, Hargeisa",9.52819,44.10312,Hotels & Hospitality,hotel,Maxamed Mooge,False,Hotel,Huteellada & Maqaayadaha
wda_laanta_zaad_dahabshiil_ee_qaybta_1297,Laanta ZAAD & Dahabshiil ee Qaybta 1297 (New Hargeisa),"Banking kiosk, e-remittance and ZAAD cash-in center in New Hargeisa residential & commercial grid, Hargeisa",9.56194,44.09596,Banks & Financial,bank,New Hargeisa,False,Landmark,Bangiyada & Xawaaladaha
wda_laanta_taaj_edahab_express_ee_qa_1298,Laanta TAAJ & Edahab Express ee Qaybta 1298 (Daami),"Financial services, money transfer and remittance desk in Daami residential & commercial grid, Hargeisa",9.58169,44.08281,Banks & Financial,bank,Daami,False,Landmark,Bangiyada & Xawaaladaha
wda_xafiiska_adeegga_somtel_telesom__1299,Xafiiska Adeegga Somtel & Telesom ee Qaybta 1299 (Shiraaqle),"Telecommunications branch, SIM registration and fiber service hub in Shiraaqle residential & commercial grid, Hargeisa",9.57052,44.10291,Corporate & Utilities,corporate,Shiraaqle,False,Building2,Shirkadaha & Isgaadhsiinta
wda_xarunta_korontada_sompower_ee_qa_1300,Xarunta Korontada Sompower ee Qaybta 1300 (Koodbuur),"District electrical distribution and bill payment center in Koodbuur residential & commercial grid, Hargeisa",9.5811,44.04386,Corporate & Utilities,utility,Koodbuur,False,Zap,Korontada & Biyaha
wda_xafiiska_waaxda_dowladda_hoose_e_1301,Xafiiska Waaxda Dowladda Hoose ee Qaybta 1301 (Airport Zone / Masalaha),"Municipal sub-office and local civic administration center in Airport Zone / Masalaha residential & commercial grid, Hargeisa",9.53245,44.08927,Government & Civic,government,Airport Zone / Masalaha,False,Landmark,Hay'adaha Dowladda
wda_xaafada_deganaanshaha_ee_qaybta__1302,Xaafada Deganaanshaha ee Qaybta 1302 (Kilalka / Sheikh Nuur East),"Quiet residential enclave and community living sector in Kilalka / Sheikh Nuur East residential & commercial grid, Hargeisa",9.5791,44.09636,Xaafadaha (Districts),neighborhood,Kilalka / Sheikh Nuur East,False,Home,Xaafadaha & Degmooyinka
wda_cusbitaalka_gurmadka_caafimaadka_1303,Cusbitaalka Gurmadka Caafimaadka ee Qaybta 1303 (Goljano District),"Specialized neighborhood clinic & emergency health post in Goljano District residential & commercial grid, Hargeisa",9.56477,44.08276,Hospitals & Healthcare,hospital,Goljano District,False,HeartPulse,Cusbitaallada & Rugaha Caafimaadka
wda_rugta_daryeelka_hooyada_dhallaan_1304,Rugta Daryeelka Hooyada & Dhallaanka ee Qaybta 1304 (Biyo Dhacay Area),"Maternal and child care dispensary center in Biyo Dhacay Area residential & commercial grid, Hargeisa",9.56185,44.07571,Hospitals & Healthcare,hospital,Biyo Dhacay Area,False,HeartPulse,Cusbitaallada & Rugaha Caafimaadka
wda_farmasiga_shacabka_caafimaadka_e_1305,Farmasiga Shacabka & Caafimaadka ee Qaybta 1305 (Xero Awr / Hero Awr),"24/7 community pharmacy and dispensary outpost in Xero Awr / Hero Awr residential & commercial grid, Hargeisa",9.57247,44.05026,Hospitals & Healthcare,hospital,Xero Awr / Hero Awr,False,HeartPulse,Cusbitaallada & Rugaha Caafimaadka
wda_dugsiga_hoose_dhexe_ee_waxbarash_1306,Dugsiga Hoose/Dhexe ee Waxbarashada Qaybta 1306 (Downtown Waheen),"Public primary & intermediate school campus in Downtown Waheen residential & commercial grid, Hargeisa",9.5587,44.0641,Schools & Universities,school,Downtown Waheen,False,GraduationCap,Dugsiyada & Waxbarashada
wda_akadeemiyada_casriga_ah_ee_qaybt_1307,Akadeemiyada Casriga ah ee Qaybta 1307 (Jigjiga Yar),"Modern high school and STEM educational institute in Jigjiga Yar residential & commercial grid, Hargeisa",9.57387,44.03013,Schools & Universities,school,Jigjiga Yar,False,GraduationCap,Dugsiyada & Waxbarashada
wda_machadka_tababarka_xirfadaha_ee__1308,Machadka Tababarka Xirfadaha ee Qaybta 1308 (Ahmed Dhagax),"Vocational and technical training college center in Ahmed Dhagax residential & commercial grid, Hargeisa",9.55004,44.04415,Schools & Universities,university,Ahmed Dhagax,False,GraduationCap,Jaamacadaha & Kuliyadaha
wda_masjidka_jaamaca_ee_qaybta_1309__1309,Masjidka Jaamaca ee Qaybta 1309 (150 Highway),"Congregational Friday mosque with community prayer hall in 150 Highway residential & commercial grid, Hargeisa",9.57572,44.04518,Mosques (Masaajidda),place_of_worship,150 Highway,False,Moon,Masaajidda
wda_masjidka_al_imaan_ee_qaybta_1310_1310,Masjidka Al-Imaan ee Qaybta 1310 (Shaab / Institutional District),"Neighborhood community mosque and Quranic learning hub in Shaab / Institutional District residential & commercial grid, Hargeisa",9.55514,44.05345,Mosques (Masaajidda),place_of_worship,Shaab / Institutional District,False,Moon,Masaajidda
wda_suuqa_khdaarta_iyo_ganacsiga_ee__1311,Suuqa Khdaarta iyo Ganacsiga ee Qaybta 1311 (Maxamed Mooge),"Neighborhood open-air fresh market and commercial trade zone in Maxamed Mooge residential & commercial grid, Hargeisa",9.51294,44.09485,Markets & Malls,mall,Maxamed Mooge,False,ShoppingBag,Suuqyada & Xarumaha Ganacsiga
wda_xarunta_ganacsiga_supermarket_ee_1312,Xarunta Ganacsiga & Supermarket ee Qaybta 1312 (New Hargeisa),"Modern multi-store retail grocery and provisions shopping center in New Hargeisa residential & commercial grid, Hargeisa",9.54877,44.08883,Markets & Malls,mall,New Hargeisa,False,ShoppingBag,Suuqyada & Xarumaha Ganacsiga
wda_kaalinta_shidaalka_hass_national_1313,Kaalinta Shidaalka Hass / National ee Qaybta 1313 (Daami),"Service petrol station, diesel dispenser and tire service in Daami residential & commercial grid, Hargeisa",9.57059,44.0768,Fuel Stations (Kaalmaha Shidaalka),fuel,Daami,False,Fuel,Kaalmaha Shidaalka
wda_kaalinta_shidaalka_gaaska_ee_qay_1314,Kaalinta Shidaalka & Gaaska ee Qaybta 1314 (Shiraaqle),"Fuel station and LPG domestic gas distribution depot in Shiraaqle residential & commercial grid, Hargeisa",9.55804,44.09615,Fuel Stations (Kaalmaha Shidaalka),fuel,Shiraaqle,False,Fuel,Kaalmaha Shidaalka
wda_istaanka_gaadiidka_dadweynaha_ee_1315,Istaanka Gaadiidka Dadweynaha ee Qaybta 1315 (Koodbuur),"Minibus terminal and designated passenger pick-and-drop stop in Koodbuur residential & commercial grid, Hargeisa",9.56932,44.03748,Transport & Terminals,transit_station,Koodbuur,False,Navigation,Istaannada & Gaadiidka
wda_isgoyska_weyn_ee_gaadiidka_ee_qa_1316,Isgoyska Weyn ee Gaadiidka ee Qaybta 1316 (Airport Zone / Masalaha),"Major road intersection and inter-district transit artery in Airport Zone / Masalaha residential & commercial grid, Hargeisa",9.51511,44.07988,Transport & Terminals,transit_station,Airport Zone / Masalaha,False,Navigation,Istaannada & Gaadiidka
wda_huteelka_nasashada_martida_ee_qa_1317,Huteelka Nasashada & Martida ee Qaybta 1317 (Kilalka / Sheikh Nuur East),"Comfortable guest lodging and family dining restaurant in Kilalka / Sheikh Nuur East residential & commercial grid, Hargeisa",9.56732,44.08998,Hotels & Hospitality,hotel,Kilalka / Sheikh Nuur East,False,Hotel,Huteellada & Maqaayadaha
wda_laanta_zaad_dahabshiil_ee_qaybta_1318,Laanta ZAAD & Dahabshiil ee Qaybta 1318 (Goljano District),"Banking kiosk, e-remittance and ZAAD cash-in center in Goljano District residential & commercial grid, Hargeisa",9.55437,44.07713,Banks & Financial,bank,Goljano District,False,Landmark,Bangiyada & Xawaaladaha
wda_laanta_taaj_edahab_express_ee_qa_1319,Laanta TAAJ & Edahab Express ee Qaybta 1319 (Biyo Dhacay Area),"Financial services, money transfer and remittance desk in Biyo Dhacay Area residential & commercial grid, Hargeisa",9.55214,44.07045,Banks & Financial,bank,Biyo Dhacay Area,False,Landmark,Bangiyada & Xawaaladaha
wda_xafiiska_adeegga_somtel_telesom__1320,Xafiiska Adeegga Somtel & Telesom ee Qaybta 1320 (Xero Awr / Hero Awr),"Telecommunications branch, SIM registration and fiber service hub in Xero Awr / Hero Awr residential & commercial grid, Hargeisa",9.56207,44.04463,Corporate & Utilities,corporate,Xero Awr / Hero Awr,False,Building2,Shirkadaha & Isgaadhsiinta
wda_xarunta_korontada_sompower_ee_qa_1321,Xarunta Korontada Sompower ee Qaybta 1321 (Downtown Waheen),"District electrical distribution and bill payment center in Downtown Waheen residential & commercial grid, Hargeisa",9.56184,44.07316,Corporate & Utilities,utility,Downtown Waheen,False,Zap,Korontada & Biyaha
wda_xafiiska_waaxda_dowladda_hoose_e_1322,Xafiiska Waaxda Dowladda Hoose ee Qaybta 1322 (Jigjiga Yar),"Municipal sub-office and local civic administration center in Jigjiga Yar residential & commercial grid, Hargeisa",9.5778,44.04145,Government & Civic,government,Jigjiga Yar,False,Landmark,Hay'adaha Dowladda
wda_xaafada_deganaanshaha_ee_qaybta__1323,Xaafada Deganaanshaha ee Qaybta 1323 (Ahmed Dhagax),"Quiet residential enclave and community living sector in Ahmed Dhagax residential & commercial grid, Hargeisa",9.55476,44.05774,Xaafadaha (Districts),neighborhood,Ahmed Dhagax,False,Home,Xaafadaha & Degmooyinka
wda_cusbitaalka_gurmadka_caafimaadka_1324,Cusbitaalka Gurmadka Caafimaadka ee Qaybta 1324 (150 Highway),"Specialized neighborhood clinic & emergency health post in 150 Highway residential & commercial grid, Hargeisa",9.58122,44.06103,Hospitals & Healthcare,hospital,150 Highway,False,HeartPulse,Cusbitaallada & Rugaha Caafimaadka
wda_rugta_daryeelka_hooyada_dhallaan_1325,Rugta Daryeelka Hooyada & Dhallaanka ee Qaybta 1325 (Shaab / Institutional District),"Maternal and child care dispensary center in Shaab / Institutional District residential & commercial grid, Hargeisa",9.55881,44.06402,Hospitals & Healthcare,hospital,Shaab / Institutional District,False,HeartPulse,Cusbitaallada & Rugaha Caafimaadka
wda_farmasiga_shacabka_caafimaadka_e_1326,Farmasiga Shacabka & Caafimaadka ee Qaybta 1326 (Maxamed Mooge),"24/7 community pharmacy and dispensary outpost in Maxamed Mooge residential & commercial grid, Hargeisa",9.51871,44.11146,Hospitals & Healthcare,hospital,Maxamed Mooge,False,HeartPulse,Cusbitaallada & Rugaha Caafimaadka
wda_dugsiga_hoose_dhexe_ee_waxbarash_1327,Dugsiga Hoose/Dhexe ee Waxbarashada Qaybta 1327 (New Hargeisa),"Public primary & intermediate school campus in New Hargeisa residential & commercial grid, Hargeisa",9.55375,44.10317,Schools & Universities,school,New Hargeisa,False,GraduationCap,Dugsiyada & Waxbarashada
wda_akadeemiyada_casriga_ah_ee_qaybt_1328,Akadeemiyada Casriga ah ee Qaybta 1328 (Daami),"Modern high school and STEM educational institute in Daami residential & commercial grid, Hargeisa",9.57479,44.08888,Schools & Universities,school,Daami,False,GraduationCap,Dugsiyada & Waxbarashada
wda_machadka_tababarka_xirfadaha_ee__1329,Machadka Tababarka Xirfadaha ee Qaybta 1329 (Shiraaqle),"Vocational and technical training college center in Shiraaqle residential & commercial grid, Hargeisa",9.56276,44.10974,Schools & Universities,university,Shiraaqle,False,GraduationCap,Jaamacadaha & Kuliyadaha
wda_masjidka_jaamaca_ee_qaybta_1330__1330,Masjidka Jaamaca ee Qaybta 1330 (Koodbuur),"Congregational Friday mosque with community prayer hall in Koodbuur residential & commercial grid, Hargeisa",9.57377,44.05031,Mosques (Masaajidda),place_of_worship,Koodbuur,False,Moon,Masaajidda
wda_masjidka_al_imaan_ee_qaybta_1331_1331,Masjidka Al-Imaan ee Qaybta 1331 (Airport Zone / Masalaha),"Neighborhood community mosque and Quranic learning hub in Airport Zone / Masalaha residential & commercial grid, Hargeisa",9.52167,44.09875,Mosques (Masaajidda),place_of_worship,Airport Zone / Masalaha,False,Moon,Masaajidda
wda_suuqa_khdaarta_iyo_ganacsiga_ee__1332,Suuqa Khdaarta iyo Ganacsiga ee Qaybta 1332 (Kilalka / Sheikh Nuur East),"Neighborhood open-air fresh market and commercial trade zone in Kilalka / Sheikh Nuur East residential & commercial grid, Hargeisa",9.57177,44.10281,Markets & Malls,mall,Kilalka / Sheikh Nuur East,False,ShoppingBag,Suuqyada & Xarumaha Ganacsiga
wda_xarunta_ganacsiga_supermarket_ee_1333,Xarunta Ganacsiga & Supermarket ee Qaybta 1333 (Goljano District),"Modern multi-store retail grocery and provisions shopping center in Goljano District residential & commercial grid, Hargeisa",9.5583,44.08845,Markets & Malls,mall,Goljano District,False,ShoppingBag,Suuqyada & Xarumaha Ganacsiga
wda_kaalinta_shidaalka_hass_national_1334,Kaalinta Shidaalka Hass / National ee Qaybta 1334 (Biyo Dhacay Area),"Service petrol station, diesel dispenser and tire service in Biyo Dhacay Area residential & commercial grid, Hargeisa",9.55581,44.08102,Fuel Stations (Kaalmaha Shidaalka),fuel,Biyo Dhacay Area,False,Fuel,Kaalmaha Shidaalka
wda_kaalinta_shidaalka_gaaska_ee_qay_1335,Kaalinta Shidaalka & Gaaska ee Qaybta 1335 (Xero Awr / Hero Awr),"Fuel station and LPG domestic gas distribution depot in Xero Awr / Hero Awr residential & commercial grid, Hargeisa",9.566,44.05595,Fuel Stations (Kaalmaha Shidaalka),fuel,Xero Awr / Hero Awr,False,Fuel,Kaalmaha Shidaalka
wda_istaanka_gaadiidka_dadweynaha_ee_1336,Istaanka Gaadiidka Dadweynaha ee Qaybta 1336 (Downtown Waheen),"Minibus terminal and designated passenger pick-and-drop stop in Downtown Waheen residential & commercial grid, Hargeisa",9.56557,44.06429,Transport & Terminals,transit_station,Downtown Waheen,False,Navigation,Istaannada & Gaadiidka
wda_isgoyska_weyn_ee_gaadiidka_ee_qa_1337,Isgoyska Weyn ee Gaadiidka ee Qaybta 1337 (Jigjiga Yar),"Major road intersection and inter-district transit artery in Jigjiga Yar residential & commercial grid, Hargeisa",9.58246,44.03037,Transport & Terminals,transit_station,Jigjiga Yar,False,Navigation,Istaannada & Gaadiidka
wda_huteelka_nasashada_martida_ee_qa_1338,Huteelka Nasashada & Martida ee Qaybta 1338 (Ahmed Dhagax),"Comfortable guest lodging and family dining restaurant in Ahmed Dhagax residential & commercial grid, Hargeisa",9.56035,44.04444,Hotels & Hospitality,hotel,Ahmed Dhagax,False,Hotel,Huteellada & Maqaayadaha
wda_laanta_zaad_dahabshiil_ee_qaybta_1339,Laanta ZAAD & Dahabshiil ee Qaybta 1339 (150 Highway),"Banking kiosk, e-remittance and ZAAD cash-in center in 150 Highway residential & commercial grid, Hargeisa",9.58774,44.04551,Banks & Financial,bank,150 Highway,False,Landmark,Bangiyada & Xawaaladaha
wda_laanta_taaj_edahab_express_ee_qa_1340,Laanta TAAJ & Edahab Express ee Qaybta 1340 (Shaab / Institutional District),"Financial services, money transfer and remittance desk in Shaab / Institutional District residential & commercial grid, Hargeisa",9.56316,44.05367,Banks & Financial,bank,Shaab / Institutional District,False,Landmark,Bangiyada & Xawaaladaha
wda_xafiiska_adeegga_somtel_telesom__1341,Xafiiska Adeegga Somtel & Telesom ee Qaybta 1341 (Maxamed Mooge),"Telecommunications branch, SIM registration and fiber service hub in Maxamed Mooge residential & commercial grid, Hargeisa",9.52554,44.0952,Corporate & Utilities,corporate,Maxamed Mooge,False,Building2,Shirkadaha & Isgaadhsiinta
wda_xarunta_korontada_sompower_ee_qa_1342,Xarunta Korontada Sompower ee Qaybta 1342 (New Hargeisa),"District electrical distribution and bill payment center in New Hargeisa residential & commercial grid, Hargeisa",9.55965,44.08913,Corporate & Utilities,utility,New Hargeisa,False,Zap,Korontada & Biyaha
wda_xafiiska_waaxda_dowladda_hoose_e_1343,Xafiiska Waaxda Dowladda Hoose ee Qaybta 1343 (Daami),"Municipal sub-office and local civic administration center in Daami residential & commercial grid, Hargeisa",9.57976,44.07706,Government & Civic,government,Daami,False,Landmark,Hay'adaha Dowladda
wda_xaafada_deganaanshaha_ee_qaybta__1344,Xaafada Deganaanshaha ee Qaybta 1344 (Shiraaqle),"Quiet residential enclave and community living sector in Shiraaqle residential & commercial grid, Hargeisa",9.56835,44.09644,Xaafadaha (Districts),neighborhood,Shiraaqle,False,Home,Xaafadaha & Degmooyinka
wda_cusbitaalka_gurmadka_caafimaadka_1345,Cusbitaalka Gurmadka Caafimaadka ee Qaybta 1345 (Koodbuur),"Specialized neighborhood clinic & emergency health post in Koodbuur residential & commercial grid, Hargeisa",9.57905,44.03775,Hospitals & Healthcare,hospital,Koodbuur,False,HeartPulse,Cusbitaallada & Rugaha Caafimaadka
wda_rugta_daryeelka_hooyada_dhallaan_1346,Rugta Daryeelka Hooyada & Dhallaanka ee Qaybta 1346 (Airport Zone / Masalaha),"Maternal and child care dispensary center in Airport Zone / Masalaha residential & commercial grid, Hargeisa",9.52943,44.08028,Hospitals & Healthcare,hospital,Airport Zone / Masalaha,False,HeartPulse,Cusbitaallada & Rugaha Caafimaadka
wda_farmasiga_shacabka_caafimaadka_e_1347,Farmasiga Shacabka & Caafimaadka ee Qaybta 1347 (Kilalka / Sheikh Nuur East),"24/7 community pharmacy and dispensary outpost in Kilalka / Sheikh Nuur East residential & commercial grid, Hargeisa",9.57705,44.09025,Hospitals & Healthcare,hospital,Kilalka / Sheikh Nuur East,False,HeartPulse,Cusbitaallada & Rugaha Caafimaadka
wda_dugsiga_hoose_dhexe_ee_waxbarash_1348,Dugsiga Hoose/Dhexe ee Waxbarashada Qaybta 1348 (Goljano District),"Public primary & intermediate school campus in Goljano District residential & commercial grid, Hargeisa",9.56296,44.07737,Schools & Universities,school,Goljano District,False,GraduationCap,Dugsiyada & Waxbarashada
wda_akadeemiyada_casriga_ah_ee_qaybt_1349,Akadeemiyada Casriga ah ee Qaybta 1349 (Biyo Dhacay Area),"Modern high school and STEM educational institute in Biyo Dhacay Area residential & commercial grid, Hargeisa",9.56016,44.07067,Schools & Universities,school,Biyo Dhacay Area,False,GraduationCap,Dugsiyada & Waxbarashada
wda_machadka_tababarka_xirfadaha_ee__1350,Machadka Tababarka Xirfadaha ee Qaybta 1350 (Xero Awr / Hero Awr),"Vocational and technical training college center in Xero Awr / Hero Awr residential & commercial grid, Hargeisa",9.57066,44.04487,Schools & Universities,university,Xero Awr / Hero Awr,False,GraduationCap,Jaamacadaha & Kuliyadaha
wda_masjidka_jaamaca_ee_qaybta_1351__1351,Masjidka Jaamaca ee Qaybta 1351 (Downtown Waheen),"Congregational Friday mosque with community prayer hall in Downtown Waheen residential & commercial grid, Hargeisa",9.55688,44.06829,Mosques (Masaajidda),place_of_worship,Downtown Waheen,False,Moon,Masaajidda
wda_masjidka_al_imaan_ee_qaybta_1352_1352,Masjidka Al-Imaan ee Qaybta 1352 (Jigjiga Yar),"Neighborhood community mosque and Quranic learning hub in Jigjiga Yar residential & commercial grid, Hargeisa",9.5716,44.03536,Mosques (Masaajidda),place_of_worship,Jigjiga Yar,False,Moon,Masaajidda
wda_suuqa_khdaarta_iyo_ganacsiga_ee__1353,Suuqa Khdaarta iyo Ganacsiga ee Qaybta 1353 (Ahmed Dhagax),"Neighborhood open-air fresh market and commercial trade zone in Ahmed Dhagax residential & commercial grid, Hargeisa",9.54732,44.05044,Markets & Malls,mall,Ahmed Dhagax,False,ShoppingBag,Suuqyada & Xarumaha Ganacsiga
wda_xarunta_ganacsiga_supermarket_ee_1354,Xarunta Ganacsiga & Supermarket ee Qaybta 1354 (150 Highway),"Modern multi-store retail grocery and provisions shopping center in 150 Highway residential & commercial grid, Hargeisa",9.57254,44.05251,Markets & Malls,mall,150 Highway,False,ShoppingBag,Suuqyada & Xarumaha Ganacsiga
wda_kaalinta_shidaalka_hass_national_1355,Kaalinta Shidaalka Hass / National ee Qaybta 1355 (Shaab / Institutional District),"Service petrol station, diesel dispenser and tire service in Shaab / Institutional District residential & commercial grid, Hargeisa",9.55303,44.05834,Fuel Stations (Kaalmaha Shidaalka),fuel,Shaab / Institutional District,False,Fuel,Kaalmaha Shidaalka
wda_kaalinta_shidaalka_gaaska_ee_qay_1356,Kaalinta Shidaalka & Gaaska ee Qaybta 1356 (Maxamed Mooge),"Fuel station and LPG domestic gas distribution depot in Maxamed Mooge residential & commercial grid, Hargeisa",9.50961,44.10253,Fuel Stations (Kaalmaha Shidaalka),fuel,Maxamed Mooge,False,Fuel,Kaalmaha Shidaalka
wda_istaanka_gaadiidka_dadweynaha_ee_1357,Istaanka Gaadiidka Dadweynaha ee Qaybta 1357 (New Hargeisa),"Minibus terminal and designated passenger pick-and-drop stop in New Hargeisa residential & commercial grid, Hargeisa",9.54589,44.09546,Transport & Terminals,transit_station,New Hargeisa,False,Navigation,Istaannada & Gaadiidka
wda_isgoyska_weyn_ee_gaadiidka_ee_qa_1358,Isgoyska Weyn ee Gaadiidka ee Qaybta 1358 (Daami),"Major road intersection and inter-district transit artery in Daami residential & commercial grid, Hargeisa",9.56817,44.08239,Transport & Terminals,transit_station,Daami,False,Navigation,Istaannada & Gaadiidka
wda_huteelka_nasashada_martida_ee_qa_1359,Huteelka Nasashada & Martida ee Qaybta 1359 (Shiraaqle),"Comfortable guest lodging and family dining restaurant in Shiraaqle residential & commercial grid, Hargeisa",9.55532,44.10244,Hotels & Hospitality,hotel,Shiraaqle,False,Hotel,Huteellada & Maqaayadaha
wda_laanta_zaad_dahabshiil_ee_qaybta_1360,Laanta ZAAD & Dahabshiil ee Qaybta 1360 (Koodbuur),"Banking kiosk, e-remittance and ZAAD cash-in center in Koodbuur residential & commercial grid, Hargeisa",9.56675,44.04341,Banks & Financial,bank,Koodbuur,False,Landmark,Bangiyada & Xawaaladaha
wda_laanta_taaj_edahab_express_ee_qa_1361,Laanta TAAJ & Edahab Express ee Qaybta 1361 (Airport Zone / Masalaha),"Financial services, money transfer and remittance desk in Airport Zone / Masalaha residential & commercial grid, Hargeisa",9.51133,44.08861,Banks & Financial,bank,Airport Zone / Masalaha,False,Landmark,Bangiyada & Xawaaladaha
wda_xafiiska_adeegga_somtel_telesom__1362,Xafiiska Adeegga Somtel & Telesom ee Qaybta 1362 (Kilalka / Sheikh Nuur East),"Telecommunications branch, SIM registration and fiber service hub in Kilalka / Sheikh Nuur East residential & commercial grid, Hargeisa",9.56475,44.09591,Corporate & Utilities,corporate,Kilalka / Sheikh Nuur East,False,Building2,Shirkadaha & Isgaadhsiinta
wda_xarunta_korontada_sompower_ee_qa_1363,Xarunta Korontada Sompower ee Qaybta 1363 (Goljano District),"District electrical distribution and bill payment center in Goljano District residential & commercial grid, Hargeisa",9.5521,44.08236,Corporate & Utilities,utility,Goljano District,False,Zap,Korontada & Biyaha
wda_xafiiska_waaxda_dowladda_hoose_e_1364,Xafiiska Waaxda Dowladda Hoose ee Qaybta 1364 (Biyo Dhacay Area),"Municipal sub-office and local civic administration center in Biyo Dhacay Area residential & commercial grid, Hargeisa",9.55003,44.07534,Government & Civic,government,Biyo Dhacay Area,False,Landmark,Hay'adaha Dowladda
wda_xaafada_deganaanshaha_ee_qaybta__1365,Xaafada Deganaanshaha ee Qaybta 1365 (Xero Awr / Hero Awr),"Quiet residential enclave and community living sector in Xero Awr / Hero Awr residential & commercial grid, Hargeisa",9.5598,44.04986,Xaafadaha (Districts),neighborhood,Xero Awr / Hero Awr,False,Home,Xaafadaha & Degmooyinka
wda_cusbitaalka_gurmadka_caafimaadka_1366,Cusbitaalka Gurmadka Caafimaadka ee Qaybta 1366 (Downtown Waheen),"Specialized neighborhood clinic & emergency health post in Downtown Waheen residential & commercial grid, Hargeisa",9.56598,44.07131,Hospitals & Healthcare,hospital,Downtown Waheen,False,HeartPulse,Cusbitaallada & Rugaha Caafimaadka
wda_rugta_daryeelka_hooyada_dhallaan_1367,Rugta Daryeelka Hooyada & Dhallaanka ee Qaybta 1367 (Jigjiga Yar),"Maternal and child care dispensary center in Jigjiga Yar residential & commercial grid, Hargeisa",9.58298,44.03913,Hospitals & Healthcare,hospital,Jigjiga Yar,False,HeartPulse,Cusbitaallada & Rugaha Caafimaadka
wda_farmasiga_shacabka_caafimaadka_e_1368,Farmasiga Shacabka & Caafimaadka ee Qaybta 1368 (Ahmed Dhagax),"24/7 community pharmacy and dispensary outpost in Ahmed Dhagax residential & commercial grid, Hargeisa",9.56098,44.05496,Hospitals & Healthcare,hospital,Ahmed Dhagax,False,HeartPulse,Cusbitaallada & Rugaha Caafimaadka
wda_dugsiga_hoose_dhexe_ee_waxbarash_1369,Dugsiga Hoose/Dhexe ee Waxbarashada Qaybta 1369 (150 Highway),"Public primary & intermediate school campus in 150 Highway residential & commercial grid, Hargeisa",9.58847,44.05778,Schools & Universities,school,150 Highway,False,GraduationCap,Dugsiyada & Waxbarashada
wda_akadeemiyada_casriga_ah_ee_qaybt_1370,Akadeemiyada Casriga ah ee Qaybta 1370 (Shaab / Institutional District),"Modern high school and STEM educational institute in Shaab / Institutional District residential & commercial grid, Hargeisa",9.56365,44.06186,Schools & Universities,school,Shaab / Institutional District,False,GraduationCap,Dugsiyada & Waxbarashada
wda_machadka_tababarka_xirfadaha_ee__1371,Machadka Tababarka Xirfadaha ee Qaybta 1371 (Maxamed Mooge),"Vocational and technical training college center in Maxamed Mooge residential & commercial grid, Hargeisa",9.5263,44.10806,Schools & Universities,university,Maxamed Mooge,False,GraduationCap,Jaamacadaha & Kuliyadaha
wda_masjidka_jaamaca_ee_qaybta_1372__1372,Masjidka Jaamaca ee Qaybta 1372 (New Hargeisa),"Congregational Friday mosque with community prayer hall in New Hargeisa residential & commercial grid, Hargeisa",9.56031,44.10023,Mosques (Masaajidda),place_of_worship,New Hargeisa,False,Moon,Masaajidda
wda_masjidka_al_imaan_ee_qaybta_1373_1373,Masjidka Al-Imaan ee Qaybta 1373 (Daami),"Neighborhood community mosque and Quranic learning hub in Daami residential & commercial grid, Hargeisa",9.58031,44.08641,Mosques (Masaajidda),place_of_worship,Daami,False,Moon,Masaajidda
wda_suuqa_khdaarta_iyo_ganacsiga_ee__1374,Suuqa Khdaarta iyo Ganacsiga ee Qaybta 1374 (Shiraaqle),"Neighborhood open-air fresh market and commercial trade zone in Shiraaqle residential & commercial grid, Hargeisa",9.56898,44.10696,Markets & Malls,mall,Shiraaqle,False,ShoppingBag,Suuqyada & Xarumaha Ganacsiga
wda_xarunta_ganacsiga_supermarket_ee_1375,Xarunta Ganacsiga & Supermarket ee Qaybta 1375 (Koodbuur),"Modern multi-store retail grocery and provisions shopping center in Koodbuur residential & commercial grid, Hargeisa",9.57964,44.04768,Markets & Malls,mall,Koodbuur,False,ShoppingBag,Suuqyada & Xarumaha Ganacsiga
wda_kaalinta_shidaalka_hass_national_1376,Kaalinta Shidaalka Hass / National ee Qaybta 1376 (Airport Zone / Masalaha),"Service petrol station, diesel dispenser and tire service in Airport Zone / Masalaha residential & commercial grid, Hargeisa",9.5303,44.09488,Fuel Stations (Kaalmaha Shidaalka),fuel,Airport Zone / Masalaha,False,Fuel,Kaalmaha Shidaalka
wda_kaalinta_shidaalka_gaaska_ee_qay_1377,Kaalinta Shidaalka & Gaaska ee Qaybta 1377 (Kilalka / Sheikh Nuur East),"Fuel station and LPG domestic gas distribution depot in Kilalka / Sheikh Nuur East residential & commercial grid, Hargeisa",9.57764,44.10018,Fuel Stations (Kaalmaha Shidaalka),fuel,Kilalka / Sheikh Nuur East,False,Fuel,Kaalmaha Shidaalka
wda_istaanka_gaadiidka_dadweynaha_ee_1378,Istaanka Gaadiidka Dadweynaha ee Qaybta 1378 (Goljano District),"Minibus terminal and designated passenger pick-and-drop stop in Goljano District residential & commercial grid, Hargeisa",9.56348,44.08613,Transport & Terminals,transit_station,Goljano District,False,Navigation,Istaannada & Gaadiidka
wda_isgoyska_weyn_ee_gaadiidka_ee_qa_1379,Isgoyska Weyn ee Gaadiidka ee Qaybta 1379 (Biyo Dhacay Area),"Major road intersection and inter-district transit artery in Biyo Dhacay Area residential & commercial grid, Hargeisa",9.56065,44.07886,Transport & Terminals,transit_station,Biyo Dhacay Area,False,Navigation,Istaannada & Gaadiidka
wda_huteelka_nasashada_martida_ee_qa_1380,Huteelka Nasashada & Martida ee Qaybta 1380 (Xero Awr / Hero Awr),"Comfortable guest lodging and family dining restaurant in Xero Awr / Hero Awr residential & commercial grid, Hargeisa",9.57118,44.05363,Hotels & Hospitality,hotel,Xero Awr / Hero Awr,False,Hotel,Huteellada & Maqaayadaha
wda_laanta_zaad_dahabshiil_ee_qaybta_1381,Laanta ZAAD & Dahabshiil ee Qaybta 1381 (Downtown Waheen),"Banking kiosk, e-remittance and ZAAD cash-in center in Downtown Waheen residential & commercial grid, Hargeisa",9.56126,44.06281,Banks & Financial,bank,Downtown Waheen,False,Landmark,Bangiyada & Xawaaladaha
wda_laanta_taaj_edahab_express_ee_qa_1382,Laanta TAAJ & Edahab Express ee Qaybta 1382 (Jigjiga Yar),"Financial services, money transfer and remittance desk in Jigjiga Yar residential & commercial grid, Hargeisa",9.57708,44.02852,Banks & Financial,bank,Jigjiga Yar,False,Landmark,Bangiyada & Xawaaladaha
wda_xafiiska_adeegga_somtel_telesom__1383,Xafiiska Adeegga Somtel & Telesom ee Qaybta 1383 (Ahmed Dhagax),"Telecommunications branch, SIM registration and fiber service hub in Ahmed Dhagax residential & commercial grid, Hargeisa",9.55389,44.04222,Corporate & Utilities,corporate,Ahmed Dhagax,False,Building2,Shirkadaha & Isgaadhsiinta
wda_xarunta_korontada_sompower_ee_qa_1384,Xarunta Korontada Sompower ee Qaybta 1384 (150 Highway),"District electrical distribution and bill payment center in 150 Highway residential & commercial grid, Hargeisa",9.58021,44.04293,Corporate & Utilities,utility,150 Highway,False,Zap,Korontada & Biyaha
wda_xafiiska_waaxda_dowladda_hoose_e_1385,Xafiiska Waaxda Dowladda Hoose ee Qaybta 1385 (Shaab / Institutional District),"Municipal sub-office and local civic administration center in Shaab / Institutional District residential & commercial grid, Hargeisa",9.55814,44.05195,Government & Civic,government,Shaab / Institutional District,False,Landmark,Hay'adaha Dowladda
wda_xaafada_deganaanshaha_ee_qaybta__1386,Xaafada Deganaanshaha ee Qaybta 1386 (Maxamed Mooge),"Quiet residential enclave and community living sector in Maxamed Mooge residential & commercial grid, Hargeisa",9.51765,44.09249,Xaafadaha (Districts),neighborhood,Maxamed Mooge,False,Home,Xaafadaha & Degmooyinka
wda_cusbitaalka_gurmadka_caafimaadka_1387,Cusbitaalka Gurmadka Caafimaadka ee Qaybta 1387 (New Hargeisa),"Specialized neighborhood clinic & emergency health post in New Hargeisa residential & commercial grid, Hargeisa",9.55283,44.08679,Hospitals & Healthcare,hospital,New Hargeisa,False,HeartPulse,Cusbitaallada & Rugaha Caafimaadka
wda_rugta_daryeelka_hooyada_dhallaan_1388,Rugta Daryeelka Hooyada & Dhallaanka ee Qaybta 1388 (Daami),"Maternal and child care dispensary center in Daami residential & commercial grid, Hargeisa",9.57401,44.07509,Hospitals & Healthcare,hospital,Daami,False,HeartPulse,Cusbitaallada & Rugaha Caafimaadka
wda_farmasiga_shacabka_caafimaadka_e_1389,Farmasiga Shacabka & Caafimaadka ee Qaybta 1389 (Shiraaqle),"24/7 community pharmacy and dispensary outpost in Shiraaqle residential & commercial grid, Hargeisa",9.56189,44.09422,Hospitals & Healthcare,hospital,Shiraaqle,False,HeartPulse,Cusbitaallada & Rugaha Caafimaadka
wda_dugsiga_hoose_dhexe_ee_waxbarash_1390,Dugsiga Hoose/Dhexe ee Waxbarashada Qaybta 1390 (Koodbuur),"Public primary & intermediate school campus in Koodbuur residential & commercial grid, Hargeisa",9.57295,44.03565,Schools & Universities,school,Koodbuur,False,GraduationCap,Dugsiyada & Waxbarashada
wda_akadeemiyada_casriga_ah_ee_qaybt_1391,Akadeemiyada Casriga ah ee Qaybta 1391 (Airport Zone / Masalaha),"Modern high school and STEM educational institute in Airport Zone / Masalaha residential & commercial grid, Hargeisa",9.52046,44.0772,Schools & Universities,school,Airport Zone / Masalaha,False,GraduationCap,Dugsiyada & Waxbarashada
wda_machadka_tababarka_xirfadaha_ee__1392,Machadka Tababarka Xirfadaha ee Qaybta 1392 (Kilalka / Sheikh Nuur East),"Vocational and technical training college center in Kilalka / Sheikh Nuur East residential & commercial grid, Hargeisa",9.57095,44.08815,Schools & Universities,university,Kilalka / Sheikh Nuur East,False,GraduationCap,Jaamacadaha & Kuliyadaha
wda_masjidka_jaamaca_ee_qaybta_1393__1393,Masjidka Jaamaca ee Qaybta 1393 (Goljano District),"Congregational Friday mosque with community prayer hall in Goljano District residential & commercial grid, Hargeisa",9.55758,44.07552,Mosques (Masaajidda),place_of_worship,Goljano District,False,Moon,Masaajidda
wda_masjidka_al_imaan_ee_qaybta_1394_1394,Masjidka Al-Imaan ee Qaybta 1394 (Biyo Dhacay Area),"Neighborhood community mosque and Quranic learning hub in Biyo Dhacay Area residential & commercial grid, Hargeisa",9.55514,44.06895,Mosques (Masaajidda),place_of_worship,Biyo Dhacay Area,False,Moon,Masaajidda
wda_suuqa_khdaarta_iyo_ganacsiga_ee__1395,Suuqa Khdaarta iyo Ganacsiga ee Qaybta 1395 (Xero Awr / Hero Awr),"Neighborhood open-air fresh market and commercial trade zone in Xero Awr / Hero Awr residential & commercial grid, Hargeisa",9.56528,44.04302,Markets & Malls,mall,Xero Awr / Hero Awr,False,ShoppingBag,Suuqyada & Xarumaha Ganacsiga
wda_xarunta_ganacsiga_supermarket_ee_1396,Xarunta Ganacsiga & Supermarket ee Qaybta 1396 (Downtown Waheen),"Modern multi-store retail grocery and provisions shopping center in Downtown Waheen residential & commercial grid, Hargeisa",9.55908,44.07235,Markets & Malls,mall,Downtown Waheen,False,ShoppingBag,Suuqyada & Xarumaha Ganacsiga
wda_kaalinta_shidaalka_hass_national_1397,Kaalinta Shidaalka Hass / National ee Qaybta 1397 (Jigjiga Yar),"Service petrol station, diesel dispenser and tire service in Jigjiga Yar residential & commercial grid, Hargeisa",9.57435,44.04043,Fuel Stations (Kaalmaha Shidaalka),fuel,Jigjiga Yar,False,Fuel,Kaalmaha Shidaalka
wda_kaalinta_shidaalka_gaaska_ee_qay_1398,Kaalinta Shidaalka & Gaaska ee Qaybta 1398 (Ahmed Dhagax),"Fuel station and LPG domestic gas distribution depot in Ahmed Dhagax residential & commercial grid, Hargeisa",9.55062,44.05652,Fuel Stations (Kaalmaha Shidaalka),fuel,Ahmed Dhagax,False,Fuel,Kaalmaha Shidaalka
wda_istaanka_gaadiidka_dadweynaha_ee_1399,Istaanka Gaadiidka Dadweynaha ee Qaybta 1399 (150 Highway),"Minibus terminal and designated passenger pick-and-drop stop in 150 Highway residential & commercial grid, Hargeisa",9.57639,44.05961,Transport & Terminals,transit_station,150 Highway,False,Navigation,Istaannada & Gaadiidka
wda_isgoyska_weyn_ee_gaadiidka_ee_qa_1400,Isgoyska Weyn ee Gaadiidka ee Qaybta 1400 (Shaab / Institutional District),"Major road intersection and inter-district transit artery in Shaab / Institutional District residential & commercial grid, Hargeisa",9.55559,44.06307,Transport & Terminals,transit_station,Shaab / Institutional District,False,Navigation,Istaannada & Gaadiidka
wda_huteelka_nasashada_martida_ee_qa_1401,Huteelka Nasashada & Martida ee Qaybta 1401 (Maxamed Mooge),"Comfortable guest lodging and family dining restaurant in Maxamed Mooge residential & commercial grid, Hargeisa",9.51365,44.10997,Hotels & Hospitality,hotel,Maxamed Mooge,False,Hotel,Huteellada & Maqaayadaha
wda_laanta_zaad_dahabshiil_ee_qaybta_1402,Laanta ZAAD & Dahabshiil ee Qaybta 1402 (New Hargeisa),"Banking kiosk, e-remittance and ZAAD cash-in center in New Hargeisa residential & commercial grid, Hargeisa",9.54938,44.10188,Banks & Financial,bank,New Hargeisa,False,Landmark,Bangiyada & Xawaaladaha
wda_laanta_taaj_edahab_express_ee_qa_1403,Laanta TAAJ & Edahab Express ee Qaybta 1403 (Daami),"Financial services, money transfer and remittance desk in Daami residential & commercial grid, Hargeisa",9.57111,44.08779,Banks & Financial,bank,Daami,False,Landmark,Bangiyada & Xawaaladaha
wda_xafiiska_adeegga_somtel_telesom__1404,Xafiiska Adeegga Somtel & Telesom ee Qaybta 1404 (Shiraaqle),"Telecommunications branch, SIM registration and fiber service hub in Shiraaqle residential & commercial grid, Hargeisa",9.55862,44.10852,Corporate & Utilities,corporate,Shiraaqle,False,Building2,Shirkadaha & Isgaadhsiinta
wda_xarunta_korontada_sompower_ee_qa_1405,Xarunta Korontada Sompower ee Qaybta 1405 (Koodbuur),"District electrical distribution and bill payment center in Koodbuur residential & commercial grid, Hargeisa",9.56986,44.04916,Corporate & Utilities,utility,Koodbuur,False,Zap,Korontada & Biyaha
wda_xafiiska_waaxda_dowladda_hoose_e_1406,Xafiiska Waaxda Dowladda Hoose ee Qaybta 1406 (Airport Zone / Masalaha),"Municipal sub-office and local civic administration center in Airport Zone / Masalaha residential & commercial grid, Hargeisa",9.51592,44.09705,Government & Civic,government,Airport Zone / Masalaha,False,Landmark,Hay'adaha Dowladda
wda_xaafada_deganaanshaha_ee_qaybta__1407,Xaafada Deganaanshaha ee Qaybta 1407 (Kilalka / Sheikh Nuur East),"Quiet residential enclave and community living sector in Kilalka / Sheikh Nuur East residential & commercial grid, Hargeisa",9.56786,44.10166,Xaafadaha (Districts),neighborhood,Kilalka / Sheikh Nuur East,False,Home,Xaafadaha & Degmooyinka
wda_cusbitaalka_gurmadka_caafimaadka_1408,Cusbitaalka Gurmadka Caafimaadka ee Qaybta 1408 (Goljano District),"Specialized neighborhood clinic & emergency health post in Goljano District residential & commercial grid, Hargeisa",9.55485,44.08743,Hospitals & Healthcare,hospital,Goljano District,False,HeartPulse,Cusbitaallada & Rugaha Caafimaadka
wda_rugta_daryeelka_hooyada_dhallaan_1409,Rugta Daryeelka Hooyada & Dhallaanka ee Qaybta 1409 (Biyo Dhacay Area),"Maternal and child care dispensary center in Biyo Dhacay Area residential & commercial grid, Hargeisa",9.55259,44.08007,Hospitals & Healthcare,hospital,Biyo Dhacay Area,False,HeartPulse,Cusbitaallada & Rugaha Caafimaadka
wda_farmasiga_shacabka_caafimaadka_e_1410,Farmasiga Shacabka & Caafimaadka ee Qaybta 1410 (Xero Awr / Hero Awr),"24/7 community pharmacy and dispensary outpost in Xero Awr / Hero Awr residential & commercial grid, Hargeisa",9.56255,44.05493,Hospitals & Healthcare,hospital,Xero Awr / Hero Awr,False,HeartPulse,Cusbitaallada & Rugaha Caafimaadka
wda_dugsiga_hoose_dhexe_ee_waxbarash_1411,Dugsiga Hoose/Dhexe ee Waxbarashada Qaybta 1411 (Downtown Waheen),"Public primary & intermediate school campus in Downtown Waheen residential & commercial grid, Hargeisa",9.56707,44.06679,Schools & Universities,school,Downtown Waheen,False,GraduationCap,Dugsiyada & Waxbarashada
wda_akadeemiyada_casriga_ah_ee_qaybt_1412,Akadeemiyada Casriga ah ee Qaybta 1412 (Jigjiga Yar),"Modern high school and STEM educational institute in Jigjiga Yar residential & commercial grid, Hargeisa",9.58433,44.03349,Schools & Universities,school,Jigjiga Yar,False,GraduationCap,Dugsiyada & Waxbarashada
wda_machadka_tababarka_xirfadaha_ee__1413,Machadka Tababarka Xirfadaha ee Qaybta 1413 (Ahmed Dhagax),"Vocational and technical training college center in Ahmed Dhagax residential & commercial grid, Hargeisa",9.5626,44.04819,Schools & Universities,university,Ahmed Dhagax,False,GraduationCap,Jaamacadaha & Kuliyadaha
wda_masjidka_jaamaca_ee_qaybta_1414__1414,Masjidka Jaamaca ee Qaybta 1414 (150 Highway),"Congregational Friday mosque with community prayer hall in 150 Highway residential & commercial grid, Hargeisa",9.59037,44.04988,Mosques (Masaajidda),place_of_worship,150 Highway,False,Moon,Masaajidda
wda_masjidka_al_imaan_ee_qaybta_1415_1415,Masjidka Al-Imaan ee Qaybta 1415 (Shaab / Institutional District),"Neighborhood community mosque and Quranic learning hub in Shaab / Institutional District residential & commercial grid, Hargeisa",9.56491,44.05659,Mosques (Masaajidda),place_of_worship,Shaab / Institutional District,False,Moon,Masaajidda
wda_suuqa_khdaarta_iyo_ganacsiga_ee__1416,Suuqa Khdaarta iyo Ganacsiga ee Qaybta 1416 (Maxamed Mooge),"Neighborhood open-air fresh market and commercial trade zone in Maxamed Mooge residential & commercial grid, Hargeisa",9.52829,44.09978,Markets & Malls,mall,Maxamed Mooge,False,ShoppingBag,Suuqyada & Xarumaha Ganacsiga
wda_xarunta_ganacsiga_supermarket_ee_1417,Xarunta Ganacsiga & Supermarket ee Qaybta 1417 (New Hargeisa),"Modern multi-store retail grocery and provisions shopping center in New Hargeisa residential & commercial grid, Hargeisa",9.56202,44.09309,Markets & Malls,mall,New Hargeisa,False,ShoppingBag,Suuqyada & Xarumaha Ganacsiga
wda_kaalinta_shidaalka_hass_national_1418,Kaalinta Shidaalka Hass / National ee Qaybta 1418 (Daami),"Service petrol station, diesel dispenser and tire service in Daami residential & commercial grid, Hargeisa",9.58175,44.08039,Fuel Stations (Kaalmaha Shidaalka),fuel,Daami,False,Fuel,Kaalmaha Shidaalka
wda_kaalinta_shidaalka_gaaska_ee_qay_1419,Kaalinta Shidaalka & Gaaska ee Qaybta 1419 (Shiraaqle),"Fuel station and LPG domestic gas distribution depot in Shiraaqle residential & commercial grid, Hargeisa",9.5706,44.10019,Fuel Stations (Kaalmaha Shidaalka),fuel,Shiraaqle,False,Fuel,Kaalmaha Shidaalka
wda_istaanka_gaadiidka_dadweynaha_ee_1420,Istaanka Gaadiidka Dadweynaha ee Qaybta 1420 (Koodbuur),"Minibus terminal and designated passenger pick-and-drop stop in Koodbuur residential & commercial grid, Hargeisa",9.58118,44.04129,Transport & Terminals,transit_station,Koodbuur,False,Navigation,Istaannada & Gaadiidka
wda_isgoyska_weyn_ee_gaadiidka_ee_qa_1421,Isgoyska Weyn ee Gaadiidka ee Qaybta 1421 (Airport Zone / Masalaha),"Major road intersection and inter-district transit artery in Airport Zone / Masalaha residential & commercial grid, Hargeisa",9.53255,44.08548,Transport & Terminals,transit_station,Airport Zone / Masalaha,False,Navigation,Istaannada & Gaadiidka
wda_huteelka_nasashada_martida_ee_qa_1422,Huteelka Nasashada & Martida ee Qaybta 1422 (Kilalka / Sheikh Nuur East),"Comfortable guest lodging and family dining restaurant in Kilalka / Sheikh Nuur East residential & commercial grid, Hargeisa",9.57918,44.09379,Hotels & Hospitality,hotel,Kilalka / Sheikh Nuur East,False,Hotel,Huteellada & Maqaayadaha
wda_laanta_zaad_dahabshiil_ee_qaybta_1423,Laanta ZAAD & Dahabshiil ee Qaybta 1423 (Goljano District),"Banking kiosk, e-remittance and ZAAD cash-in center in Goljano District residential & commercial grid, Hargeisa",9.56483,44.08049,Banks & Financial,bank,Goljano District,False,Landmark,Bangiyada & Xawaaladaha
wda_laanta_taaj_edahab_express_ee_qa_1424,Laanta TAAJ & Edahab Express ee Qaybta 1424 (Biyo Dhacay Area),"Financial services, money transfer and remittance desk in Biyo Dhacay Area residential & commercial grid, Hargeisa",9.56191,44.07359,Banks & Financial,bank,Biyo Dhacay Area,False,Landmark,Bangiyada & Xawaaladaha
wda_xafiiska_adeegga_somtel_telesom__1425,Xafiiska Adeegga Somtel & Telesom ee Qaybta 1425 (Xero Awr / Hero Awr),"Telecommunications branch, SIM registration and fiber service hub in Xero Awr / Hero Awr residential & commercial grid, Hargeisa",9.57253,44.04799,Corporate & Utilities,corporate,Xero Awr / Hero Awr,False,Building2,Shirkadaha & Isgaadhsiinta
wda_xarunta_korontada_sompower_ee_qa_1426,Xarunta Korontada Sompower ee Qaybta 1426 (Downtown Waheen),"District electrical distribution and bill payment center in Downtown Waheen residential & commercial grid, Hargeisa",9.55744,44.06541,Corporate & Utilities,utility,Downtown Waheen,False,Zap,Korontada & Biyaha
wda_xafiiska_waaxda_dowladda_hoose_e_1427,Xafiiska Waaxda Dowladda Hoose ee Qaybta 1427 (Jigjiga Yar),"Municipal sub-office and local civic administration center in Jigjiga Yar residential & commercial grid, Hargeisa",9.5723,44.03176,Government & Civic,government,Jigjiga Yar,False,Landmark,Hay'adaha Dowladda
wda_xaafada_deganaanshaha_ee_qaybta__1428,Xaafada Deganaanshaha ee Qaybta 1428 (Ahmed Dhagax),"Quiet residential enclave and community living sector in Ahmed Dhagax residential & commercial grid, Hargeisa",9.54816,44.04612,Xaafadaha (Districts),neighborhood,Ahmed Dhagax,False,Home,Xaafadaha & Degmooyinka
wda_cusbitaalka_gurmadka_caafimaadka_1429,Cusbitaalka Gurmadka Caafimaadka ee Qaybta 1429 (150 Highway),"Specialized neighborhood clinic & emergency health post in 150 Highway residential & commercial grid, Hargeisa",9.57353,44.04747,Hospitals & Healthcare,hospital,150 Highway,False,HeartPulse,Cusbitaallada & Rugaha Caafimaadka
wda_rugta_daryeelka_hooyada_dhallaan_1430,Rugta Daryeelka Hooyada & Dhallaanka ee Qaybta 1430 (Shaab / Institutional District),"Maternal and child care dispensary center in Shaab / Institutional District residential & commercial grid, Hargeisa",9.55368,44.05498,Hospitals & Healthcare,hospital,Shaab / Institutional District,False,HeartPulse,Cusbitaallada & Rugaha Caafimaadka
wda_farmasiga_shacabka_caafimaadka_e_1431,Farmasiga Shacabka & Caafimaadka ee Qaybta 1431 (Maxamed Mooge),"24/7 community pharmacy and dispensary outpost in Maxamed Mooge residential & commercial grid, Hargeisa",9.51065,44.09726,Hospitals & Healthcare,hospital,Maxamed Mooge,False,HeartPulse,Cusbitaallada & Rugaha Caafimaadka
wda_dugsiga_hoose_dhexe_ee_waxbarash_1432,Dugsiga Hoose/Dhexe ee Waxbarashada Qaybta 1432 (New Hargeisa),"Public primary & intermediate school campus in New Hargeisa residential & commercial grid, Hargeisa",9.54678,44.0909,Schools & Universities,school,New Hargeisa,False,GraduationCap,Dugsiyada & Waxbarashada
wda_akadeemiyada_casriga_ah_ee_qaybt_1433,Akadeemiyada Casriga ah ee Qaybta 1433 (Daami),"Modern high school and STEM educational institute in Daami residential & commercial grid, Hargeisa",9.56892,44.07855,Schools & Universities,school,Daami,False,GraduationCap,Dugsiyada & Waxbarashada
wda_machadka_tababarka_xirfadaha_ee__1434,Machadka Tababarka Xirfadaha ee Qaybta 1434 (Shiraaqle),"Vocational and technical training college center in Shiraaqle residential & commercial grid, Hargeisa",9.55616,44.09812,Schools & Universities,university,Shiraaqle,False,GraduationCap,Jaamacadaha & Kuliyadaha
wda_masjidka_jaamaca_ee_qaybta_1435__1435,Masjidka Jaamaca ee Qaybta 1435 (Koodbuur),"Congregational Friday mosque with community prayer hall in Koodbuur residential & commercial grid, Hargeisa",9.56754,44.03933,Mosques (Masaajidda),place_of_worship,Koodbuur,False,Moon,Masaajidda
wda_masjidka_al_imaan_ee_qaybta_1436_1436,Masjidka Al-Imaan ee Qaybta 1436 (Airport Zone / Masalaha),"Neighborhood community mosque and Quranic learning hub in Airport Zone / Masalaha residential & commercial grid, Hargeisa",9.51251,44.08261,Mosques (Masaajidda),place_of_worship,Airport Zone / Masalaha,False,Moon,Masaajidda
wda_suuqa_khdaarta_iyo_ganacsiga_ee__1437,Suuqa Khdaarta iyo Ganacsiga ee Qaybta 1437 (Kilalka / Sheikh Nuur East),"Neighborhood open-air fresh market and commercial trade zone in Kilalka / Sheikh Nuur East residential & commercial grid, Hargeisa",9.56554,44.09183,Markets & Malls,mall,Kilalka / Sheikh Nuur East,False,ShoppingBag,Suuqyada & Xarumaha Ganacsiga
wda_xarunta_ganacsiga_supermarket_ee_1438,Xarunta Ganacsiga & Supermarket ee Qaybta 1438 (Goljano District),"Modern multi-store retail grocery and provisions shopping center in Goljano District residential & commercial grid, Hargeisa",9.5528,44.07876,Markets & Malls,mall,Goljano District,False,ShoppingBag,Suuqyada & Xarumaha Ganacsiga
wda_kaalinta_shidaalka_hass_national_1439,Kaalinta Shidaalka Hass / National ee Qaybta 1439 (Biyo Dhacay Area),"Service petrol station, diesel dispenser and tire service in Biyo Dhacay Area residential & commercial grid, Hargeisa",9.55068,44.07198,Fuel Stations (Kaalmaha Shidaalka),fuel,Biyo Dhacay Area,False,Fuel,Kaalmaha Shidaalka
wda_kaalinta_shidaalka_gaaska_ee_qay_1440,Kaalinta Shidaalka & Gaaska ee Qaybta 1440 (Xero Awr / Hero Awr),"Fuel station and LPG domestic gas distribution depot in Xero Awr / Hero Awr residential & commercial grid, Hargeisa",9.5605,44.04626,Fuel Stations (Kaalmaha Shidaalka),fuel,Xero Awr / Hero Awr,False,Fuel,Kaalmaha Shidaalka
wda_istaanka_gaadiidka_dadweynaha_ee_1441,Istaanka Gaadiidka Dadweynaha ee Qaybta 1441 (Downtown Waheen),"Minibus terminal and designated passenger pick-and-drop stop in Downtown Waheen residential & commercial grid, Hargeisa",9.56364,44.07305,Transport & Terminals,transit_station,Downtown Waheen,False,Navigation,Istaannada & Gaadiidka
wda_isgoyska_weyn_ee_gaadiidka_ee_qa_1442,Isgoyska Weyn ee Gaadiidka ee Qaybta 1442 (Jigjiga Yar),"Major road intersection and inter-district transit artery in Jigjiga Yar residential & commercial grid, Hargeisa",9.58005,44.04131,Transport & Terminals,transit_station,Jigjiga Yar,False,Navigation,Istaannada & Gaadiidka
wda_huteelka_nasashada_martida_ee_qa_1443,Huteelka Nasashada & Martida ee Qaybta 1443 (Ahmed Dhagax),"Comfortable guest lodging and family dining restaurant in Ahmed Dhagax residential & commercial grid, Hargeisa",9.55746,44.05757,Hotels & Hospitality,hotel,Ahmed Dhagax,False,Hotel,Huteellada & Maqaayadaha
wda_laanta_zaad_dahabshiil_ee_qaybta_1444,Laanta ZAAD & Dahabshiil ee Qaybta 1444 (150 Highway),"Banking kiosk, e-remittance and ZAAD cash-in center in 150 Highway residential & commercial grid, Hargeisa",9.58437,44.06083,Banks & Financial,bank,150 Highway,False,Landmark,Bangiyada & Xawaaladaha
wda_laanta_taaj_edahab_express_ee_qa_1445,Laanta TAAJ & Edahab Express ee Qaybta 1445 (Shaab / Institutional District),"Financial services, money transfer and remittance desk in Shaab / Institutional District residential & commercial grid, Hargeisa",9.56092,44.06389,Banks & Financial,bank,Shaab / Institutional District,False,Landmark,Bangiyada & Xawaaladaha
wda_xafiiska_adeegga_somtel_telesom__1446,Xafiiska Adeegga Somtel & Telesom ee Qaybta 1446 (Maxamed Mooge),"Telecommunications branch, SIM registration and fiber service hub in Maxamed Mooge residential & commercial grid, Hargeisa",9.52201,44.11125,Corporate & Utilities,corporate,Maxamed Mooge,False,Building2,Shirkadaha & Isgaadhsiinta
wda_xarunta_korontada_sompower_ee_qa_1447,Xarunta Korontada Sompower ee Qaybta 1447 (New Hargeisa),"District electrical distribution and bill payment center in New Hargeisa residential & commercial grid, Hargeisa",9.5566,44.10299,Corporate & Utilities,utility,New Hargeisa,False,Zap,Korontada & Biyaha
wda_xafiiska_waaxda_dowladda_hoose_e_1448,Xafiiska Waaxda Dowladda Hoose ee Qaybta 1448 (Daami),"Municipal sub-office and local civic administration center in Daami residential & commercial grid, Hargeisa",9.57719,44.08873,Government & Civic,government,Daami,False,Landmark,Hay'adaha Dowladda
wda_xaafada_deganaanshaha_ee_qaybta__1449,Xaafada Deganaanshaha ee Qaybta 1449 (Shiraaqle),"Quiet residential enclave and community living sector in Shiraaqle residential & commercial grid, Hargeisa",9.56546,44.10957,Xaafadaha (Districts),neighborhood,Shiraaqle,False,Home,Xaafadaha & Degmooyinka
wda_cusbitaalka_gurmadka_caafimaadka_1450,Cusbitaalka Gurmadka Caafimaadka ee Qaybta 1450 (Koodbuur),"Specialized neighborhood clinic & emergency health post in Koodbuur residential & commercial grid, Hargeisa",9.57633,44.05015,Hospitals & Healthcare,hospital,Koodbuur,False,HeartPulse,Cusbitaallada & Rugaha Caafimaadka
wda_rugta_daryeelka_hooyada_dhallaan_1451,Rugta Daryeelka Hooyada & Dhallaanka ee Qaybta 1451 (Airport Zone / Masalaha),"Maternal and child care dispensary center in Airport Zone / Masalaha residential & commercial grid, Hargeisa",9.52542,44.09852,Hospitals & Healthcare,hospital,Airport Zone / Masalaha,False,HeartPulse,Cusbitaallada & Rugaha Caafimaadka
wda_farmasiga_shacabka_caafimaadka_e_1452,Farmasiga Shacabka & Caafimaadka ee Qaybta 1452 (Kilalka / Sheikh Nuur East),"24/7 community pharmacy and dispensary outpost in Kilalka / Sheikh Nuur East residential & commercial grid, Hargeisa",9.57433,44.10265,Hospitals & Healthcare,hospital,Kilalka / Sheikh Nuur East,False,HeartPulse,Cusbitaallada & Rugaha Caafimaadka
wda_dugsiga_hoose_dhexe_ee_waxbarash_1453,Dugsiga Hoose/Dhexe ee Waxbarashada Qaybta 1453 (Goljano District),"Public primary & intermediate school campus in Goljano District residential & commercial grid, Hargeisa",9.56055,44.08831,Schools & Universities,school,Goljano District,False,GraduationCap,Dugsiyada & Waxbarashada
wda_akadeemiyada_casriga_ah_ee_qaybt_1454,Akadeemiyada Casriga ah ee Qaybta 1454 (Biyo Dhacay Area),"Modern high school and STEM educational institute in Biyo Dhacay Area residential & commercial grid, Hargeisa",9.55792,44.08089,Schools & Universities,school,Biyo Dhacay Area,False,GraduationCap,Dugsiyada & Waxbarashada
wda_machadka_tababarka_xirfadaha_ee__1455,Machadka Tababarka Xirfadaha ee Qaybta 1455 (Xero Awr / Hero Awr),"Vocational and technical training college center in Xero Awr / Hero Awr residential & commercial grid, Hargeisa",9.56825,44.05581,Schools & Universities,university,Xero Awr / Hero Awr,False,GraduationCap,Jaamacadaha & Kuliyadaha
wda_masjidka_jaamaca_ee_qaybta_1456__1456,Masjidka Jaamaca ee Qaybta 1456 (Downtown Waheen),"Congregational Friday mosque with community prayer hall in Downtown Waheen residential & commercial grid, Hargeisa",9.56416,44.06314,Mosques (Masaajidda),place_of_worship,Downtown Waheen,False,Moon,Masaajidda
wda_masjidka_al_imaan_ee_qaybta_1457_1457,Masjidka Al-Imaan ee Qaybta 1457 (Jigjiga Yar),"Neighborhood community mosque and Quranic learning hub in Jigjiga Yar residential & commercial grid, Hargeisa",9.5807,44.02892,Mosques (Masaajidda),place_of_worship,Jigjiga Yar,False,Moon,Masaajidda
wda_suuqa_khdaarta_iyo_ganacsiga_ee__1458,Suuqa Khdaarta iyo Ganacsiga ee Qaybta 1458 (Ahmed Dhagax),"Neighborhood open-air fresh market and commercial trade zone in Ahmed Dhagax residential & commercial grid, Hargeisa",9.55824,44.0427,Markets & Malls,mall,Ahmed Dhagax,False,ShoppingBag,Suuqyada & Xarumaha Ganacsiga
wda_xarunta_ganacsiga_supermarket_ee_1459,Xarunta Ganacsiga & Supermarket ee Qaybta 1459 (150 Highway),"Modern multi-store retail grocery and provisions shopping center in 150 Highway residential & commercial grid, Hargeisa",9.58528,44.04349,Markets & Malls,mall,150 Highway,False,ShoppingBag,Suuqyada & Xarumaha Ganacsiga
wda_kaalinta_shidaalka_hass_national_1460,Kaalinta Shidaalka Hass / National ee Qaybta 1460 (Shaab / Institutional District),"Service petrol station, diesel dispenser and tire service in Shaab / Institutional District residential & commercial grid, Hargeisa",9.56152,44.05233,Fuel Stations (Kaalmaha Shidaalka),fuel,Shaab / Institutional District,False,Fuel,Kaalmaha Shidaalka
wda_kaalinta_shidaalka_gaaska_ee_qay_1461,Kaalinta Shidaalka & Gaaska ee Qaybta 1461 (Maxamed Mooge),"Fuel station and LPG domestic gas distribution depot in Maxamed Mooge residential & commercial grid, Hargeisa",9.52296,44.09308,Fuel Stations (Kaalmaha Shidaalka),fuel,Maxamed Mooge,False,Fuel,Kaalmaha Shidaalka
wda_istaanka_gaadiidka_dadweynaha_ee_1462,Istaanka Gaadiidka Dadweynaha ee Qaybta 1462 (New Hargeisa),"Minibus terminal and designated passenger pick-and-drop stop in New Hargeisa residential & commercial grid, Hargeisa",9.55742,44.0873,Transport & Terminals,transit_station,New Hargeisa,False,Navigation,Istaannada & Gaadiidka
wda_isgoyska_weyn_ee_gaadiidka_ee_qa_1463,Isgoyska Weyn ee Gaadiidka ee Qaybta 1463 (Daami),"Major road intersection and inter-district transit artery in Daami residential & commercial grid, Hargeisa",9.57788,44.07551,Transport & Terminals,transit_station,Daami,False,Navigation,Istaannada & Gaadiidka
wda_huteelka_nasashada_martida_ee_qa_1464,Huteelka Nasashada & Martida ee Qaybta 1464 (Shiraaqle),"Comfortable guest lodging and family dining restaurant in Shiraaqle residential & commercial grid, Hargeisa",9.56624,44.0947,Hotels & Hospitality,hotel,Shiraaqle,False,Hotel,Huteellada & Maqaayadaha
wda_laanta_zaad_dahabshiil_ee_qaybta_1465,Laanta ZAAD & Dahabshiil ee Qaybta 1465 (Koodbuur),"Banking kiosk, e-remittance and ZAAD cash-in center in Koodbuur residential & commercial grid, Hargeisa",9.57706,44.03611,Banks & Financial,bank,Koodbuur,False,Landmark,Bangiyada & Xawaaladaha
wda_laanta_taaj_edahab_express_ee_qa_1466,Laanta TAAJ & Edahab Express ee Qaybta 1466 (Airport Zone / Masalaha),"Financial services, money transfer and remittance desk in Airport Zone / Masalaha residential & commercial grid, Hargeisa",9.5265,44.07787,Banks & Financial,bank,Airport Zone / Masalaha,False,Landmark,Bangiyada & Xawaaladaha
wda_xafiiska_adeegga_somtel_telesom__1467,Xafiiska Adeegga Somtel & Telesom ee Qaybta 1467 (Kilalka / Sheikh Nuur East),"Telecommunications branch, SIM registration and fiber service hub in Kilalka / Sheikh Nuur East residential & commercial grid, Hargeisa",9.57506,44.08861,Corporate & Utilities,corporate,Kilalka / Sheikh Nuur East,False,Building2,Shirkadaha & Isgaadhsiinta
wda_xarunta_korontada_sompower_ee_qa_1468,Xarunta Korontada Sompower ee Qaybta 1468 (Goljano District),"District electrical distribution and bill payment center in Goljano District residential & commercial grid, Hargeisa",9.5612,44.07592,Corporate & Utilities,utility,Goljano District,False,Zap,Korontada & Biyaha
wda_xafiiska_waaxda_dowladda_hoose_e_1469,Xafiiska Waaxda Dowladda Hoose ee Qaybta 1469 (Biyo Dhacay Area),"Municipal sub-office and local civic administration center in Biyo Dhacay Area residential & commercial grid, Hargeisa",9.55852,44.06933,Government & Civic,government,Biyo Dhacay Area,False,Landmark,Hay'adaha Dowladda
wda_xaafada_deganaanshaha_ee_qaybta__1470,Xaafada Deganaanshaha ee Qaybta 1470 (Xero Awr / Hero Awr),"Quiet residential enclave and community living sector in Xero Awr / Hero Awr residential & commercial grid, Hargeisa",9.5689,44.04342,Xaafadaha (Districts),neighborhood,Xero Awr / Hero Awr,False,Home,Xaafadaha & Degmooyinka
wda_cusbitaalka_gurmadka_caafimaadka_1471,Cusbitaalka Gurmadka Caafimaadka ee Qaybta 1471 (Downtown Waheen),"Specialized neighborhood clinic & emergency health post in Downtown Waheen residential & commercial grid, Hargeisa",9.55715,44.07011,Hospitals & Healthcare,hospital,Downtown Waheen,False,HeartPulse,Cusbitaallada & Rugaha Caafimaadka
wda_rugta_daryeelka_hooyada_dhallaan_1472,Rugta Daryeelka Hooyada & Dhallaanka ee Qaybta 1472 (Jigjiga Yar),"Maternal and child care dispensary center in Jigjiga Yar residential & commercial grid, Hargeisa",9.57194,44.03764,Hospitals & Healthcare,hospital,Jigjiga Yar,False,HeartPulse,Cusbitaallada & Rugaha Caafimaadka
wda_farmasiga_shacabka_caafimaadka_e_1473,Farmasiga Shacabka & Caafimaadka ee Qaybta 1473 (Ahmed Dhagax),"24/7 community pharmacy and dispensary outpost in Ahmed Dhagax residential & commercial grid, Hargeisa",9.54773,44.05317,Hospitals & Healthcare,hospital,Ahmed Dhagax,False,HeartPulse,Cusbitaallada & Rugaha Caafimaadka
wda_dugsiga_hoose_dhexe_ee_waxbarash_1474,Dugsiga Hoose/Dhexe ee Waxbarashada Qaybta 1474 (150 Highway),"Public primary & intermediate school campus in 150 Highway residential & commercial grid, Hargeisa",9.57301,44.0557,Schools & Universities,school,150 Highway,False,GraduationCap,Dugsiyada & Waxbarashada
wda_akadeemiyada_casriga_ah_ee_qaybt_1475,Akadeemiyada Casriga ah ee Qaybta 1475 (Shaab / Institutional District),"Modern high school and STEM educational institute in Shaab / Institutional District residential & commercial grid, Hargeisa",9.55334,44.06047,Schools & Universities,school,Shaab / Institutional District,False,GraduationCap,Dugsiyada & Waxbarashada
wda_machadka_tababarka_xirfadaha_ee__1476,Machadka Tababarka Xirfadaha ee Qaybta 1476 (Maxamed Mooge),"Vocational and technical training college center in Maxamed Mooge residential & commercial grid, Hargeisa",9.51011,44.10588,Schools & Universities,university,Maxamed Mooge,False,GraduationCap,Jaamacadaha & Kuliyadaha
wda_masjidka_jaamaca_ee_qaybta_1477__1477,Masjidka Jaamaca ee Qaybta 1477 (New Hargeisa),"Congregational Friday mosque with community prayer hall in New Hargeisa residential & commercial grid, Hargeisa",9.54632,44.09835,Mosques (Masaajidda),place_of_worship,New Hargeisa,False,Moon,Masaajidda
wda_masjidka_al_imaan_ee_qaybta_1478_1478,Masjidka Al-Imaan ee Qaybta 1478 (Daami),"Neighborhood community mosque and Quranic learning hub in Daami residential & commercial grid, Hargeisa",9.56853,44.08482,Mosques (Masaajidda),place_of_worship,Daami,False,Moon,Masaajidda
wda_suuqa_khdaarta_iyo_ganacsiga_ee__1479,Suuqa Khdaarta iyo Ganacsiga ee Qaybta 1479 (Shiraaqle),"Neighborhood open-air fresh market and commercial trade zone in Shiraaqle residential & commercial grid, Hargeisa",9.55573,44.10517,Markets & Malls,mall,Shiraaqle,False,ShoppingBag,Suuqyada & Xarumaha Ganacsiga
wda_xarunta_ganacsiga_supermarket_ee_1480,Xarunta Ganacsiga & Supermarket ee Qaybta 1480 (Koodbuur),"Modern multi-store retail grocery and provisions shopping center in Koodbuur residential & commercial grid, Hargeisa",9.56713,44.046,Markets & Malls,mall,Koodbuur,False,ShoppingBag,Suuqyada & Xarumaha Ganacsiga
wda_kaalinta_shidaalka_hass_national_1481,Kaalinta Shidaalka Hass / National ee Qaybta 1481 (Airport Zone / Masalaha),"Service petrol station, diesel dispenser and tire service in Airport Zone / Masalaha residential & commercial grid, Hargeisa",9.5119,44.09241,Fuel Stations (Kaalmaha Shidaalka),fuel,Airport Zone / Masalaha,False,Fuel,Kaalmaha Shidaalka
wda_kaalinta_shidaalka_gaaska_ee_qay_1482,Kaalinta Shidaalka & Gaaska ee Qaybta 1482 (Kilalka / Sheikh Nuur East),"Fuel station and LPG domestic gas distribution depot in Kilalka / Sheikh Nuur East residential & commercial grid, Hargeisa",9.56513,44.0985,Fuel Stations (Kaalmaha Shidaalka),fuel,Kilalka / Sheikh Nuur East,False,Fuel,Kaalmaha Shidaalka
wda_istaanka_gaadiidka_dadweynaha_ee_1483,Istaanka Gaadiidka Dadweynaha ee Qaybta 1483 (Goljano District),"Minibus terminal and designated passenger pick-and-drop stop in Goljano District residential & commercial grid, Hargeisa",9.55244,44.08464,Transport & Terminals,transit_station,Goljano District,False,Navigation,Istaannada & Gaadiidka
wda_isgoyska_weyn_ee_gaadiidka_ee_qa_1484,Isgoyska Weyn ee Gaadiidka ee Qaybta 1484 (Biyo Dhacay Area),"Major road intersection and inter-district transit artery in Biyo Dhacay Area residential & commercial grid, Hargeisa",9.55034,44.07747,Transport & Terminals,transit_station,Biyo Dhacay Area,False,Navigation,Istaannada & Gaadiidka
wda_huteelka_nasashada_martida_ee_qa_1485,Huteelka Nasashada & Martida ee Qaybta 1485 (Xero Awr / Hero Awr),"Comfortable guest lodging and family dining restaurant in Xero Awr / Hero Awr residential & commercial grid, Hargeisa",9.56014,44.05214,Hotels & Hospitality,hotel,Xero Awr / Hero Awr,False,Hotel,Huteellada & Maqaayadaha
wda_laanta_zaad_dahabshiil_ee_qaybta_1486,Laanta ZAAD & Dahabshiil ee Qaybta 1486 (Downtown Waheen),"Banking kiosk, e-remittance and ZAAD cash-in center in Downtown Waheen residential & commercial grid, Hargeisa",9.567,44.06977,Banks & Financial,bank,Downtown Waheen,False,Landmark,Bangiyada & Xawaaladaha
wda_laanta_taaj_edahab_express_ee_qa_1487,Laanta TAAJ & Edahab Express ee Qaybta 1487 (Jigjiga Yar),"Financial services, money transfer and remittance desk in Jigjiga Yar residential & commercial grid, Hargeisa",9.58425,44.03721,Banks & Financial,bank,Jigjiga Yar,False,Landmark,Bangiyada & Xawaaladaha
wda_xafiiska_adeegga_somtel_telesom__1488,Xafiiska Adeegga Somtel & Telesom ee Qaybta 1488 (Ahmed Dhagax),"Telecommunications branch, SIM registration and fiber service hub in Ahmed Dhagax residential & commercial grid, Hargeisa",9.5625,44.05265,Corporate & Utilities,corporate,Ahmed Dhagax,False,Building2,Shirkadaha & Isgaadhsiinta
wda_xarunta_korontada_sompower_ee_qa_1489,Xarunta Korontada Sompower ee Qaybta 1489 (150 Highway),"District electrical distribution and bill payment center in 150 Highway residential & commercial grid, Hargeisa",9.59025,44.0551,Corporate & Utilities,utility,150 Highway,False,Zap,Korontada & Biyaha
wda_xafiiska_waaxda_dowladda_hoose_e_1490,Xafiiska Waaxda Dowladda Hoose ee Qaybta 1490 (Shaab / Institutional District),"Municipal sub-office and local civic administration center in Shaab / Institutional District residential & commercial grid, Hargeisa",9.56484,44.06006,Government & Civic,government,Shaab / Institutional District,False,Landmark,Hay'adaha Dowladda
wda_xaafada_deganaanshaha_ee_qaybta__1491,Xaafada Deganaanshaha ee Qaybta 1491 (Maxamed Mooge),"Quiet residential enclave and community living sector in Maxamed Mooge residential & commercial grid, Hargeisa",9.52817,44.10524,Xaafadaha (Districts),neighborhood,Maxamed Mooge,False,Home,Xaafadaha & Degmooyinka
wda_cusbitaalka_gurmadka_caafimaadka_1492,Cusbitaalka Gurmadka Caafimaadka ee Qaybta 1492 (New Hargeisa),"Specialized neighborhood clinic & emergency health post in New Hargeisa residential & commercial grid, Hargeisa",9.56192,44.0978,Hospitals & Healthcare,hospital,New Hargeisa,False,HeartPulse,Cusbitaallada & Rugaha Caafimaadka
wda_rugta_daryeelka_hooyada_dhallaan_1493,Rugta Daryeelka Hooyada & Dhallaanka ee Qaybta 1493 (Daami),"Maternal and child care dispensary center in Daami residential & commercial grid, Hargeisa",9.58167,44.08436,Hospitals & Healthcare,hospital,Daami,False,HeartPulse,Cusbitaallada & Rugaha Caafimaadka
wda_farmasiga_shacabka_caafimaadka_e_1494,Farmasiga Shacabka & Caafimaadka ee Qaybta 1494 (Shiraaqle),"24/7 community pharmacy and dispensary outpost in Shiraaqle residential & commercial grid, Hargeisa",9.5705,44.10465,Hospitals & Healthcare,hospital,Shiraaqle,False,HeartPulse,Cusbitaallada & Rugaha Caafimaadka
wda_dugsiga_hoose_dhexe_ee_waxbarash_1495,Dugsiga Hoose/Dhexe ee Waxbarashada Qaybta 1495 (Koodbuur),"Public primary & intermediate school campus in Koodbuur residential & commercial grid, Hargeisa",9.58109,44.04551,Schools & Universities,school,Koodbuur,False,GraduationCap,Dugsiyada & Waxbarashada
wda_akadeemiyada_casriga_ah_ee_qaybt_1496,Akadeemiyada Casriga ah ee Qaybta 1496 (Airport Zone / Masalaha),"Modern high school and STEM educational institute in Airport Zone / Masalaha residential & commercial grid, Hargeisa",9.53242,44.09168,Schools & Universities,school,Airport Zone / Masalaha,False,GraduationCap,Dugsiyada & Waxbarashada
wda_machadka_tababarka_xirfadaha_ee__1497,Machadka Tababarka Xirfadaha ee Qaybta 1497 (Kilalka / Sheikh Nuur East),"Vocational and technical training college center in Kilalka / Sheikh Nuur East residential & commercial grid, Hargeisa",9.57909,44.09801,Schools & Universities,university,Kilalka / Sheikh Nuur East,False,GraduationCap,Jaamacadaha & Kuliyadaha
wda_masjidka_jaamaca_ee_qaybta_1498__1498,Masjidka Jaamaca ee Qaybta 1498 (Goljano District),"Congregational Friday mosque with community prayer hall in Goljano District residential & commercial grid, Hargeisa",9.56475,44.08421,Mosques (Masaajidda),place_of_worship,Goljano District,False,Moon,Masaajidda
wda_masjidka_al_imaan_ee_qaybta_1499_1499,Masjidka Al-Imaan ee Qaybta 1499 (Biyo Dhacay Area),"Neighborhood community mosque and Quranic learning hub in Biyo Dhacay Area residential & commercial grid, Hargeisa",9.56184,44.07706,Mosques (Masaajidda),place_of_worship,Biyo Dhacay Area,False,Moon,Masaajidda
